<?xml version = '1.0' encoding = 'UTF-8'?>
<dimensions xmlns="http://xmlns.oracle.com/metadata" xml:lang="en-US">
   <dimension id="XXBI_LEAD_ORG_NAMES_DIM" objectName="XXBI_LEAD_ORG_NAMES_DIM" application="XXCRM" createdBy="539150" creationDate="2010-04-30T14:51:06" lastUpdatedBy="539150" lastUpdateDate="2010-04-30T14:51:06" lastUpdateLogin="11182831" enabled="true" obsolete="false" systemMaintained="false" isTimeDimension="false">
      <displayName id="XXBI_LEAD_ORG_NAMES_DIMDisplayNameId">XXBI_LEAD_ORG_NAMES_DIM</displayName>
      <description id="XXBI_LEAD_ORG_NAMES_DIMDescriptionId">Lead Org Names</description>
      <dimensionLevels>
         <dimensionLevel id="XXBI_LEAD_ORG_NAMES_DO" objectName="XXBI_LEAD_ORG_NAMES_DO" application="XXCRM" createdBy="539150" creationDate="2010-04-30T14:51:07" lastUpdatedBy="539150" lastUpdateDate="2010-04-30T14:52:03" lastUpdateLogin="11182831" enabled="true" obsolete="false" systemMaintained="false" graphSortType="VALUE_DESC" allValueLabel="All" compValueLabel="Comparison">
            <displayName id="XXBI_LEAD_ORG_NAMES_DODisplayNameId">Lead Org Name</displayName>
            <description id="XXBI_LEAD_ORG_NAMES_DODescriptionId">Lead Org Names</description>
            <valueSource>
               <dataSource>
                  <table>XXBI_LEAD_ORG_NAMES_DIM_V</table>
               </dataSource>
               <column columnName="ID"/>
               <prototypeData>
                  <character id="XXBI_LEAD_ORG_NAMES_DOPrototypeData" prefix="XXBI_LEA"/>
               </prototypeData>
            </valueSource>
            <idColumn columnName="ID"/>
            <nameColumn columnName="NAME"/>
            <sortColumn columnName="NAME"/>
            <dimensionLevelRelationships/>
         </dimensionLevel>
      </dimensionLevels>
   </dimension>
   <dimension id="XXBI_LEAD_RANK_DIM" objectName="XXBI_LEAD_RANK_DIM" application="XXCRM" createdBy="996429" creationDate="2009-06-09T12:14:24" lastUpdatedBy="996429" lastUpdateDate="2009-06-09T12:14:24" lastUpdateLogin="5807056" enabled="true" obsolete="false" systemMaintained="false" isTimeDimension="false">
      <displayName id="XXBI_LEAD_RANK_DIMDisplayNameId">XXBI_LEAD_RANK_DIM</displayName>
      <dimensionLevels>
         <dimensionLevel id="XXBI_LEAD_RANK_DO" objectName="XXBI_LEAD_RANK_DO" application="XXCRM" createdBy="996429" creationDate="2009-06-09T12:14:24" lastUpdatedBy="996429" lastUpdateDate="2009-06-09T12:14:24" lastUpdateLogin="5807056" enabled="true" obsolete="false" systemMaintained="false" graphSortType="VALUE_DESC" allValueLabel="All" compValueLabel="Comparison">
            <displayName id="XXBI_LEAD_RANK_DODisplayNameId">XXBI_LEAD_RANK_DO</displayName>
            <description id="XXBI_LEAD_RANK_DODescriptionId">Leads Rank Dimension</description>
            <valueSource>
               <dataSource>
                  <table>XXBI_LEAD_RANK_DIM_V</table>
               </dataSource>
               <column columnName="ID"/>
               <prototypeData>
                  <character id="XXBI_LEAD_RANK_DOPrototypeData" prefix="XXBI_LEA"/>
               </prototypeData>
            </valueSource>
            <idColumn columnName="ID"/>
            <nameColumn columnName="NAME"/>
            <sortColumn columnName="NAME"/>
            <dimensionLevelRelationships/>
         </dimensionLevel>
      </dimensionLevels>
   </dimension>
   <dimension id="XXBI_MNGR_LVL2_DIM" objectName="XXBI_MNGR_LVL2_DIM" application="XXCRM" createdBy="539150" creationDate="2010-04-30T14:41:15" lastUpdatedBy="539150" lastUpdateDate="2010-04-30T14:41:15" lastUpdateLogin="11182831" enabled="true" obsolete="false" systemMaintained="false" isTimeDimension="false">
      <displayName id="XXBI_MNGR_LVL2_DIMDisplayNameId">XXBI_MNGR_LVL2_DIM</displayName>
      <description id="XXBI_MNGR_LVL2_DIMDescriptionId">Sales hierarchy second level managers</description>
      <dimensionLevels>
         <dimensionLevel id="XXBI_MNGR_LVL2_DO" objectName="XXBI_MNGR_LVL2_DO" application="XXCRM" createdBy="539150" creationDate="2010-04-30T14:41:15" lastUpdatedBy="539150" lastUpdateDate="2010-04-30T14:44:53" lastUpdateLogin="11182831" enabled="true" obsolete="false" systemMaintained="false" graphSortType="VALUE_DESC" allValueLabel="All" compValueLabel="Comparison">
            <displayName id="XXBI_MNGR_LVL2_DODisplayNameId">MGR2</displayName>
            <description id="XXBI_MNGR_LVL2_DODescriptionId">Sales hierarchy second level manager</description>
            <valueSource>
               <dataSource>
                  <table>XXBI_MNGR_LVL2_DIM_V</table>
               </dataSource>
               <column columnName="ID"/>
               <prototypeData>
                  <character id="XXBI_MNGR_LVL2_DOPrototypeData" prefix="XXBI_MNG"/>
               </prototypeData>
            </valueSource>
            <idColumn columnName="ID"/>
            <nameColumn columnName="NAME"/>
            <sortColumn columnName="NAME"/>
            <dimensionLevelRelationships/>
         </dimensionLevel>
      </dimensionLevels>
   </dimension>
   <dimension id="XXBI_LEAD_ORG_NUMBERS_DIM" objectName="XXBI_LEAD_ORG_NUMBERS_DIM" application="XXCRM" createdBy="539150" creationDate="2010-04-30T14:51:07" lastUpdatedBy="539150" lastUpdateDate="2010-04-30T14:51:07" lastUpdateLogin="11182831" enabled="true" obsolete="false" systemMaintained="false" isTimeDimension="false">
      <displayName id="XXBI_LEAD_ORG_NUMBERS_DIMDisplayNameId">XXBI_LEAD_ORG_NUMBERS_DIM</displayName>
      <description id="XXBI_LEAD_ORG_NUMBERS_DIMDescriptionId">Lead Org Numbers</description>
      <dimensionLevels>
         <dimensionLevel id="XXBI_LEAD_ORG_NUMBERS_DO" objectName="XXBI_LEAD_ORG_NUMBERS_DO" application="XXCRM" createdBy="539150" creationDate="2010-04-30T14:51:07" lastUpdatedBy="539150" lastUpdateDate="2010-04-30T14:52:38" lastUpdateLogin="11182831" enabled="true" obsolete="false" systemMaintained="false" graphSortType="VALUE_DESC" allValueLabel="All" compValueLabel="Comparison">
            <displayName id="XXBI_LEAD_ORG_NUMBERS_DODisplayNameId">Lead Org Number</displayName>
            <description id="XXBI_LEAD_ORG_NUMBERS_DODescriptionId">Lead Org Numbers</description>
            <valueSource>
               <dataSource>
                  <table>XXBI_LEAD_ORG_NUMBERS_DIM_V</table>
               </dataSource>
               <column columnName="ID"/>
               <prototypeData>
                  <character id="XXBI_LEAD_ORG_NUMBERS_DOPrototypeData" prefix="XXBI_LEA"/>
               </prototypeData>
            </valueSource>
            <idColumn columnName="ID"/>
            <nameColumn columnName="NAME"/>
            <sortColumn columnName="NAME"/>
            <dimensionLevelRelationships/>
         </dimensionLevel>
      </dimensionLevels>
   </dimension>
   <dimension id="XXBI_SOURCE_PROMOTIONS_DIM" objectName="XXBI_SOURCE_PROMOTIONS_DIM" application="XXCRM" createdBy="996429" creationDate="2009-06-09T12:14:24" lastUpdatedBy="996429" lastUpdateDate="2009-06-09T12:14:24" lastUpdateLogin="5807056" enabled="true" obsolete="false" systemMaintained="false" isTimeDimension="false">
      <displayName id="XXBI_SOURCE_PROMOTIONS_DIMDisplayNameId">XXBI_SOURCE_PROMOTIONS_DIM</displayName>
      <dimensionLevels>
         <dimensionLevel id="XXBI_SOURCE_PROMOTIONS_DO" objectName="XXBI_SOURCE_PROMOTIONS_DO" application="XXCRM" createdBy="996429" creationDate="2009-06-09T12:14:24" lastUpdatedBy="996429" lastUpdateDate="2009-06-09T12:14:24" lastUpdateLogin="5807056" enabled="true" obsolete="false" systemMaintained="false" graphSortType="VALUE_DESC" allValueLabel="All" compValueLabel="Comparison">
            <displayName id="XXBI_SOURCE_PROMOTIONS_DODisplayNameId">XXBI_SOURCE_PROMOTIONS_DO</displayName>
            <description id="XXBI_SOURCE_PROMOTIONS_DODescriptionId">Source Promotion Dimension For Leads
</description>
            <valueSource>
               <dataSource>
                  <table>XXBI_SOURCE_PROMOTIONS_DIM_V</table>
               </dataSource>
               <column columnName="ID"/>
               <prototypeData>
                  <character id="XXBI_SOURCE_PROMOTIONS_DOPrototypeData" prefix="XXBI_SOU"/>
               </prototypeData>
            </valueSource>
            <idColumn columnName="ID"/>
            <nameColumn columnName="NAME"/>
            <sortColumn columnName="NAME"/>
            <dimensionLevelRelationships/>
         </dimensionLevel>
      </dimensionLevels>
   </dimension>
   <dimension id="XXBI_MNGR_LVL1_DIM" objectName="XXBI_MNGR_LVL1_DIM" application="XXCRM" createdBy="539150" creationDate="2010-04-30T14:41:15" lastUpdatedBy="539150" lastUpdateDate="2010-04-30T14:41:15" lastUpdateLogin="11182831" enabled="true" obsolete="false" systemMaintained="false" isTimeDimension="false">
      <displayName id="XXBI_MNGR_LVL1_DIMDisplayNameId">XXBI_MNGR_LVL1_DIM</displayName>
      <description id="XXBI_MNGR_LVL1_DIMDescriptionId">Sales hierarchy first level manager</description>
      <dimensionLevels>
         <dimensionLevel id="XXBI_MNGR_LVL1_DO" objectName="XXBI_MNGR_LVL1_DO" application="XXCRM" createdBy="539150" creationDate="2010-04-30T14:41:15" lastUpdatedBy="539150" lastUpdateDate="2010-04-30T14:44:40" lastUpdateLogin="11182831" enabled="true" obsolete="false" systemMaintained="false" graphSortType="VALUE_DESC" allValueLabel="All" compValueLabel="Comparison">
            <displayName id="XXBI_MNGR_LVL1_DODisplayNameId">MGR1</displayName>
            <description id="XXBI_MNGR_LVL1_DODescriptionId">Sales hierarchy first level manager</description>
            <valueSource>
               <dataSource>
                  <table>XXBI_MNGR_LVL1_DIM_V</table>
               </dataSource>
               <column columnName="ID"/>
               <prototypeData>
                  <character id="XXBI_MNGR_LVL1_DOPrototypeData" prefix="XXBI_MNG"/>
               </prototypeData>
            </valueSource>
            <idColumn columnName="ID"/>
            <nameColumn columnName="NAME"/>
            <sortColumn columnName="NAME"/>
            <dimensionLevelRelationships/>
         </dimensionLevel>
      </dimensionLevels>
   </dimension>
   <dimension id="XXBI_CUST_CLASSIFICATION_DIM" objectName="XXBI_CUST_CLASSIFICATION_DIM" application="XXCRM" createdBy="539150" creationDate="2010-04-30T14:38:07" lastUpdatedBy="539150" lastUpdateDate="2010-04-30T14:38:07" lastUpdateLogin="11182831" enabled="true" obsolete="false" systemMaintained="false" isTimeDimension="false">
      <displayName id="XXBI_CUST_CLASSIFICATION_DIMDisplayNameId">XXBI_CUST_CLASSIFICATION_DIM</displayName>
      <description id="XXBI_CUST_CLASSIFICATION_DIMDescriptionId">Customer or Prospect</description>
      <dimensionLevels>
         <dimensionLevel id="XXBI_CUST_CLASSIFICATION_DO" objectName="XXBI_CUST_CLASSIFICATION_DO" application="XXCRM" createdBy="539150" creationDate="2010-04-30T14:38:08" lastUpdatedBy="539150" lastUpdateDate="2010-04-30T14:46:30" lastUpdateLogin="11182831" enabled="true" obsolete="false" systemMaintained="false" graphSortType="VALUE_DESC" allValueLabel="All" compValueLabel="Comparison">
            <displayName id="XXBI_CUST_CLASSIFICATION_DODisplayNameId">Customer/Prospect</displayName>
            <description id="XXBI_CUST_CLASSIFICATION_DODescriptionId">Customer or Prospect</description>
            <valueSource>
               <dataSource>
                  <table>XXBI_CUST_CLASSIFICATION_DIM_V</table>
               </dataSource>
               <column columnName="ID"/>
               <prototypeData>
                  <character id="XXBI_CUST_CLASSIFICATION_DOPrototypeData" prefix="XXBI_CUS"/>
               </prototypeData>
            </valueSource>
            <idColumn columnName="ID"/>
            <nameColumn columnName="NAME"/>
            <sortColumn columnName="NAME"/>
            <dimensionLevelRelationships/>
         </dimensionLevel>
      </dimensionLevels>
   </dimension>
   <dimension id="XXBI_LEAD_CLOSE_REASON_DIM" objectName="XXBI_LEAD_CLOSE_REASON_DIM" application="XXCRM" createdBy="996429" creationDate="2009-06-09T12:14:24" lastUpdatedBy="996429" lastUpdateDate="2009-06-09T12:14:24" lastUpdateLogin="5807056" enabled="true" obsolete="false" systemMaintained="false" isTimeDimension="false">
      <displayName id="XXBI_LEAD_CLOSE_REASON_DIMDisplayNameId">XXBI_LEAD_CLOSE_REASON_DIM</displayName>
      <dimensionLevels>
         <dimensionLevel id="XXBI_LEAD_CLOSE_REASON_DO" objectName="XXBI_LEAD_CLOSE_REASON_DO" application="XXCRM" createdBy="996429" creationDate="2009-06-09T12:14:24" lastUpdatedBy="996429" lastUpdateDate="2009-06-09T12:14:24" lastUpdateLogin="5807056" enabled="true" obsolete="false" systemMaintained="false" graphSortType="VALUE_DESC" allValueLabel="All" compValueLabel="Comparison">
            <displayName id="XXBI_LEAD_CLOSE_REASON_DODisplayNameId">XXBI_LEAD_CLOSE_REASON_DO</displayName>
            <description id="XXBI_LEAD_CLOSE_REASON_DODescriptionId">Close Reason For Leads
</description>
            <valueSource>
               <dataSource>
                  <table>XXBI_LEAD_CLOSE_REASON_DIM_V</table>
               </dataSource>
               <column columnName="ID"/>
               <prototypeData>
                  <character id="XXBI_LEAD_CLOSE_REASON_DOPrototypeData" prefix="XXBI_LEA"/>
               </prototypeData>
            </valueSource>
            <idColumn columnName="ID"/>
            <nameColumn columnName="NAME"/>
            <sortColumn columnName="NAME"/>
            <dimensionLevelRelationships/>
         </dimensionLevel>
      </dimensionLevels>
   </dimension>
   <dimension id="XXBI_REP_DIM" objectName="XXBI_REP_DIM" application="XXCRM" createdBy="539150" creationDate="2010-04-30T14:51:07" lastUpdatedBy="539150" lastUpdateDate="2010-04-30T14:51:07" lastUpdateLogin="11182831" enabled="true" obsolete="false" systemMaintained="false" isTimeDimension="false">
      <displayName id="XXBI_REP_DIMDisplayNameId">XXBI_REP_DIM</displayName>
      <description id="XXBI_REP_DIMDescriptionId">Sales hierachy reps (member level  only)</description>
      <dimensionLevels>
         <dimensionLevel id="XXBI_REP_DO" objectName="XXBI_REP_DO" application="XXCRM" createdBy="539150" creationDate="2010-04-30T14:51:07" lastUpdatedBy="539150" lastUpdateDate="2010-04-30T14:52:25" lastUpdateLogin="11182831" enabled="true" obsolete="false" systemMaintained="false" graphSortType="VALUE_DESC" allValueLabel="All" compValueLabel="Comparison">
            <displayName id="XXBI_REP_DODisplayNameId">Sales Rep</displayName>
            <description id="XXBI_REP_DODescriptionId">Sales reps (member level only)</description>
            <valueSource>
               <dataSource>
                  <table>XXBI_REP_DIM_V</table>
               </dataSource>
               <column columnName="ID"/>
               <prototypeData>
                  <character id="XXBI_REP_DOPrototypeData" prefix="XXBI_REP"/>
               </prototypeData>
            </valueSource>
            <idColumn columnName="ID"/>
            <nameColumn columnName="NAME"/>
            <sortColumn columnName="NAME"/>
            <dimensionLevelRelationships/>
         </dimensionLevel>
      </dimensionLevels>
   </dimension>
   <dimension id="XXBI_LEAD_NAMES_DIM" objectName="XXBI_LEAD_NAMES_DIM" application="XXCRM" createdBy="539150" creationDate="2010-04-30T14:51:07" lastUpdatedBy="539150" lastUpdateDate="2010-04-30T14:51:07" lastUpdateLogin="11182831" enabled="true" obsolete="false" systemMaintained="false" isTimeDimension="false">
      <displayName id="XXBI_LEAD_NAMES_DIMDisplayNameId">XXBI_LEAD_NAMES_DIM</displayName>
      <description id="XXBI_LEAD_NAMES_DIMDescriptionId">Sales Lead Names</description>
      <dimensionLevels>
         <dimensionLevel id="XXBI_LEAD_NAMES_DO" objectName="XXBI_LEAD_NAMES_DO" application="XXCRM" createdBy="539150" creationDate="2010-04-30T14:51:07" lastUpdatedBy="539150" lastUpdateDate="2010-04-30T14:51:45" lastUpdateLogin="11182831" enabled="true" obsolete="false" systemMaintained="false" graphSortType="VALUE_DESC" allValueLabel="All" compValueLabel="Comparison">
            <displayName id="XXBI_LEAD_NAMES_DODisplayNameId">Lead Name</displayName>
            <description id="XXBI_LEAD_NAMES_DODescriptionId">Lead Names</description>
            <valueSource>
               <dataSource>
                  <table>XXBI_LEAD_NAMES_DIM_V</table>
               </dataSource>
               <column columnName="ID"/>
               <prototypeData>
                  <character id="XXBI_LEAD_NAMES_DOPrototypeData" prefix="XXBI_LEA"/>
               </prototypeData>
            </valueSource>
            <idColumn columnName="ID"/>
            <nameColumn columnName="NAME"/>
            <sortColumn columnName="NAME"/>
            <dimensionLevelRelationships/>
         </dimensionLevel>
      </dimensionLevels>
   </dimension>
   <dimension id="XXBI_LEAD_STATUS_DIM" objectName="XXBI_LEAD_STATUS_DIM" application="XXCRM" createdBy="996429" creationDate="2009-06-09T12:14:23" lastUpdatedBy="996429" lastUpdateDate="2009-06-09T12:14:23" lastUpdateLogin="5807056" enabled="true" obsolete="false" systemMaintained="false" isTimeDimension="false">
      <displayName id="XXBI_LEAD_STATUS_DIMDisplayNameId">XXBI_LEAD_STATUS_DIM</displayName>
      <dimensionLevels>
         <dimensionLevel id="XXBI_LEAD_STATUS_DO" objectName="XXBI_LEAD_STATUS_DO" application="XXCRM" createdBy="996429" creationDate="2009-06-09T12:14:23" lastUpdatedBy="996429" lastUpdateDate="2009-06-09T12:14:23" lastUpdateLogin="5807056" enabled="true" obsolete="false" systemMaintained="false" graphSortType="VALUE_DESC" allValueLabel="All" compValueLabel="Comparison">
            <displayName id="XXBI_LEAD_STATUS_DODisplayNameId">XXBI_LEAD_STATUS_DO</displayName>
            <description id="XXBI_LEAD_STATUS_DODescriptionId">Lead Status Dimension</description>
            <valueSource>
               <dataSource>
                  <table>XXBI_LEAD_STATUS_DIM_V</table>
               </dataSource>
               <column columnName="ID"/>
               <prototypeData>
                  <character id="XXBI_LEAD_STATUS_DOPrototypeData" prefix="XXBI_LEA"/>
               </prototypeData>
            </valueSource>
            <idColumn columnName="ID"/>
            <nameColumn columnName="NAME"/>
            <sortColumn columnName="NAME"/>
            <dimensionLevelRelationships/>
         </dimensionLevel>
      </dimensionLevels>
   </dimension>
   <dimension id="XXBI_MEMBER_ROLES_DIM" objectName="XXBI_MEMBER_ROLES_DIM" application="XXCRM" createdBy="539150" creationDate="2010-04-30T14:41:17" lastUpdatedBy="539150" lastUpdateDate="2010-04-30T14:41:17" lastUpdateLogin="11182831" enabled="true" obsolete="false" systemMaintained="false" isTimeDimension="false">
      <displayName id="XXBI_MEMBER_ROLES_DIMDisplayNameId">XXBI_MEMBER_ROLES_DIM</displayName>
      <description id="XXBI_MEMBER_ROLES_DIMDescriptionId">Sales Member Roles</description>
      <dimensionLevels>
         <dimensionLevel id="XXBI_MEMBER_ROLES_DO" objectName="XXBI_MEMBER_ROLES_DO" application="XXCRM" createdBy="539150" creationDate="2010-04-30T14:41:17" lastUpdatedBy="539150" lastUpdateDate="2010-04-30T14:43:04" lastUpdateLogin="11182831" enabled="true" obsolete="false" systemMaintained="false" graphSortType="VALUE_DESC" allValueLabel="All" compValueLabel="Comparison">
            <displayName id="XXBI_MEMBER_ROLES_DODisplayNameId">Role Name</displayName>
            <description id="XXBI_MEMBER_ROLES_DODescriptionId">Sales Member Roles</description>
            <valueSource>
               <dataSource>
                  <table>XXBI_MEMBER_ROLES_DIM_V</table>
               </dataSource>
               <column columnName="ID"/>
               <prototypeData>
                  <character id="XXBI_MEMBER_ROLES_DOPrototypeData" prefix="XXBI_MEM"/>
               </prototypeData>
            </valueSource>
            <idColumn columnName="ID"/>
            <nameColumn columnName="NAME"/>
            <sortColumn columnName="NAME"/>
            <dimensionLevelRelationships/>
         </dimensionLevel>
      </dimensionLevels>
   </dimension>
   <dimension id="XXBI_LEAD_AGE_BUCKET_DIM" objectName="XXBI_LEAD_AGE_BUCKET_DIM" application="XXCRM" createdBy="996429" creationDate="2009-06-09T12:14:24" lastUpdatedBy="996429" lastUpdateDate="2009-06-09T12:14:24" lastUpdateLogin="5807056" enabled="true" obsolete="false" systemMaintained="false" isTimeDimension="false">
      <displayName id="XXBI_LEAD_AGE_BUCKET_DIMDisplayNameId">XXBI_LEAD_AGE_BUCKET_DIM</displayName>
      <dimensionLevels>
         <dimensionLevel id="XXBI_LEAD_AGE_BUCKET_DO" objectName="XXBI_LEAD_AGE_BUCKET_DO" application="XXCRM" createdBy="996429" creationDate="2009-06-09T12:14:24" lastUpdatedBy="996429" lastUpdateDate="2009-06-09T12:14:24" lastUpdateLogin="5807056" enabled="true" obsolete="false" systemMaintained="false" graphSortType="VALUE_DESC" allValueLabel="All" compValueLabel="Comparison">
            <displayName id="XXBI_LEAD_AGE_BUCKET_DODisplayNameId">XXBI_LEAD_AGE_BUCKET_DO</displayName>
            <description id="XXBI_LEAD_AGE_BUCKET_DODescriptionId">Age Bucket Dimension For Leads
</description>
            <valueSource>
               <dataSource>
                  <table>XXBI_LEAD_AGE_BUCKET_DIM_V</table>
               </dataSource>
               <column columnName="ID"/>
               <prototypeData>
                  <character id="XXBI_LEAD_AGE_BUCKET_DOPrototypeData" prefix="XXBI_LEA"/>
               </prototypeData>
            </valueSource>
            <idColumn columnName="ID"/>
            <nameColumn columnName="NAME"/>
            <sortColumn columnName="NAME"/>
            <dimensionLevelRelationships/>
         </dimensionLevel>
      </dimensionLevels>
   </dimension>
   <dimension id="XXBI_MNGR_LVL3_DIM" objectName="XXBI_MNGR_LVL3_DIM" application="XXCRM" createdBy="539150" creationDate="2010-04-30T14:41:17" lastUpdatedBy="539150" lastUpdateDate="2010-04-30T14:41:17" lastUpdateLogin="11182831" enabled="true" obsolete="false" systemMaintained="false" isTimeDimension="false">
      <displayName id="XXBI_MNGR_LVL3_DIMDisplayNameId">XXBI_MNGR_LVL3_DIM</displayName>
      <description id="XXBI_MNGR_LVL3_DIMDescriptionId">Sales hierarchy third level managers</description>
      <dimensionLevels>
         <dimensionLevel id="XXBI_MNGR_LVL3_DO" objectName="XXBI_MNGR_LVL3_DO" application="XXCRM" createdBy="539150" creationDate="2010-04-30T14:41:17" lastUpdatedBy="539150" lastUpdateDate="2010-04-30T14:42:33" lastUpdateLogin="11182831" enabled="true" obsolete="false" systemMaintained="false" graphSortType="VALUE_DESC" allValueLabel="All" compValueLabel="Comparison">
            <displayName id="XXBI_MNGR_LVL3_DODisplayNameId">MGR3</displayName>
            <description id="XXBI_MNGR_LVL3_DODescriptionId">Sales hierarchy third level manager</description>
            <valueSource>
               <dataSource>
                  <table>XXBI_MNGR_LVL3_DIM_V</table>
               </dataSource>
               <column columnName="ID"/>
               <prototypeData>
                  <character id="XXBI_MNGR_LVL3_DOPrototypeData" prefix="XXBI_MNG"/>
               </prototypeData>
            </valueSource>
            <idColumn columnName="ID"/>
            <nameColumn columnName="NAME"/>
            <sortColumn columnName="NAME"/>
            <dimensionLevelRelationships/>
         </dimensionLevel>
      </dimensionLevels>
   </dimension>
   <parameterGroups>
      <parameterGroup id="XXBI_LEAD_ORG_NAMES_DIM" objectName="XXBI_LEAD_ORG_NAMES_DIM" enabled="true" obsolete="false">
         <displayName id="XXBI_LEAD_ORG_NAMES_DIMDisplayNameId">XXBI_LEAD_ORG_NAMES_DIM</displayName>
         <description id="XXBI_LEAD_ORG_NAMES_DIMDescriptionId">Lead Org Names</description>
         <parameters>
            <parameter dimensionName="XXBI_LEAD_ORG_NAMES_DIM" dimensionLevelName="XXBI_LEAD_ORG_NAMES_DO" allEnabled="true" viewByEnabled="true" displayTypeWhenAllValuesInParent="DISPLAY" displayTypeWhenNoValuesAvailable="DISPLAY" whereClause="">
               <defaultValue>
                  <literal>ALL</literal>
               </defaultValue>
            </parameter>
         </parameters>
      </parameterGroup>
      <parameterGroup id="XXBI_LEAD_RANK_DIM" objectName="XXBI_LEAD_RANK_DIM" enabled="true" obsolete="false">
         <displayName id="XXBI_LEAD_RANK_DIMDisplayNameId">XXBI_LEAD_RANK_DIM</displayName>
         <description id="XXBI_LEAD_RANK_DIMDescriptionId"/>
         <parameters>
            <parameter dimensionName="XXBI_LEAD_RANK_DIM" dimensionLevelName="XXBI_LEAD_RANK_DO" allEnabled="true" viewByEnabled="true" displayTypeWhenAllValuesInParent="DISPLAY" displayTypeWhenNoValuesAvailable="DISPLAY" whereClause="">
               <defaultValue>
                  <literal>ALL</literal>
               </defaultValue>
            </parameter>
         </parameters>
      </parameterGroup>
      <parameterGroup id="XXBI_MNGR_LVL2_DIM" objectName="XXBI_MNGR_LVL2_DIM" enabled="true" obsolete="false">
         <displayName id="XXBI_MNGR_LVL2_DIMDisplayNameId">XXBI_MNGR_LVL2_DIM</displayName>
         <description id="XXBI_MNGR_LVL2_DIMDescriptionId">Sales hierarchy second level managers</description>
         <parameters>
            <parameter dimensionName="XXBI_MNGR_LVL2_DIM" dimensionLevelName="XXBI_MNGR_LVL2_DO" allEnabled="true" viewByEnabled="true" displayTypeWhenAllValuesInParent="DISPLAY" displayTypeWhenNoValuesAvailable="DISPLAY" whereClause="">
               <defaultValue>
                  <literal>ALL</literal>
               </defaultValue>
            </parameter>
         </parameters>
      </parameterGroup>
      <parameterGroup id="XXBI_LEAD_ORG_NUMBERS_DIM" objectName="XXBI_LEAD_ORG_NUMBERS_DIM" enabled="true" obsolete="false">
         <displayName id="XXBI_LEAD_ORG_NUMBERS_DIMDisplayNameId">XXBI_LEAD_ORG_NUMBERS_DIM</displayName>
         <description id="XXBI_LEAD_ORG_NUMBERS_DIMDescriptionId">Lead Org Numbers</description>
         <parameters>
            <parameter dimensionName="XXBI_LEAD_ORG_NUMBERS_DIM" dimensionLevelName="XXBI_LEAD_ORG_NUMBERS_DO" allEnabled="true" viewByEnabled="true" displayTypeWhenAllValuesInParent="DISPLAY" displayTypeWhenNoValuesAvailable="DISPLAY" whereClause="">
               <defaultValue>
                  <literal>ALL</literal>
               </defaultValue>
            </parameter>
         </parameters>
      </parameterGroup>
      <parameterGroup id="XXBI_SOURCE_PROMOTIONS_DIM" objectName="XXBI_SOURCE_PROMOTIONS_DIM" enabled="true" obsolete="false">
         <displayName id="XXBI_SOURCE_PROMOTIONS_DIMDisplayNameId">XXBI_SOURCE_PROMOTIONS_DIM</displayName>
         <description id="XXBI_SOURCE_PROMOTIONS_DIMDescriptionId"/>
         <parameters>
            <parameter dimensionName="XXBI_SOURCE_PROMOTIONS_DIM" dimensionLevelName="XXBI_SOURCE_PROMOTIONS_DO" allEnabled="true" viewByEnabled="true" displayTypeWhenAllValuesInParent="DISPLAY" displayTypeWhenNoValuesAvailable="DISPLAY" whereClause="">
               <defaultValue>
                  <literal>ALL</literal>
               </defaultValue>
            </parameter>
         </parameters>
      </parameterGroup>
      <parameterGroup id="XXBI_MNGR_LVL1_DIM" objectName="XXBI_MNGR_LVL1_DIM" enabled="true" obsolete="false">
         <displayName id="XXBI_MNGR_LVL1_DIMDisplayNameId">XXBI_MNGR_LVL1_DIM</displayName>
         <description id="XXBI_MNGR_LVL1_DIMDescriptionId">Sales hierarchy first level manager</description>
         <parameters>
            <parameter dimensionName="XXBI_MNGR_LVL1_DIM" dimensionLevelName="XXBI_MNGR_LVL1_DO" allEnabled="true" viewByEnabled="true" displayTypeWhenAllValuesInParent="DISPLAY" displayTypeWhenNoValuesAvailable="DISPLAY" whereClause="">
               <defaultValue>
                  <literal>ALL</literal>
               </defaultValue>
            </parameter>
         </parameters>
      </parameterGroup>
      <parameterGroup id="XXBI_CUST_CLASSIFICATION_DIM" objectName="XXBI_CUST_CLASSIFICATION_DIM" enabled="true" obsolete="false">
         <displayName id="XXBI_CUST_CLASSIFICATION_DIMDisplayNameId">XXBI_CUST_CLASSIFICATION_DIM</displayName>
         <description id="XXBI_CUST_CLASSIFICATION_DIMDescriptionId">Customer or Prospect</description>
         <parameters>
            <parameter dimensionName="XXBI_CUST_CLASSIFICATION_DIM" dimensionLevelName="XXBI_CUST_CLASSIFICATION_DO" allEnabled="true" viewByEnabled="true" displayTypeWhenAllValuesInParent="DISPLAY" displayTypeWhenNoValuesAvailable="DISPLAY" whereClause="">
               <defaultValue>
                  <literal>ALL</literal>
               </defaultValue>
            </parameter>
         </parameters>
      </parameterGroup>
      <parameterGroup id="XXBI_LEAD_CLOSE_REASON_DIM" objectName="XXBI_LEAD_CLOSE_REASON_DIM" enabled="true" obsolete="false">
         <displayName id="XXBI_LEAD_CLOSE_REASON_DIMDisplayNameId">XXBI_LEAD_CLOSE_REASON_DIM</displayName>
         <description id="XXBI_LEAD_CLOSE_REASON_DIMDescriptionId"/>
         <parameters>
            <parameter dimensionName="XXBI_LEAD_CLOSE_REASON_DIM" dimensionLevelName="XXBI_LEAD_CLOSE_REASON_DO" allEnabled="true" viewByEnabled="true" displayTypeWhenAllValuesInParent="DISPLAY" displayTypeWhenNoValuesAvailable="DISPLAY" whereClause="">
               <defaultValue>
                  <literal>ALL</literal>
               </defaultValue>
            </parameter>
         </parameters>
      </parameterGroup>
      <parameterGroup id="XXBI_REP_DIM" objectName="XXBI_REP_DIM" enabled="true" obsolete="false">
         <displayName id="XXBI_REP_DIMDisplayNameId">XXBI_REP_DIM</displayName>
         <description id="XXBI_REP_DIMDescriptionId">Sales hierachy reps (member level  only)</description>
         <parameters>
            <parameter dimensionName="XXBI_REP_DIM" dimensionLevelName="XXBI_REP_DO" allEnabled="true" viewByEnabled="true" displayTypeWhenAllValuesInParent="DISPLAY" displayTypeWhenNoValuesAvailable="DISPLAY" whereClause="">
               <defaultValue>
                  <literal>ALL</literal>
               </defaultValue>
            </parameter>
         </parameters>
      </parameterGroup>
      <parameterGroup id="XXBI_LEAD_NAMES_DIM" objectName="XXBI_LEAD_NAMES_DIM" enabled="true" obsolete="false">
         <displayName id="XXBI_LEAD_NAMES_DIMDisplayNameId">XXBI_LEAD_NAMES_DIM</displayName>
         <description id="XXBI_LEAD_NAMES_DIMDescriptionId">Sales Lead Names</description>
         <parameters>
            <parameter dimensionName="XXBI_LEAD_NAMES_DIM" dimensionLevelName="XXBI_LEAD_NAMES_DO" allEnabled="true" viewByEnabled="true" displayTypeWhenAllValuesInParent="DISPLAY" displayTypeWhenNoValuesAvailable="DISPLAY" whereClause="">
               <defaultValue>
                  <literal>ALL</literal>
               </defaultValue>
            </parameter>
         </parameters>
      </parameterGroup>
      <parameterGroup id="XXBI_LEAD_STATUS_DIM" objectName="XXBI_LEAD_STATUS_DIM" enabled="true" obsolete="false">
         <displayName id="XXBI_LEAD_STATUS_DIMDisplayNameId">XXBI_LEAD_STATUS_DIM</displayName>
         <description id="XXBI_LEAD_STATUS_DIMDescriptionId"/>
         <parameters>
            <parameter dimensionName="XXBI_LEAD_STATUS_DIM" dimensionLevelName="XXBI_LEAD_STATUS_DO" allEnabled="true" viewByEnabled="true" displayTypeWhenAllValuesInParent="DISPLAY" displayTypeWhenNoValuesAvailable="DISPLAY" whereClause="">
               <defaultValue>
                  <literal>ALL</literal>
               </defaultValue>
            </parameter>
         </parameters>
      </parameterGroup>
      <parameterGroup id="XXBI_MEMBER_ROLES_DIM" objectName="XXBI_MEMBER_ROLES_DIM" enabled="true" obsolete="false">
         <displayName id="XXBI_MEMBER_ROLES_DIMDisplayNameId">XXBI_MEMBER_ROLES_DIM</displayName>
         <description id="XXBI_MEMBER_ROLES_DIMDescriptionId">Sales Member Roles</description>
         <parameters>
            <parameter dimensionName="XXBI_MEMBER_ROLES_DIM" dimensionLevelName="XXBI_MEMBER_ROLES_DO" allEnabled="true" viewByEnabled="true" displayTypeWhenAllValuesInParent="DISPLAY" displayTypeWhenNoValuesAvailable="DISPLAY" whereClause="">
               <defaultValue>
                  <literal>ALL</literal>
               </defaultValue>
            </parameter>
         </parameters>
      </parameterGroup>
      <parameterGroup id="XXBI_LEAD_AGE_BUCKET_DIM" objectName="XXBI_LEAD_AGE_BUCKET_DIM" enabled="true" obsolete="false">
         <displayName id="XXBI_LEAD_AGE_BUCKET_DIMDisplayNameId">XXBI_LEAD_AGE_BUCKET_DIM</displayName>
         <description id="XXBI_LEAD_AGE_BUCKET_DIMDescriptionId"/>
         <parameters>
            <parameter dimensionName="XXBI_LEAD_AGE_BUCKET_DIM" dimensionLevelName="XXBI_LEAD_AGE_BUCKET_DO" allEnabled="true" viewByEnabled="true" displayTypeWhenAllValuesInParent="DISPLAY" displayTypeWhenNoValuesAvailable="DISPLAY" whereClause="">
               <defaultValue>
                  <literal>ALL</literal>
               </defaultValue>
            </parameter>
         </parameters>
      </parameterGroup>
      <parameterGroup id="XXBI_MNGR_LVL3_DIM" objectName="XXBI_MNGR_LVL3_DIM" enabled="true" obsolete="false">
         <displayName id="XXBI_MNGR_LVL3_DIMDisplayNameId">XXBI_MNGR_LVL3_DIM</displayName>
         <description id="XXBI_MNGR_LVL3_DIMDescriptionId">Sales hierarchy third level managers</description>
         <parameters>
            <parameter dimensionName="XXBI_MNGR_LVL3_DIM" dimensionLevelName="XXBI_MNGR_LVL3_DO" allEnabled="true" viewByEnabled="true" displayTypeWhenAllValuesInParent="DISPLAY" displayTypeWhenNoValuesAvailable="DISPLAY" whereClause="">
               <defaultValue>
                  <literal>ALL</literal>
               </defaultValue>
            </parameter>
         </parameters>
      </parameterGroup>
      <parameterGroup id="XXBI_LEAD_RPRT_DTL_MGR" objectName="XXBI_LEAD_RPRT_DTL_MGR" enabled="true" obsolete="false">
         <displayName id="XXBI_LEAD_RPRT_DTL_MGRDisplayNameId">Leads</displayName>
         <description id="XXBI_LEAD_RPRT_DTL_MGRDescriptionId"/>
         <parameters>
            <parameter dimensionName="XXBI_LEAD_ORG_NAMES_DIM" dimensionLevelName="XXBI_LEAD_ORG_NAMES_DO" allEnabled="true" viewByEnabled="true" displayTypeWhenAllValuesInParent="DISPLAY" displayTypeWhenNoValuesAvailable="DISPLAY" whereClause="">
               <defaultValue>
                  <literal>ALL</literal>
               </defaultValue>
            </parameter>
            <parameter dimensionName="XXBI_LEAD_RANK_DIM" dimensionLevelName="XXBI_LEAD_RANK_DO" allEnabled="true" viewByEnabled="true" displayTypeWhenAllValuesInParent="DISPLAY" displayTypeWhenNoValuesAvailable="DISPLAY" whereClause="">
               <defaultValue>
                  <literal>ALL</literal>
               </defaultValue>
            </parameter>
            <parameter dimensionName="XXBI_MNGR_LVL2_DIM" dimensionLevelName="XXBI_MNGR_LVL2_DO" allEnabled="true" viewByEnabled="true" displayTypeWhenAllValuesInParent="DISPLAY" displayTypeWhenNoValuesAvailable="DISPLAY" whereClause="">
               <defaultValue>
                  <literal>ALL</literal>
               </defaultValue>
            </parameter>
            <parameter dimensionName="XXBI_LEAD_ORG_NUMBERS_DIM" dimensionLevelName="XXBI_LEAD_ORG_NUMBERS_DO" allEnabled="true" viewByEnabled="true" displayTypeWhenAllValuesInParent="DISPLAY" displayTypeWhenNoValuesAvailable="DISPLAY" whereClause="">
               <defaultValue>
                  <literal>ALL</literal>
               </defaultValue>
            </parameter>
            <parameter dimensionName="XXBI_SOURCE_PROMOTIONS_DIM" dimensionLevelName="XXBI_SOURCE_PROMOTIONS_DO" allEnabled="true" viewByEnabled="true" displayTypeWhenAllValuesInParent="DISPLAY" displayTypeWhenNoValuesAvailable="DISPLAY" whereClause="">
               <defaultValue>
                  <literal>ALL</literal>
               </defaultValue>
            </parameter>
            <parameter dimensionName="XXBI_MNGR_LVL1_DIM" dimensionLevelName="XXBI_MNGR_LVL1_DO" allEnabled="true" viewByEnabled="true" displayTypeWhenAllValuesInParent="DISPLAY" displayTypeWhenNoValuesAvailable="DISPLAY" whereClause="">
               <defaultValue>
                  <literal>ALL</literal>
               </defaultValue>
            </parameter>
            <parameter dimensionName="XXBI_CUST_CLASSIFICATION_DIM" dimensionLevelName="XXBI_CUST_CLASSIFICATION_DO" allEnabled="true" viewByEnabled="true" displayTypeWhenAllValuesInParent="DISPLAY" displayTypeWhenNoValuesAvailable="DISPLAY" whereClause="">
               <defaultValue>
                  <literal>ALL</literal>
               </defaultValue>
            </parameter>
            <parameter dimensionName="XXBI_LEAD_CLOSE_REASON_DIM" dimensionLevelName="XXBI_LEAD_CLOSE_REASON_DO" allEnabled="true" viewByEnabled="true" displayTypeWhenAllValuesInParent="DISPLAY" displayTypeWhenNoValuesAvailable="DISPLAY" whereClause="">
               <defaultValue>
                  <literal>ALL</literal>
               </defaultValue>
            </parameter>
            <parameter dimensionName="XXBI_REP_DIM" dimensionLevelName="XXBI_REP_DO" allEnabled="true" viewByEnabled="true" displayTypeWhenAllValuesInParent="DISPLAY" displayTypeWhenNoValuesAvailable="DISPLAY" whereClause="">
               <defaultValue>
                  <literal>ALL</literal>
               </defaultValue>
            </parameter>
            <parameter dimensionName="XXBI_LEAD_NAMES_DIM" dimensionLevelName="XXBI_LEAD_NAMES_DO" allEnabled="true" viewByEnabled="true" displayTypeWhenAllValuesInParent="DISPLAY" displayTypeWhenNoValuesAvailable="DISPLAY" whereClause="">
               <defaultValue>
                  <literal>ALL</literal>
               </defaultValue>
            </parameter>
            <parameter dimensionName="XXBI_LEAD_STATUS_DIM" dimensionLevelName="XXBI_LEAD_STATUS_DO" allEnabled="true" viewByEnabled="true" displayTypeWhenAllValuesInParent="DISPLAY" displayTypeWhenNoValuesAvailable="DISPLAY" whereClause="">
               <defaultValue>
                  <literal>ALL</literal>
               </defaultValue>
            </parameter>
            <parameter dimensionName="XXBI_MEMBER_ROLES_DIM" dimensionLevelName="XXBI_MEMBER_ROLES_DO" allEnabled="true" viewByEnabled="true" displayTypeWhenAllValuesInParent="DISPLAY" displayTypeWhenNoValuesAvailable="DISPLAY" whereClause="">
               <defaultValue>
                  <literal>ALL</literal>
               </defaultValue>
            </parameter>
            <parameter dimensionName="XXBI_LEAD_AGE_BUCKET_DIM" dimensionLevelName="XXBI_LEAD_AGE_BUCKET_DO" allEnabled="true" viewByEnabled="true" displayTypeWhenAllValuesInParent="DISPLAY" displayTypeWhenNoValuesAvailable="DISPLAY" whereClause="">
               <defaultValue>
                  <literal>ALL</literal>
               </defaultValue>
            </parameter>
            <parameter dimensionName="XXBI_MNGR_LVL3_DIM" dimensionLevelName="XXBI_MNGR_LVL3_DO" allEnabled="true" viewByEnabled="true" displayTypeWhenAllValuesInParent="DISPLAY" displayTypeWhenNoValuesAvailable="DISPLAY" whereClause="">
               <defaultValue>
                  <literal>ALL</literal>
               </defaultValue>
            </parameter>
         </parameters>
      </parameterGroup>
   </parameterGroups>
</dimensions>
