"ASLX_SYNC_LOGIN","Sync Login"
"ASLX_USER_NAME","User Name"
"ASLX_PASSWORD","Password"
"ASLX_SERVER_NAME","Server Name"
"ASLX_SERVER_PORT","Server Port"
"ASLX_UPLOAD_CHANGES","Upload MyChanges"
"ASLX_OK","OK"
"ASLX_CANCEL","Cancel"
"ASLX_SYNC","Sync"
"ASLX_NEW_REQUEST","New Request"
"ASLX_SELECT","Select"
"ASLX_REQUEST_ID","Request ID"
"ASLX_ORGANIZATION_NAME","Organization Name"
"ASLX_COUNTRY","Country"
"ASLX_BILL_ADDRESS","Bill to Address"
"ASLX_CONTACT","Contact"
"ASLX_REQUEST_CREATION_DATE","Request Creation Date"
"ASLX_REQUEST_STATUS","Request Status"
"ASLX_STATUS_TRANSITION_DATE","Status Transition Date"
"ASLX_ERROR_MESSAGE","Error Message"
"ASLX_INDICATES_REQUIRED_FIELD","* Indicates required field"
"ASLX_SETUP_CONTRACT_PRICING","Setup Contract & Pricing"
"ASLX_CUSTOMER","Customer"
"ASLX_BILL_SITE","Bill To Site"
"ASLX_SHIP_SITE","Ship To Site"
"ASLX_PHONE_NUMBER","Phone Number"
"ASLX_COUNTRY_CODE","Country Code"
"ASLX_AREA_CODE","Area Code"
"ASLX_NUMBER","Number"
"ASLX_EXTENSION","Extension"
"ASLX_PREFIX","Prefix"
"ASLX_FIRST_NAME","First Name"
"ASLX_MIDDLE_NAME","Middle Name"
"ASLX_LAST_NAME","Last Name"
"ASLX_ACCOUNT_SETUP_COMMENTS","Account Setup Comments"
"ASLX_CUSTOMIZED_FIELDS","Customized Fields"
"ASLX_DEFAULT_PAGE_DEFINITIONS","Default Page Definitions"
"ASLX_RENAMED_FIELDS","Renamed Fields"
"ASLX_PO_VALIDATED","PO Validated"
"ASLX_RELEASE_VALIDATED","Release Validated"
"ASLX_DEPARTMENT_VALIDATED","Department Validated"
"ASLX_DESKTOP_VALIDATED","Desktop Validated"
"ASLX_DEFAULTS","Defaults"
"ASLX_A_FAX","A Fax"
"ASLX_FAX_ORDERS","Fax Orders"
"ASLX_SUBSTITUTIONS","Substitutions"
"ASLX_FRIEGHT_CHARGES","Frieght Charges"
"ASLX_BACK_ORDERS","Back Orders"
"ASLX_DOCUMENT_REQUESTS","Document Requests"
"ASLX_DELIVERY_DOCUMENT","Delivery Document"
"ASLX_DELIVERY_DOCUMENT_TYPE","Delivery Document Type"
"ASLX_PRINT_INVOICE","Print Invoice"
"ASLX_RENAME_PACKING_LIST","Rename to Packing List"
"ASLX_DISPLAY_PAYMENT_METHOD","Display Payment Method"
"ASLX_DISPLAY_BACK_ORDERS","Display Back Orders"
"ASLX_DISPLAY_PURCHASE_ORDERS","Display Purchase Orders"
"ASLX_DISPLAY_PRICES","Display Prices"
"ASLX_PAYMENT_METHOD","Payment Method"
"ASLX_PROCUREMENT_CARD","Procurement Card"
"ASLX_DOCUMENTS","Documents"
"ASLX_ADD_CUSTOM_DOCUMENT","Add Custom Document"
"ASLX_DELETE_DOCUMENT","Delete Document"
"ASLX_SELECT","Select"
"ASLX_DOCUMENT_TYPE","Document Type"
"ASLX_DOCUMENT_NAME","Document Name"
"ASLX_DETAIL","Detail"
"ASLX_FREQUENCY","Frequency"
"ASLX_INDIRECT","Indirect?"
"ASLX_INCL_BACKUP_INV","Incl Backup Inv?"
"ASLX_SORTS","Sorts"
"ASLX_TOTALS","Totals"
"ASLX_PAGE_BREAK","Page Break"
"ASLX_GO","Go"
"ASLX_SAVE","Save"
"ASLX_SORT_BY","Sort By"
"ASLX_MAILTO","mailto"
"ASLX_COLON",":"
"ASLX_CLICK_FOR_DETAILS","Click for details"
"ASLX_CLICK_OPEN_BROWSER","Click to open browser"
"ASLX_CLICK_SEND_EMAIL","Click to send email"