<?xml version="1.0" encoding='windows-1252'?>
<!DOCTYPE Entity SYSTEM "jbo_03_01.dtd">

<Entity
   Name="ODEBillFileNameEO"
   DBObjectType="synonym"
   DBObjectName="XX_CDH_EBL_FILE_NAME_DTL"
   AliasName="ODEBillFileNameEO"
   BindingStyle="Oracle"
   UseGlueCode="false"
   CodeGenFlag="79"
   RowClass="od.oracle.apps.xxcrm.cdh.ebl.eblmain.schema.server.ODEBillFileNameEOImpl"
   DefClass="oracle.apps.fnd.framework.server.OAEntityDefImpl"
   CollClass="oracle.apps.fnd.framework.server.OAEntityCache" >
   <DesignTime>
      <Attr Name="_isCodegen" Value="true" />
      <Attr Name="_version" Value="9.0.3.12.53" />
      <AttrArray Name="_publishEvents">
      </AttrArray>
   </DesignTime>
   <Attribute
      Name="EblFileNameId"
      Precision="15"
      Scale="0"
      Type="oracle.jbo.domain.Number"
      ColumnName="EBL_FILE_NAME_ID"
      ColumnType="NUMBER"
      SQLType="NUMERIC"
      TableName="XX_CDH_EBL_FILE_NAME_DTL"
      PrimaryKey="true" >
      <DesignTime>
         <Attr Name="_DisplaySize" Value="22" />
      </DesignTime>
   </Attribute>
   <Attribute
      Name="CustDocId"
      Precision="15"
      Scale="0"
      Type="oracle.jbo.domain.Number"
      ColumnName="CUST_DOC_ID"
      ColumnType="NUMBER"
      SQLType="NUMERIC"
      TableName="XX_CDH_EBL_FILE_NAME_DTL" >
      <DesignTime>
         <Attr Name="_DisplaySize" Value="22" />
      </DesignTime>
   </Attribute>
   <Attribute
      Name="FileNameOrderSeq"
      Precision="15"
      Scale="0"
      Type="oracle.jbo.domain.Number"
      ColumnName="FILE_NAME_ORDER_SEQ"
      ColumnType="NUMBER"
      SQLType="NUMERIC"
      TableName="XX_CDH_EBL_FILE_NAME_DTL" >
      <DesignTime>
         <Attr Name="_DisplaySize" Value="22" />
      </DesignTime>
   </Attribute>
   <Attribute
      Name="FieldId"
      Precision="15"
      Scale="0"
      Type="oracle.jbo.domain.Number"
      ColumnName="FIELD_ID"
      ColumnType="NUMBER"
      SQLType="NUMERIC"
      TableName="XX_CDH_EBL_FILE_NAME_DTL" >
      <DesignTime>
         <Attr Name="_DisplaySize" Value="22" />
      </DesignTime>
   </Attribute>
   <Attribute
      Name="ConstantValue"
      Precision="256"
      Type="java.lang.String"
      ColumnName="CONSTANT_VALUE"
      ColumnType="VARCHAR2"
      SQLType="VARCHAR"
      TableName="XX_CDH_EBL_FILE_NAME_DTL" >
      <DesignTime>
         <Attr Name="_DisplaySize" Value="256" />
      </DesignTime>
   </Attribute>
   <Attribute
      Name="DefaultIfNull"
      Precision="256"
      Type="java.lang.String"
      ColumnName="DEFAULT_IF_NULL"
      ColumnType="VARCHAR2"
      SQLType="VARCHAR"
      TableName="XX_CDH_EBL_FILE_NAME_DTL" >
      <DesignTime>
         <Attr Name="_DisplaySize" Value="256" />
      </DesignTime>
   </Attribute>
   <Attribute
      Name="Comments"
      Precision="256"
      Type="java.lang.String"
      ColumnName="COMMENTS"
      ColumnType="VARCHAR2"
      SQLType="VARCHAR"
      TableName="XX_CDH_EBL_FILE_NAME_DTL" >
      <DesignTime>
         <Attr Name="_DisplaySize" Value="256" />
      </DesignTime>
   </Attribute>
   <Attribute
      Name="Attribute1"
      Precision="150"
      Type="java.lang.String"
      ColumnName="ATTRIBUTE1"
      ColumnType="VARCHAR2"
      SQLType="VARCHAR"
      TableName="XX_CDH_EBL_FILE_NAME_DTL" >
      <DesignTime>
         <Attr Name="_DisplaySize" Value="150" />
      </DesignTime>
   </Attribute>
   <Attribute
      Name="Attribute2"
      Precision="150"
      Type="java.lang.String"
      ColumnName="ATTRIBUTE2"
      ColumnType="VARCHAR2"
      SQLType="VARCHAR"
      TableName="XX_CDH_EBL_FILE_NAME_DTL" >
      <DesignTime>
         <Attr Name="_DisplaySize" Value="150" />
      </DesignTime>
   </Attribute>
   <Attribute
      Name="Attribute3"
      Precision="150"
      Type="java.lang.String"
      ColumnName="ATTRIBUTE3"
      ColumnType="VARCHAR2"
      SQLType="VARCHAR"
      TableName="XX_CDH_EBL_FILE_NAME_DTL" >
      <DesignTime>
         <Attr Name="_DisplaySize" Value="150" />
      </DesignTime>
   </Attribute>
   <Attribute
      Name="Attribute4"
      Precision="150"
      Type="java.lang.String"
      ColumnName="ATTRIBUTE4"
      ColumnType="VARCHAR2"
      SQLType="VARCHAR"
      TableName="XX_CDH_EBL_FILE_NAME_DTL" >
      <DesignTime>
         <Attr Name="_DisplaySize" Value="150" />
      </DesignTime>
   </Attribute>
   <Attribute
      Name="Attribute5"
      Precision="150"
      Type="java.lang.String"
      ColumnName="ATTRIBUTE5"
      ColumnType="VARCHAR2"
      SQLType="VARCHAR"
      TableName="XX_CDH_EBL_FILE_NAME_DTL" >
      <DesignTime>
         <Attr Name="_DisplaySize" Value="150" />
      </DesignTime>
   </Attribute>
   <Attribute
      Name="Attribute6"
      Precision="150"
      Type="java.lang.String"
      ColumnName="ATTRIBUTE6"
      ColumnType="VARCHAR2"
      SQLType="VARCHAR"
      TableName="XX_CDH_EBL_FILE_NAME_DTL" >
      <DesignTime>
         <Attr Name="_DisplaySize" Value="150" />
      </DesignTime>
   </Attribute>
   <Attribute
      Name="Attribute7"
      Precision="150"
      Type="java.lang.String"
      ColumnName="ATTRIBUTE7"
      ColumnType="VARCHAR2"
      SQLType="VARCHAR"
      TableName="XX_CDH_EBL_FILE_NAME_DTL" >
      <DesignTime>
         <Attr Name="_DisplaySize" Value="150" />
      </DesignTime>
   </Attribute>
   <Attribute
      Name="Attribute8"
      Precision="150"
      Type="java.lang.String"
      ColumnName="ATTRIBUTE8"
      ColumnType="VARCHAR2"
      SQLType="VARCHAR"
      TableName="XX_CDH_EBL_FILE_NAME_DTL" >
      <DesignTime>
         <Attr Name="_DisplaySize" Value="150" />
      </DesignTime>
   </Attribute>
   <Attribute
      Name="Attribute9"
      Precision="150"
      Type="java.lang.String"
      ColumnName="ATTRIBUTE9"
      ColumnType="VARCHAR2"
      SQLType="VARCHAR"
      TableName="XX_CDH_EBL_FILE_NAME_DTL" >
      <DesignTime>
         <Attr Name="_DisplaySize" Value="150" />
      </DesignTime>
   </Attribute>
   <Attribute
      Name="Attribute10"
      Precision="150"
      Type="java.lang.String"
      ColumnName="ATTRIBUTE10"
      ColumnType="VARCHAR2"
      SQLType="VARCHAR"
      TableName="XX_CDH_EBL_FILE_NAME_DTL" >
      <DesignTime>
         <Attr Name="_DisplaySize" Value="150" />
      </DesignTime>
   </Attribute>
   <Attribute
      Name="Attribute11"
      Precision="150"
      Type="java.lang.String"
      ColumnName="ATTRIBUTE11"
      ColumnType="VARCHAR2"
      SQLType="VARCHAR"
      TableName="XX_CDH_EBL_FILE_NAME_DTL" >
      <DesignTime>
         <Attr Name="_DisplaySize" Value="150" />
      </DesignTime>
   </Attribute>
   <Attribute
      Name="Attribute12"
      Precision="150"
      Type="java.lang.String"
      ColumnName="ATTRIBUTE12"
      ColumnType="VARCHAR2"
      SQLType="VARCHAR"
      TableName="XX_CDH_EBL_FILE_NAME_DTL" >
      <DesignTime>
         <Attr Name="_DisplaySize" Value="150" />
      </DesignTime>
   </Attribute>
   <Attribute
      Name="Attribute13"
      Precision="150"
      Type="java.lang.String"
      ColumnName="ATTRIBUTE13"
      ColumnType="VARCHAR2"
      SQLType="VARCHAR"
      TableName="XX_CDH_EBL_FILE_NAME_DTL" >
      <DesignTime>
         <Attr Name="_DisplaySize" Value="150" />
      </DesignTime>
   </Attribute>
   <Attribute
      Name="Attribute14"
      Precision="150"
      Type="java.lang.String"
      ColumnName="ATTRIBUTE14"
      ColumnType="VARCHAR2"
      SQLType="VARCHAR"
      TableName="XX_CDH_EBL_FILE_NAME_DTL" >
      <DesignTime>
         <Attr Name="_DisplaySize" Value="150" />
      </DesignTime>
   </Attribute>
   <Attribute
      Name="Attribute15"
      Precision="150"
      Type="java.lang.String"
      ColumnName="ATTRIBUTE15"
      ColumnType="VARCHAR2"
      SQLType="VARCHAR"
      TableName="XX_CDH_EBL_FILE_NAME_DTL" >
      <DesignTime>
         <Attr Name="_DisplaySize" Value="150" />
      </DesignTime>
   </Attribute>
   <Attribute
      Name="Attribute16"
      Precision="150"
      Type="java.lang.String"
      ColumnName="ATTRIBUTE16"
      ColumnType="VARCHAR2"
      SQLType="VARCHAR"
      TableName="XX_CDH_EBL_FILE_NAME_DTL" >
      <DesignTime>
         <Attr Name="_DisplaySize" Value="150" />
      </DesignTime>
   </Attribute>
   <Attribute
      Name="Attribute17"
      Precision="150"
      Type="java.lang.String"
      ColumnName="ATTRIBUTE17"
      ColumnType="VARCHAR2"
      SQLType="VARCHAR"
      TableName="XX_CDH_EBL_FILE_NAME_DTL" >
      <DesignTime>
         <Attr Name="_DisplaySize" Value="150" />
      </DesignTime>
   </Attribute>
   <Attribute
      Name="Attribute18"
      Precision="150"
      Type="java.lang.String"
      ColumnName="ATTRIBUTE18"
      ColumnType="VARCHAR2"
      SQLType="VARCHAR"
      TableName="XX_CDH_EBL_FILE_NAME_DTL" >
      <DesignTime>
         <Attr Name="_DisplaySize" Value="150" />
      </DesignTime>
   </Attribute>
   <Attribute
      Name="Attribute19"
      Precision="150"
      Type="java.lang.String"
      ColumnName="ATTRIBUTE19"
      ColumnType="VARCHAR2"
      SQLType="VARCHAR"
      TableName="XX_CDH_EBL_FILE_NAME_DTL" >
      <DesignTime>
         <Attr Name="_DisplaySize" Value="150" />
      </DesignTime>
   </Attribute>
   <Attribute
      Name="Attribute20"
      Precision="150"
      Type="java.lang.String"
      ColumnName="ATTRIBUTE20"
      ColumnType="VARCHAR2"
      SQLType="VARCHAR"
      TableName="XX_CDH_EBL_FILE_NAME_DTL" >
      <DesignTime>
         <Attr Name="_DisplaySize" Value="150" />
      </DesignTime>
   </Attribute>
   <Attribute
      Name="LastUpdateDate"
      Type="oracle.jbo.domain.Date"
      ColumnName="LAST_UPDATE_DATE"
      ColumnType="DATE"
      SQLType="TIMESTAMP"
      TableName="XX_CDH_EBL_FILE_NAME_DTL" >
      <DesignTime>
         <Attr Name="_DisplaySize" Value="7" />
      </DesignTime>
   </Attribute>
   <Attribute
      Name="LastUpdatedBy"
      Precision="15"
      Scale="0"
      Type="oracle.jbo.domain.Number"
      ColumnName="LAST_UPDATED_BY"
      ColumnType="NUMBER"
      SQLType="NUMERIC"
      TableName="XX_CDH_EBL_FILE_NAME_DTL" >
      <DesignTime>
         <Attr Name="_DisplaySize" Value="22" />
      </DesignTime>
   </Attribute>
   <Attribute
      Name="CreationDate"
      Type="oracle.jbo.domain.Date"
      ColumnName="CREATION_DATE"
      ColumnType="DATE"
      SQLType="TIMESTAMP"
      TableName="XX_CDH_EBL_FILE_NAME_DTL" >
      <DesignTime>
         <Attr Name="_DisplaySize" Value="7" />
      </DesignTime>
   </Attribute>
   <Attribute
      Name="CreatedBy"
      Precision="15"
      Scale="0"
      Type="oracle.jbo.domain.Number"
      ColumnName="CREATED_BY"
      ColumnType="NUMBER"
      SQLType="NUMERIC"
      TableName="XX_CDH_EBL_FILE_NAME_DTL" >
      <DesignTime>
         <Attr Name="_DisplaySize" Value="22" />
      </DesignTime>
   </Attribute>
   <Attribute
      Name="LastUpdateLogin"
      Precision="15"
      Scale="0"
      Type="oracle.jbo.domain.Number"
      ColumnName="LAST_UPDATE_LOGIN"
      ColumnType="NUMBER"
      SQLType="NUMERIC"
      TableName="XX_CDH_EBL_FILE_NAME_DTL" >
      <DesignTime>
         <Attr Name="_DisplaySize" Value="22" />
      </DesignTime>
   </Attribute>
   <Attribute
      Name="RequestId"
      Precision="15"
      Scale="0"
      Type="oracle.jbo.domain.Number"
      ColumnName="REQUEST_ID"
      ColumnType="NUMBER"
      SQLType="NUMERIC"
      TableName="XX_CDH_EBL_FILE_NAME_DTL" >
      <DesignTime>
         <Attr Name="_DisplaySize" Value="22" />
      </DesignTime>
   </Attribute>
   <Attribute
      Name="ProgramApplicationId"
      Precision="15"
      Scale="0"
      Type="oracle.jbo.domain.Number"
      ColumnName="PROGRAM_APPLICATION_ID"
      ColumnType="NUMBER"
      SQLType="NUMERIC"
      TableName="XX_CDH_EBL_FILE_NAME_DTL" >
      <DesignTime>
         <Attr Name="_DisplaySize" Value="22" />
      </DesignTime>
   </Attribute>
   <Attribute
      Name="ProgramId"
      Precision="15"
      Scale="0"
      Type="oracle.jbo.domain.Number"
      ColumnName="PROGRAM_ID"
      ColumnType="NUMBER"
      SQLType="NUMERIC"
      TableName="XX_CDH_EBL_FILE_NAME_DTL" >
      <DesignTime>
         <Attr Name="_DisplaySize" Value="22" />
      </DesignTime>
   </Attribute>
   <Attribute
      Name="ProgramUpdateDate"
      Type="oracle.jbo.domain.Date"
      ColumnName="PROGRAM_UPDATE_DATE"
      ColumnType="DATE"
      SQLType="TIMESTAMP"
      TableName="XX_CDH_EBL_FILE_NAME_DTL" >
      <DesignTime>
         <Attr Name="_DisplaySize" Value="7" />
      </DesignTime>
   </Attribute>
   <Attribute
      Name="WhUpdateDate"
      Type="oracle.jbo.domain.Date"
      ColumnName="WH_UPDATE_DATE"
      ColumnType="DATE"
      SQLType="TIMESTAMP"
      TableName="XX_CDH_EBL_FILE_NAME_DTL" >
      <DesignTime>
         <Attr Name="_DisplaySize" Value="7" />
      </DesignTime>
   </Attribute>
   <Key
      Name="SysC00333408" >
      <AttrArray Name="Attributes">
         <Item Value="od.oracle.apps.xxcrm.cdh.ebl.eblmain.schema.server.ODEBillFileNameEO.LastUpdatedBy" />
      </AttrArray>
      <DesignTime>
         <Attr Name="_DBObjectName" Value="SYS_C00333408" />
         <Attr Name="_checkCondition" Value="&#34;LAST_UPDATED_BY&#34; IS NOT NULL" />
         <Attr Name="_isCheck" Value="true" />
      </DesignTime>
   </Key>
   <Key
      Name="SysC00333403" >
      <AttrArray Name="Attributes">
         <Item Value="od.oracle.apps.xxcrm.cdh.ebl.eblmain.schema.server.ODEBillFileNameEO.EblFileNameId" />
      </AttrArray>
      <DesignTime>
         <Attr Name="_DBObjectName" Value="SYS_C00333403" />
         <Attr Name="_checkCondition" Value="&#34;EBL_FILE_NAME_ID&#34; IS NOT NULL" />
         <Attr Name="_isCheck" Value="true" />
      </DesignTime>
   </Key>
   <Key
      Name="SysC00333410" >
      <AttrArray Name="Attributes">
         <Item Value="od.oracle.apps.xxcrm.cdh.ebl.eblmain.schema.server.ODEBillFileNameEO.CreatedBy" />
      </AttrArray>
      <DesignTime>
         <Attr Name="_DBObjectName" Value="SYS_C00333410" />
         <Attr Name="_checkCondition" Value="&#34;CREATED_BY&#34; IS NOT NULL" />
         <Attr Name="_isCheck" Value="true" />
      </DesignTime>
   </Key>
   <Key
      Name="SysC00331582" >
      <AttrArray Name="Attributes">
         <Item Value="od.oracle.apps.xxcrm.cdh.ebl.eblmain.schema.server.ODEBillFileNameEO.LastUpdateLogin" />
      </AttrArray>
      <DesignTime>
         <Attr Name="_DBObjectName" Value="SYS_C00331582" />
         <Attr Name="_checkCondition" Value="&#34;LAST_UPDATE_LOGIN&#34; IS NOT NULL" />
         <Attr Name="_isCheck" Value="true" />
      </DesignTime>
   </Key>
   <Key
      Name="SysC00331580" >
      <AttrArray Name="Attributes">
         <Item Value="od.oracle.apps.xxcrm.cdh.ebl.eblmain.schema.server.ODEBillFileNameEO.CreationDate" />
      </AttrArray>
      <DesignTime>
         <Attr Name="_DBObjectName" Value="SYS_C00331580" />
         <Attr Name="_checkCondition" Value="&#34;CREATION_DATE&#34; IS NOT NULL" />
         <Attr Name="_isCheck" Value="true" />
      </DesignTime>
   </Key>
   <Key
      Name="SysC00333407" >
      <AttrArray Name="Attributes">
         <Item Value="od.oracle.apps.xxcrm.cdh.ebl.eblmain.schema.server.ODEBillFileNameEO.LastUpdateDate" />
      </AttrArray>
      <DesignTime>
         <Attr Name="_DBObjectName" Value="SYS_C00333407" />
         <Attr Name="_checkCondition" Value="&#34;LAST_UPDATE_DATE&#34; IS NOT NULL" />
         <Attr Name="_isCheck" Value="true" />
      </DesignTime>
   </Key>
   <Key
      Name="SysC00331579" >
      <AttrArray Name="Attributes">
         <Item Value="od.oracle.apps.xxcrm.cdh.ebl.eblmain.schema.server.ODEBillFileNameEO.LastUpdatedBy" />
      </AttrArray>
      <DesignTime>
         <Attr Name="_DBObjectName" Value="SYS_C00331579" />
         <Attr Name="_checkCondition" Value="&#34;LAST_UPDATED_BY&#34; IS NOT NULL" />
         <Attr Name="_isCheck" Value="true" />
      </DesignTime>
   </Key>
   <Key
      Name="SysC00331577" >
      <AttrArray Name="Attributes">
         <Item Value="od.oracle.apps.xxcrm.cdh.ebl.eblmain.schema.server.ODEBillFileNameEO.FieldId" />
      </AttrArray>
      <DesignTime>
         <Attr Name="_DBObjectName" Value="SYS_C00331577" />
         <Attr Name="_checkCondition" Value="&#34;FIELD_ID&#34; IS NOT NULL" />
         <Attr Name="_isCheck" Value="true" />
      </DesignTime>
   </Key>
   <Key
      Name="SysC00331575" >
      <AttrArray Name="Attributes">
         <Item Value="od.oracle.apps.xxcrm.cdh.ebl.eblmain.schema.server.ODEBillFileNameEO.CustDocId" />
      </AttrArray>
      <DesignTime>
         <Attr Name="_DBObjectName" Value="SYS_C00331575" />
         <Attr Name="_checkCondition" Value="&#34;CUST_DOC_ID&#34; IS NOT NULL" />
         <Attr Name="_isCheck" Value="true" />
      </DesignTime>
   </Key>
   <Key
      Name="OdebillfilenameeoPrimaryKey" >
      <AttrArray Name="Attributes">
         <Item Value="od.oracle.apps.xxcrm.cdh.ebl.eblmain.schema.server.ODEBillFileNameEO.EblFileNameId" />
      </AttrArray>
      <DesignTime>
         <Attr Name="_DBObjectName" Value="ODEBILLFILENAMEEO_PRIMARY_KEY" />
         <Attr Name="_isPrimary" Value="true" />
      </DesignTime>
   </Key>
   <Key
      Name="SysC00331576" >
      <AttrArray Name="Attributes">
         <Item Value="od.oracle.apps.xxcrm.cdh.ebl.eblmain.schema.server.ODEBillFileNameEO.FileNameOrderSeq" />
      </AttrArray>
      <DesignTime>
         <Attr Name="_DBObjectName" Value="SYS_C00331576" />
         <Attr Name="_checkCondition" Value="&#34;FILE_NAME_ORDER_SEQ&#34; IS NOT NULL" />
         <Attr Name="_isCheck" Value="true" />
      </DesignTime>
   </Key>
   <Key
      Name="SysC00331578" >
      <AttrArray Name="Attributes">
         <Item Value="od.oracle.apps.xxcrm.cdh.ebl.eblmain.schema.server.ODEBillFileNameEO.LastUpdateDate" />
      </AttrArray>
      <DesignTime>
         <Attr Name="_DBObjectName" Value="SYS_C00331578" />
         <Attr Name="_checkCondition" Value="&#34;LAST_UPDATE_DATE&#34; IS NOT NULL" />
         <Attr Name="_isCheck" Value="true" />
      </DesignTime>
   </Key>
   <Key
      Name="SysC00333405" >
      <AttrArray Name="Attributes">
         <Item Value="od.oracle.apps.xxcrm.cdh.ebl.eblmain.schema.server.ODEBillFileNameEO.FileNameOrderSeq" />
      </AttrArray>
      <DesignTime>
         <Attr Name="_DBObjectName" Value="SYS_C00333405" />
         <Attr Name="_checkCondition" Value="&#34;FILE_NAME_ORDER_SEQ&#34; IS NOT NULL" />
         <Attr Name="_isCheck" Value="true" />
      </DesignTime>
   </Key>
   <Key
      Name="SysC00333406" >
      <AttrArray Name="Attributes">
         <Item Value="od.oracle.apps.xxcrm.cdh.ebl.eblmain.schema.server.ODEBillFileNameEO.FieldId" />
      </AttrArray>
      <DesignTime>
         <Attr Name="_DBObjectName" Value="SYS_C00333406" />
         <Attr Name="_checkCondition" Value="&#34;FIELD_ID&#34; IS NOT NULL" />
         <Attr Name="_isCheck" Value="true" />
      </DesignTime>
   </Key>
   <Key
      Name="SysC00331581" >
      <AttrArray Name="Attributes">
         <Item Value="od.oracle.apps.xxcrm.cdh.ebl.eblmain.schema.server.ODEBillFileNameEO.CreatedBy" />
      </AttrArray>
      <DesignTime>
         <Attr Name="_DBObjectName" Value="SYS_C00331581" />
         <Attr Name="_checkCondition" Value="&#34;CREATED_BY&#34; IS NOT NULL" />
         <Attr Name="_isCheck" Value="true" />
      </DesignTime>
   </Key>
   <Key
      Name="SysC00331574" >
      <AttrArray Name="Attributes">
         <Item Value="od.oracle.apps.xxcrm.cdh.ebl.eblmain.schema.server.ODEBillFileNameEO.EblFileNameId" />
      </AttrArray>
      <DesignTime>
         <Attr Name="_DBObjectName" Value="SYS_C00331574" />
         <Attr Name="_checkCondition" Value="&#34;EBL_FILE_NAME_ID&#34; IS NOT NULL" />
         <Attr Name="_isCheck" Value="true" />
      </DesignTime>
   </Key>
   <Key
      Name="SysC00333409" >
      <AttrArray Name="Attributes">
         <Item Value="od.oracle.apps.xxcrm.cdh.ebl.eblmain.schema.server.ODEBillFileNameEO.CreationDate" />
      </AttrArray>
      <DesignTime>
         <Attr Name="_DBObjectName" Value="SYS_C00333409" />
         <Attr Name="_checkCondition" Value="&#34;CREATION_DATE&#34; IS NOT NULL" />
         <Attr Name="_isCheck" Value="true" />
      </DesignTime>
   </Key>
   <Key
      Name="SysC00333404" >
      <AttrArray Name="Attributes">
         <Item Value="od.oracle.apps.xxcrm.cdh.ebl.eblmain.schema.server.ODEBillFileNameEO.CustDocId" />
      </AttrArray>
      <DesignTime>
         <Attr Name="_DBObjectName" Value="SYS_C00333404" />
         <Attr Name="_checkCondition" Value="&#34;CUST_DOC_ID&#34; IS NOT NULL" />
         <Attr Name="_isCheck" Value="true" />
      </DesignTime>
   </Key>
   <Key
      Name="SysC00333411" >
      <AttrArray Name="Attributes">
         <Item Value="od.oracle.apps.xxcrm.cdh.ebl.eblmain.schema.server.ODEBillFileNameEO.LastUpdateLogin" />
      </AttrArray>
      <DesignTime>
         <Attr Name="_DBObjectName" Value="SYS_C00333411" />
         <Attr Name="_checkCondition" Value="&#34;LAST_UPDATE_LOGIN&#34; IS NOT NULL" />
         <Attr Name="_isCheck" Value="true" />
      </DesignTime>
   </Key>
</Entity>
