<?xml version="1.0" encoding='windows-1252'?>
<!DOCTYPE Entity SYSTEM "jbo_03_01.dtd">

<Entity
   Name="ODEBillNonStdEO"
   DBObjectType="synonym"
   DBObjectName="xx_cdh_ebl_templ_dtl"
   AliasName="ODEBillNonStdEO"
   BindingStyle="Oracle"
   UseGlueCode="false"
   CodeGenFlag="79"
   RowClass="od.oracle.apps.xxcrm.cdh.ebl.eblmain.schema.server.ODEBillNonStdEOImpl"
   DefClass="oracle.apps.fnd.framework.server.OAEntityDefImpl"
   CollClass="oracle.apps.fnd.framework.server.OAEntityCache" >
   <DesignTime>
      <Attr Name="_isCodegen" Value="true" />
      <Attr Name="_version" Value="9.0.3.12.53" />
      <AttrArray Name="_publishEvents">
      </AttrArray>
   </DesignTime>
   <Attribute
      Name="EblTemplId"
      IsNotNull="true"
      Precision="15"
      Scale="0"
      Type="oracle.jbo.domain.Number"
      ColumnName="EBL_TEMPL_ID"
      ColumnType="NUMBER"
      SQLType="NUMERIC"
      TableName="xx_cdh_ebl_templ_dtl"
      PrimaryKey="true" >
      <DesignTime>
         <Attr Name="_DisplaySize" Value="22" />
      </DesignTime>
   </Attribute>
   <Attribute
      Name="CustDocId"
      IsNotNull="true"
      Precision="15"
      Scale="0"
      Type="oracle.jbo.domain.Number"
      ColumnName="CUST_DOC_ID"
      ColumnType="NUMBER"
      SQLType="NUMERIC"
      TableName="xx_cdh_ebl_templ_dtl" >
      <DesignTime>
         <Attr Name="_DisplaySize" Value="22" />
      </DesignTime>
   </Attribute>
   <Attribute
      Name="RecordType"
      IsNotNull="true"
      Precision="3"
      Type="java.lang.String"
      ColumnName="RECORD_TYPE"
      ColumnType="VARCHAR2"
      SQLType="VARCHAR"
      TableName="xx_cdh_ebl_templ_dtl" >
      <DesignTime>
         <Attr Name="_DisplaySize" Value="3" />
      </DesignTime>
   </Attribute>
   <Attribute
      Name="Seq"
      IsNotNull="true"
      Precision="15"
      Scale="0"
      Type="oracle.jbo.domain.Number"
      ColumnName="SEQ"
      ColumnType="NUMBER"
      SQLType="NUMERIC"
      TableName="xx_cdh_ebl_templ_dtl" >
      <DesignTime>
         <Attr Name="_DisplaySize" Value="22" />
      </DesignTime>
   </Attribute>
   <Attribute
      Name="FieldId"
      IsNotNull="true"
      Precision="15"
      Scale="0"
      Type="oracle.jbo.domain.Number"
      ColumnName="FIELD_ID"
      ColumnType="NUMBER"
      SQLType="NUMERIC"
      TableName="xx_cdh_ebl_templ_dtl" >
      <DesignTime>
         <Attr Name="_DisplaySize" Value="22" />
      </DesignTime>
   </Attribute>
   <Attribute
      Name="Label"
      IsNotNull="true"
      Precision="256"
      Type="java.lang.String"
      ColumnName="LABEL"
      ColumnType="VARCHAR2"
      SQLType="VARCHAR"
      TableName="xx_cdh_ebl_templ_dtl" >
      <DesignTime>
         <Attr Name="_DisplaySize" Value="256" />
      </DesignTime>
   </Attribute>
   <Attribute
      Name="StartPos"
      Precision="15"
      Scale="0"
      Type="oracle.jbo.domain.Number"
      ColumnName="START_POS"
      ColumnType="NUMBER"
      SQLType="NUMERIC"
      TableName="xx_cdh_ebl_templ_dtl" >
      <DesignTime>
         <Attr Name="_DisplaySize" Value="22" />
      </DesignTime>
   </Attribute>
   <Attribute
      Name="FieldLen"
      Precision="15"
      Scale="0"
      Type="oracle.jbo.domain.Number"
      ColumnName="FIELD_LEN"
      ColumnType="NUMBER"
      SQLType="NUMERIC"
      TableName="xx_cdh_ebl_templ_dtl" >
      <DesignTime>
         <Attr Name="_DisplaySize" Value="22" />
      </DesignTime>
   </Attribute>
   <Attribute
      Name="DataFormat"
      Precision="30"
      Type="java.lang.String"
      ColumnName="DATA_FORMAT"
      ColumnType="VARCHAR2"
      SQLType="VARCHAR"
      TableName="xx_cdh_ebl_templ_dtl" >
      <DesignTime>
         <Attr Name="_DisplaySize" Value="30" />
      </DesignTime>
   </Attribute>
   <Attribute
      Name="StringFun"
      Precision="256"
      Type="java.lang.String"
      ColumnName="STRING_FUN"
      ColumnType="VARCHAR2"
      SQLType="VARCHAR"
      TableName="xx_cdh_ebl_templ_dtl" >
      <DesignTime>
         <Attr Name="_DisplaySize" Value="256" />
      </DesignTime>
   </Attribute>
   <Attribute
      Name="SortOrder"
      Precision="15"
      Scale="0"
      Type="oracle.jbo.domain.Number"
      ColumnName="SORT_ORDER"
      ColumnType="NUMBER"
      SQLType="NUMERIC"
      TableName="xx_cdh_ebl_templ_dtl" >
      <DesignTime>
         <Attr Name="_DisplaySize" Value="22" />
      </DesignTime>
   </Attribute>
   <Attribute
      Name="SortType"
      Precision="4"
      Type="java.lang.String"
      ColumnName="SORT_TYPE"
      ColumnType="VARCHAR2"
      SQLType="VARCHAR"
      TableName="xx_cdh_ebl_templ_dtl" >
      <DesignTime>
         <Attr Name="_DisplaySize" Value="4" />
      </DesignTime>
   </Attribute>
   <Attribute
      Name="Mandatory"
      Precision="1"
      Type="java.lang.String"
      ColumnName="MANDATORY"
      ColumnType="VARCHAR2"
      SQLType="VARCHAR"
      TableName="xx_cdh_ebl_templ_dtl" >
      <DesignTime>
         <Attr Name="_DisplaySize" Value="1" />
      </DesignTime>
   </Attribute>
   <Attribute
      Name="SeqStartVal"
      Precision="15"
      Scale="0"
      Type="oracle.jbo.domain.Number"
      ColumnName="SEQ_START_VAL"
      ColumnType="NUMBER"
      SQLType="NUMERIC"
      TableName="xx_cdh_ebl_templ_dtl" >
      <DesignTime>
         <Attr Name="_DisplaySize" Value="22" />
      </DesignTime>
   </Attribute>
   <Attribute
      Name="SeqIncVal"
      Precision="15"
      Scale="0"
      Type="oracle.jbo.domain.Number"
      ColumnName="SEQ_INC_VAL"
      ColumnType="NUMBER"
      SQLType="NUMERIC"
      TableName="xx_cdh_ebl_templ_dtl" >
      <DesignTime>
         <Attr Name="_DisplaySize" Value="22" />
      </DesignTime>
   </Attribute>
   <Attribute
      Name="SeqResetField"
      Precision="15"
      Scale="0"
      Type="oracle.jbo.domain.Number"
      ColumnName="SEQ_RESET_FIELD"
      ColumnType="NUMBER"
      SQLType="NUMERIC"
      TableName="xx_cdh_ebl_templ_dtl" >
      <DesignTime>
         <Attr Name="_DisplaySize" Value="22" />
      </DesignTime>
   </Attribute>
   <Attribute
      Name="ConstantValue"
      Precision="1000"
      Type="java.lang.String"
      ColumnName="CONSTANT_VALUE"
      ColumnType="VARCHAR2"
      SQLType="VARCHAR"
      TableName="xx_cdh_ebl_templ_dtl" >
      <DesignTime>
         <Attr Name="_DisplaySize" Value="1000" />
      </DesignTime>
   </Attribute>
   <Attribute
      Name="Alignment"
      Precision="30"
      Type="java.lang.String"
      ColumnName="ALIGNMENT"
      ColumnType="VARCHAR2"
      SQLType="VARCHAR"
      TableName="xx_cdh_ebl_templ_dtl" >
      <DesignTime>
         <Attr Name="_DisplaySize" Value="30" />
      </DesignTime>
   </Attribute>
   <Attribute
      Name="PaddingChar"
      Precision="30"
      Type="java.lang.String"
      ColumnName="PADDING_CHAR"
      ColumnType="VARCHAR2"
      SQLType="VARCHAR"
      TableName="xx_cdh_ebl_templ_dtl" >
      <DesignTime>
         <Attr Name="_DisplaySize" Value="30" />
      </DesignTime>
   </Attribute>
   <Attribute
      Name="DefaultIfNull"
      Precision="20"
      Type="java.lang.String"
      ColumnName="DEFAULT_IF_NULL"
      ColumnType="VARCHAR2"
      SQLType="VARCHAR"
      TableName="xx_cdh_ebl_templ_dtl" >
      <DesignTime>
         <Attr Name="_DisplaySize" Value="20" />
      </DesignTime>
   </Attribute>
   <Attribute
      Name="Comments"
      Precision="3000"
      Type="java.lang.String"
      ColumnName="COMMENTS"
      ColumnType="VARCHAR2"
      SQLType="VARCHAR"
      TableName="xx_cdh_ebl_templ_dtl" >
      <DesignTime>
         <Attr Name="_DisplaySize" Value="3000" />
      </DesignTime>
   </Attribute>
   <Attribute
      Name="Attribute1"
      Precision="150"
      Type="java.lang.String"
      ColumnName="ATTRIBUTE1"
      ColumnType="VARCHAR2"
      SQLType="VARCHAR"
      TableName="xx_cdh_ebl_templ_dtl" >
      <DesignTime>
         <Attr Name="_DisplaySize" Value="150" />
      </DesignTime>
   </Attribute>
   <Attribute
      Name="Attribute2"
      Precision="150"
      Type="java.lang.String"
      ColumnName="ATTRIBUTE2"
      ColumnType="VARCHAR2"
      SQLType="VARCHAR"
      TableName="xx_cdh_ebl_templ_dtl" >
      <DesignTime>
         <Attr Name="_DisplaySize" Value="150" />
      </DesignTime>
   </Attribute>
   <Attribute
      Name="Attribute3"
      Precision="150"
      Type="java.lang.String"
      ColumnName="ATTRIBUTE3"
      ColumnType="VARCHAR2"
      SQLType="VARCHAR"
      TableName="xx_cdh_ebl_templ_dtl" >
      <DesignTime>
         <Attr Name="_DisplaySize" Value="150" />
      </DesignTime>
   </Attribute>
   <Attribute
      Name="Attribute4"
      Precision="150"
      Type="java.lang.String"
      ColumnName="ATTRIBUTE4"
      ColumnType="VARCHAR2"
      SQLType="VARCHAR"
      TableName="xx_cdh_ebl_templ_dtl" >
      <DesignTime>
         <Attr Name="_DisplaySize" Value="150" />
      </DesignTime>
   </Attribute>
   <Attribute
      Name="Attribute5"
      Precision="150"
      Type="java.lang.String"
      ColumnName="ATTRIBUTE5"
      ColumnType="VARCHAR2"
      SQLType="VARCHAR"
      TableName="xx_cdh_ebl_templ_dtl" >
      <DesignTime>
         <Attr Name="_DisplaySize" Value="150" />
      </DesignTime>
   </Attribute>
   <Attribute
      Name="Attribute6"
      Precision="150"
      Type="java.lang.String"
      ColumnName="ATTRIBUTE6"
      ColumnType="VARCHAR2"
      SQLType="VARCHAR"
      TableName="xx_cdh_ebl_templ_dtl" >
      <DesignTime>
         <Attr Name="_DisplaySize" Value="150" />
      </DesignTime>
   </Attribute>
   <Attribute
      Name="Attribute7"
      Precision="150"
      Type="java.lang.String"
      ColumnName="ATTRIBUTE7"
      ColumnType="VARCHAR2"
      SQLType="VARCHAR"
      TableName="xx_cdh_ebl_templ_dtl" >
      <DesignTime>
         <Attr Name="_DisplaySize" Value="150" />
      </DesignTime>
   </Attribute>
   <Attribute
      Name="Attribute8"
      Precision="150"
      Type="java.lang.String"
      ColumnName="ATTRIBUTE8"
      ColumnType="VARCHAR2"
      SQLType="VARCHAR"
      TableName="xx_cdh_ebl_templ_dtl" >
      <DesignTime>
         <Attr Name="_DisplaySize" Value="150" />
      </DesignTime>
   </Attribute>
   <Attribute
      Name="Attribute9"
      Precision="150"
      Type="java.lang.String"
      ColumnName="ATTRIBUTE9"
      ColumnType="VARCHAR2"
      SQLType="VARCHAR"
      TableName="xx_cdh_ebl_templ_dtl" >
      <DesignTime>
         <Attr Name="_DisplaySize" Value="150" />
      </DesignTime>
   </Attribute>
   <Attribute
      Name="Attribute10"
      Precision="150"
      Type="java.lang.String"
      ColumnName="ATTRIBUTE10"
      ColumnType="VARCHAR2"
      SQLType="VARCHAR"
      TableName="xx_cdh_ebl_templ_dtl" >
      <DesignTime>
         <Attr Name="_DisplaySize" Value="150" />
      </DesignTime>
   </Attribute>
   <Attribute
      Name="Attribute11"
      Precision="150"
      Type="java.lang.String"
      ColumnName="ATTRIBUTE11"
      ColumnType="VARCHAR2"
      SQLType="VARCHAR"
      TableName="xx_cdh_ebl_templ_dtl" >
      <DesignTime>
         <Attr Name="_DisplaySize" Value="150" />
      </DesignTime>
   </Attribute>
   <Attribute
      Name="Attribute12"
      Precision="150"
      Type="java.lang.String"
      ColumnName="ATTRIBUTE12"
      ColumnType="VARCHAR2"
      SQLType="VARCHAR"
      TableName="xx_cdh_ebl_templ_dtl" >
      <DesignTime>
         <Attr Name="_DisplaySize" Value="150" />
      </DesignTime>
   </Attribute>
   <Attribute
      Name="Attribute13"
      Precision="150"
      Type="java.lang.String"
      ColumnName="ATTRIBUTE13"
      ColumnType="VARCHAR2"
      SQLType="VARCHAR"
      TableName="xx_cdh_ebl_templ_dtl" >
      <DesignTime>
         <Attr Name="_DisplaySize" Value="150" />
      </DesignTime>
   </Attribute>
   <Attribute
      Name="Attribute14"
      Precision="150"
      Type="java.lang.String"
      ColumnName="ATTRIBUTE14"
      ColumnType="VARCHAR2"
      SQLType="VARCHAR"
      TableName="xx_cdh_ebl_templ_dtl" >
      <DesignTime>
         <Attr Name="_DisplaySize" Value="150" />
      </DesignTime>
   </Attribute>
   <Attribute
      Name="Attribute15"
      Precision="150"
      Type="java.lang.String"
      ColumnName="ATTRIBUTE15"
      ColumnType="VARCHAR2"
      SQLType="VARCHAR"
      TableName="xx_cdh_ebl_templ_dtl" >
      <DesignTime>
         <Attr Name="_DisplaySize" Value="150" />
      </DesignTime>
   </Attribute>
   <Attribute
      Name="Attribute16"
      Precision="150"
      Type="java.lang.String"
      ColumnName="ATTRIBUTE16"
      ColumnType="VARCHAR2"
      SQLType="VARCHAR"
      TableName="xx_cdh_ebl_templ_dtl" >
      <DesignTime>
         <Attr Name="_DisplaySize" Value="150" />
      </DesignTime>
   </Attribute>
   <Attribute
      Name="Attribute17"
      Precision="150"
      Type="java.lang.String"
      ColumnName="ATTRIBUTE17"
      ColumnType="VARCHAR2"
      SQLType="VARCHAR"
      TableName="xx_cdh_ebl_templ_dtl" >
      <DesignTime>
         <Attr Name="_DisplaySize" Value="150" />
      </DesignTime>
   </Attribute>
   <Attribute
      Name="Attribute18"
      Precision="150"
      Type="java.lang.String"
      ColumnName="ATTRIBUTE18"
      ColumnType="VARCHAR2"
      SQLType="VARCHAR"
      TableName="xx_cdh_ebl_templ_dtl" >
      <DesignTime>
         <Attr Name="_DisplaySize" Value="150" />
      </DesignTime>
   </Attribute>
   <Attribute
      Name="Attribute19"
      Precision="150"
      Type="java.lang.String"
      ColumnName="ATTRIBUTE19"
      ColumnType="VARCHAR2"
      SQLType="VARCHAR"
      TableName="xx_cdh_ebl_templ_dtl" >
      <DesignTime>
         <Attr Name="_DisplaySize" Value="150" />
      </DesignTime>
   </Attribute>
   <Attribute
      Name="Attribute20"
      Precision="150"
      Type="java.lang.String"
      ColumnName="ATTRIBUTE20"
      ColumnType="VARCHAR2"
      SQLType="VARCHAR"
      TableName="xx_cdh_ebl_templ_dtl" >
      <DesignTime>
         <Attr Name="_DisplaySize" Value="150" />
      </DesignTime>
   </Attribute>
   <Attribute
      Name="LastUpdateDate"
      IsNotNull="true"
      Type="oracle.jbo.domain.Date"
      ColumnName="LAST_UPDATE_DATE"
      ColumnType="DATE"
      SQLType="TIMESTAMP"
      TableName="xx_cdh_ebl_templ_dtl" >
      <DesignTime>
         <Attr Name="_DisplaySize" Value="7" />
      </DesignTime>
   </Attribute>
   <Attribute
      Name="LastUpdatedBy"
      IsNotNull="true"
      Precision="15"
      Scale="0"
      Type="oracle.jbo.domain.Number"
      ColumnName="LAST_UPDATED_BY"
      ColumnType="NUMBER"
      SQLType="NUMERIC"
      TableName="xx_cdh_ebl_templ_dtl" >
      <DesignTime>
         <Attr Name="_DisplaySize" Value="22" />
      </DesignTime>
   </Attribute>
   <Attribute
      Name="CreationDate"
      IsNotNull="true"
      Type="oracle.jbo.domain.Date"
      ColumnName="CREATION_DATE"
      ColumnType="DATE"
      SQLType="TIMESTAMP"
      TableName="xx_cdh_ebl_templ_dtl" >
      <DesignTime>
         <Attr Name="_DisplaySize" Value="7" />
      </DesignTime>
   </Attribute>
   <Attribute
      Name="CreatedBy"
      IsNotNull="true"
      Precision="15"
      Scale="0"
      Type="oracle.jbo.domain.Number"
      ColumnName="CREATED_BY"
      ColumnType="NUMBER"
      SQLType="NUMERIC"
      TableName="xx_cdh_ebl_templ_dtl" >
      <DesignTime>
         <Attr Name="_DisplaySize" Value="22" />
      </DesignTime>
   </Attribute>
   <Attribute
      Name="LastUpdateLogin"
      IsNotNull="true"
      Precision="15"
      Scale="0"
      Type="oracle.jbo.domain.Number"
      ColumnName="LAST_UPDATE_LOGIN"
      ColumnType="NUMBER"
      SQLType="NUMERIC"
      TableName="xx_cdh_ebl_templ_dtl" >
      <DesignTime>
         <Attr Name="_DisplaySize" Value="22" />
      </DesignTime>
   </Attribute>
   <Attribute
      Name="RequestId"
      Precision="15"
      Scale="0"
      Type="oracle.jbo.domain.Number"
      ColumnName="REQUEST_ID"
      ColumnType="NUMBER"
      SQLType="NUMERIC"
      TableName="xx_cdh_ebl_templ_dtl" >
      <DesignTime>
         <Attr Name="_DisplaySize" Value="22" />
      </DesignTime>
   </Attribute>
   <Attribute
      Name="ProgramApplicationId"
      Precision="15"
      Scale="0"
      Type="oracle.jbo.domain.Number"
      ColumnName="PROGRAM_APPLICATION_ID"
      ColumnType="NUMBER"
      SQLType="NUMERIC"
      TableName="xx_cdh_ebl_templ_dtl" >
      <DesignTime>
         <Attr Name="_DisplaySize" Value="22" />
      </DesignTime>
   </Attribute>
   <Attribute
      Name="ProgramId"
      Precision="15"
      Scale="0"
      Type="oracle.jbo.domain.Number"
      ColumnName="PROGRAM_ID"
      ColumnType="NUMBER"
      SQLType="NUMERIC"
      TableName="xx_cdh_ebl_templ_dtl" >
      <DesignTime>
         <Attr Name="_DisplaySize" Value="22" />
      </DesignTime>
   </Attribute>
   <Attribute
      Name="ProgramUpdateDate"
      Type="oracle.jbo.domain.Date"
      ColumnName="PROGRAM_UPDATE_DATE"
      ColumnType="DATE"
      SQLType="TIMESTAMP"
      TableName="xx_cdh_ebl_templ_dtl" >
      <DesignTime>
         <Attr Name="_DisplaySize" Value="7" />
      </DesignTime>
   </Attribute>
   <Attribute
      Name="WhUpdateDate"
      Type="oracle.jbo.domain.Date"
      ColumnName="WH_UPDATE_DATE"
      ColumnType="DATE"
      SQLType="TIMESTAMP"
      TableName="xx_cdh_ebl_templ_dtl" >
      <DesignTime>
         <Attr Name="_DisplaySize" Value="7" />
      </DesignTime>
   </Attribute>
   <Key
      Name="SysC00333438" >
      <AttrArray Name="Attributes">
         <Item Value="od.oracle.apps.xxcrm.cdh.ebl.eblmain.schema.server.ODEBillNonStdEO.LastUpdatedBy" />
      </AttrArray>
      <DesignTime>
         <Attr Name="_DBObjectName" Value="SYS_C00333438" />
         <Attr Name="_checkCondition" Value="&#34;LAST_UPDATED_BY&#34; IS NOT NULL" />
         <Attr Name="_isCheck" Value="true" />
      </DesignTime>
   </Key>
   <Key
      Name="SysC00333439" >
      <AttrArray Name="Attributes">
         <Item Value="od.oracle.apps.xxcrm.cdh.ebl.eblmain.schema.server.ODEBillNonStdEO.CreationDate" />
      </AttrArray>
      <DesignTime>
         <Attr Name="_DBObjectName" Value="SYS_C00333439" />
         <Attr Name="_checkCondition" Value="&#34;CREATION_DATE&#34; IS NOT NULL" />
         <Attr Name="_isCheck" Value="true" />
      </DesignTime>
   </Key>
   <Key
      Name="OdebillnonstdeoPrimaryKey" >
      <AttrArray Name="Attributes">
         <Item Value="od.oracle.apps.xxcrm.cdh.ebl.eblmain.schema.server.ODEBillNonStdEO.EblTemplId" />
      </AttrArray>
      <DesignTime>
         <Attr Name="_DBObjectName" Value="ODEBILLNONSTDEO_PRIMARY_KEY" />
         <Attr Name="_isPrimary" Value="true" />
      </DesignTime>
   </Key>
   <Key
      Name="SysC00333435" >
      <AttrArray Name="Attributes">
         <Item Value="od.oracle.apps.xxcrm.cdh.ebl.eblmain.schema.server.ODEBillNonStdEO.FieldId" />
      </AttrArray>
      <DesignTime>
         <Attr Name="_DBObjectName" Value="SYS_C00333435" />
         <Attr Name="_checkCondition" Value="&#34;FIELD_ID&#34; IS NOT NULL" />
         <Attr Name="_isCheck" Value="true" />
      </DesignTime>
   </Key>
   <Key
      Name="SysC00333440" >
      <AttrArray Name="Attributes">
         <Item Value="od.oracle.apps.xxcrm.cdh.ebl.eblmain.schema.server.ODEBillNonStdEO.CreatedBy" />
      </AttrArray>
      <DesignTime>
         <Attr Name="_DBObjectName" Value="SYS_C00333440" />
         <Attr Name="_checkCondition" Value="&#34;CREATED_BY&#34; IS NOT NULL" />
         <Attr Name="_isCheck" Value="true" />
      </DesignTime>
   </Key>
   <Key
      Name="SysC00333433" >
      <AttrArray Name="Attributes">
         <Item Value="od.oracle.apps.xxcrm.cdh.ebl.eblmain.schema.server.ODEBillNonStdEO.RecordType" />
      </AttrArray>
      <DesignTime>
         <Attr Name="_DBObjectName" Value="SYS_C00333433" />
         <Attr Name="_checkCondition" Value="&#34;RECORD_TYPE&#34; IS NOT NULL" />
         <Attr Name="_isCheck" Value="true" />
      </DesignTime>
   </Key>
   <Key
      Name="SysC00333431" >
      <AttrArray Name="Attributes">
         <Item Value="od.oracle.apps.xxcrm.cdh.ebl.eblmain.schema.server.ODEBillNonStdEO.EblTemplId" />
      </AttrArray>
      <DesignTime>
         <Attr Name="_DBObjectName" Value="SYS_C00333431" />
         <Attr Name="_checkCondition" Value="&#34;EBL_TEMPL_ID&#34; IS NOT NULL" />
         <Attr Name="_isCheck" Value="true" />
      </DesignTime>
   </Key>
   <Key
      Name="SysC00333436" >
      <AttrArray Name="Attributes">
         <Item Value="od.oracle.apps.xxcrm.cdh.ebl.eblmain.schema.server.ODEBillNonStdEO.Label" />
      </AttrArray>
      <DesignTime>
         <Attr Name="_DBObjectName" Value="SYS_C00333436" />
         <Attr Name="_checkCondition" Value="&#34;LABEL&#34; IS NOT NULL" />
         <Attr Name="_isCheck" Value="true" />
      </DesignTime>
   </Key>
   <Key
      Name="SysC00333432" >
      <AttrArray Name="Attributes">
         <Item Value="od.oracle.apps.xxcrm.cdh.ebl.eblmain.schema.server.ODEBillNonStdEO.CustDocId" />
      </AttrArray>
      <DesignTime>
         <Attr Name="_DBObjectName" Value="SYS_C00333432" />
         <Attr Name="_checkCondition" Value="&#34;CUST_DOC_ID&#34; IS NOT NULL" />
         <Attr Name="_isCheck" Value="true" />
      </DesignTime>
   </Key>
   <Key
      Name="SysC00333441" >
      <AttrArray Name="Attributes">
         <Item Value="od.oracle.apps.xxcrm.cdh.ebl.eblmain.schema.server.ODEBillNonStdEO.LastUpdateLogin" />
      </AttrArray>
      <DesignTime>
         <Attr Name="_DBObjectName" Value="SYS_C00333441" />
         <Attr Name="_checkCondition" Value="&#34;LAST_UPDATE_LOGIN&#34; IS NOT NULL" />
         <Attr Name="_isCheck" Value="true" />
      </DesignTime>
   </Key>
   <Key
      Name="SysC00333434" >
      <AttrArray Name="Attributes">
         <Item Value="od.oracle.apps.xxcrm.cdh.ebl.eblmain.schema.server.ODEBillNonStdEO.Seq" />
      </AttrArray>
      <DesignTime>
         <Attr Name="_DBObjectName" Value="SYS_C00333434" />
         <Attr Name="_checkCondition" Value="&#34;SEQ&#34; IS NOT NULL" />
         <Attr Name="_isCheck" Value="true" />
      </DesignTime>
   </Key>
   <Key
      Name="SysC00333437" >
      <AttrArray Name="Attributes">
         <Item Value="od.oracle.apps.xxcrm.cdh.ebl.eblmain.schema.server.ODEBillNonStdEO.LastUpdateDate" />
      </AttrArray>
      <DesignTime>
         <Attr Name="_DBObjectName" Value="SYS_C00333437" />
         <Attr Name="_checkCondition" Value="&#34;LAST_UPDATE_DATE&#34; IS NOT NULL" />
         <Attr Name="_isCheck" Value="true" />
      </DesignTime>
   </Key>
</Entity>
