<?xml version = '1.0' encoding = 'UTF-8'?>
<dimensions xmlns="http://xmlns.oracle.com/metadata" xml:lang="en-US">
   <dimension id="XXBI_ACT_USER_TSKOWN_DIM" objectName="XXBI_ACT_USER_TSKOWN_DIM" application="XXCRM" createdBy="539150" creationDate="2010-04-30T14:41:14" lastUpdatedBy="539150" lastUpdateDate="2010-04-30T14:41:14" lastUpdateLogin="11182831" enabled="true" obsolete="false" systemMaintained="false" isTimeDimension="false">
      <displayName id="XXBI_ACT_USER_TSKOWN_DIMDisplayNameId">XXBI_ACT_USER_TSKOWN_DIM</displayName>
      <description id="XXBI_ACT_USER_TSKOWN_DIMDescriptionId">Dimension for activity task owner</description>
      <dimensionLevels>
         <dimensionLevel id="XXBI_ACT_USER_TSKOWN_DO" objectName="XXBI_ACT_USER_TSKOWN_DO" application="XXCRM" createdBy="539150" creationDate="2010-04-30T14:41:14" lastUpdatedBy="539150" lastUpdateDate="2010-04-30T14:46:10" lastUpdateLogin="11182831" enabled="true" obsolete="false" systemMaintained="false" graphSortType="VALUE_DESC" allValueLabel="All" compValueLabel="Comparison">
            <displayName id="XXBI_ACT_USER_TSKOWN_DODisplayNameId">Task Owner</displayName>
            <description id="XXBI_ACT_USER_TSKOWN_DODescriptionId">Dimension object for activity task owner</description>
            <valueSource>
               <dataSource>
                  <table>XXBI_ACT_USER_TSKOWN_DIM_V</table>
               </dataSource>
               <column columnName="ID"/>
               <prototypeData>
                  <character id="XXBI_ACT_USER_TSKOWN_DOPrototypeData" prefix="XXBI_ACT"/>
               </prototypeData>
            </valueSource>
            <idColumn columnName="ID"/>
            <nameColumn columnName="NAME"/>
            <sortColumn columnName="NAME"/>
            <dimensionLevelRelationships/>
         </dimensionLevel>
      </dimensionLevels>
   </dimension>
   <dimension id="XXBI_WEEK_NUMBERS_DIM" objectName="XXBI_WEEK_NUMBERS_DIM" application="XXCRM" createdBy="539150" creationDate="2010-04-30T14:41:15" lastUpdatedBy="539150" lastUpdateDate="2010-04-30T14:41:15" lastUpdateLogin="11182831" enabled="true" obsolete="false" systemMaintained="false" isTimeDimension="false">
      <displayName id="XXBI_WEEK_NUMBERS_DIMDisplayNameId">XXBI_WEEK_NUMBERS_DIM</displayName>
      <description id="XXBI_WEEK_NUMBERS_DIMDescriptionId">Weeks in a year (1-53)</description>
      <dimensionLevels>
         <dimensionLevel id="XXBI_WEEK_NUMBERS_DO" objectName="XXBI_WEEK_NUMBERS_DO" application="XXCRM" createdBy="539150" creationDate="2010-04-30T14:41:15" lastUpdatedBy="515570" lastUpdateDate="2010-05-03T09:54:59" lastUpdateLogin="11197823" enabled="true" obsolete="false" systemMaintained="false" largeLOV="true" graphSortType="VALUE_DESC" allValueLabel="All" compValueLabel="Comparison">
            <displayName id="XXBI_WEEK_NUMBERS_DODisplayNameId">Week#</displayName>
            <description id="XXBI_WEEK_NUMBERS_DODescriptionId">Weeks Numbers</description>
            <valueSource>
               <dataSource>
                  <table>XXBI_WEEK_NUMBERS_DIM_V</table>
               </dataSource>
               <column columnName="ID"/>
               <prototypeData>
                  <character id="XXBI_WEEK_NUMBERS_DOPrototypeData" prefix="XXBI_WEE"/>
               </prototypeData>
            </valueSource>
            <idColumn columnName="ID"/>
            <nameColumn columnName="NAME"/>
            <sortColumn columnName="NAME"/>
            <defaultValue>
               <plsqlFunction>xxcrm_task_dashboard_helper.get_current_week_number</plsqlFunction>
            </defaultValue>
            <dimensionLevelRelationships/>
         </dimensionLevel>
      </dimensionLevels>
   </dimension>
   <dimension id="XXBI_MNGR_LVL2_DIM" objectName="XXBI_MNGR_LVL2_DIM" application="XXCRM" createdBy="539150" creationDate="2010-04-30T14:41:15" lastUpdatedBy="539150" lastUpdateDate="2010-04-30T14:41:15" lastUpdateLogin="11182831" enabled="true" obsolete="false" systemMaintained="false" isTimeDimension="false">
      <displayName id="XXBI_MNGR_LVL2_DIMDisplayNameId">XXBI_MNGR_LVL2_DIM</displayName>
      <description id="XXBI_MNGR_LVL2_DIMDescriptionId">Sales hierarchy second level managers</description>
      <dimensionLevels>
         <dimensionLevel id="XXBI_MNGR_LVL2_DO" objectName="XXBI_MNGR_LVL2_DO" application="XXCRM" createdBy="539150" creationDate="2010-04-30T14:41:15" lastUpdatedBy="539150" lastUpdateDate="2010-04-30T14:44:53" lastUpdateLogin="11182831" enabled="true" obsolete="false" systemMaintained="false" graphSortType="VALUE_DESC" allValueLabel="All" compValueLabel="Comparison">
            <displayName id="XXBI_MNGR_LVL2_DODisplayNameId">MGR2</displayName>
            <description id="XXBI_MNGR_LVL2_DODescriptionId">Sales hierarchy second level manager</description>
            <valueSource>
               <dataSource>
                  <table>XXBI_MNGR_LVL2_DIM_V</table>
               </dataSource>
               <column columnName="ID"/>
               <prototypeData>
                  <character id="XXBI_MNGR_LVL2_DOPrototypeData" prefix="XXBI_MNG"/>
               </prototypeData>
            </valueSource>
            <idColumn columnName="ID"/>
            <nameColumn columnName="NAME"/>
            <sortColumn columnName="NAME"/>
            <dimensionLevelRelationships/>
         </dimensionLevel>
      </dimensionLevels>
   </dimension>
   <dimension id="XXBI_ACT_USER_SITEOWN_DIM" objectName="XXBI_ACT_USER_SITEOWN_DIM" application="XXCRM" createdBy="539150" creationDate="2010-04-30T14:41:15" lastUpdatedBy="539150" lastUpdateDate="2010-04-30T14:41:15" lastUpdateLogin="11182831" enabled="true" obsolete="false" systemMaintained="false" isTimeDimension="false">
      <displayName id="XXBI_ACT_USER_SITEOWN_DIMDisplayNameId">XXBI_ACT_USER_SITEOWN_DIM</displayName>
      <description id="XXBI_ACT_USER_SITEOWN_DIMDescriptionId">Dimension for activity site owned</description>
      <dimensionLevels>
         <dimensionLevel id="XXBI_ACT_USER_SITEOWN_DO" objectName="XXBI_ACT_USER_SITEOWN_DO" application="XXCRM" createdBy="539150" creationDate="2010-04-30T14:41:15" lastUpdatedBy="539150" lastUpdateDate="2010-04-30T14:45:50" lastUpdateLogin="11182831" enabled="true" obsolete="false" systemMaintained="false" graphSortType="VALUE_DESC" allValueLabel="All" compValueLabel="Comparison">
            <displayName id="XXBI_ACT_USER_SITEOWN_DODisplayNameId">Site Owner</displayName>
            <description id="XXBI_ACT_USER_SITEOWN_DODescriptionId">Dimension object for activity site owner</description>
            <valueSource>
               <dataSource>
                  <table>XXBI_ACT_USER_SITEOWN_DIM_V</table>
               </dataSource>
               <column columnName="ID"/>
               <prototypeData>
                  <character id="XXBI_ACT_USER_SITEOWN_DOPrototypeData" prefix="XXBI_ACT"/>
               </prototypeData>
            </valueSource>
            <idColumn columnName="ID"/>
            <nameColumn columnName="NAME"/>
            <sortColumn columnName="NAME"/>
            <dimensionLevelRelationships/>
         </dimensionLevel>
      </dimensionLevels>
   </dimension>
   <dimension id="XXBI_FISCAL_YEAR_DIM" objectName="XXBI_FISCAL_YEAR_DIM" application="XXCRM" createdBy="539150" creationDate="2010-04-30T14:41:16" lastUpdatedBy="539150" lastUpdateDate="2010-04-30T14:41:16" lastUpdateLogin="11182831" enabled="true" obsolete="false" systemMaintained="false" isTimeDimension="false">
      <displayName id="XXBI_FISCAL_YEAR_DIMDisplayNameId">XXBI_FISCAL_YEAR_DIM</displayName>
      <description id="XXBI_FISCAL_YEAR_DIMDescriptionId">OD fiscal years</description>
      <dimensionLevels>
         <dimensionLevel id="XXBI_FISCAL_YEAR_DO" objectName="XXBI_FISCAL_YEAR_DO" application="XXCRM" createdBy="539150" creationDate="2010-04-30T14:41:16" lastUpdatedBy="515570" lastUpdateDate="2010-05-03T09:56:24" lastUpdateLogin="11197823" enabled="true" obsolete="false" systemMaintained="false" graphSortType="VALUE_DESC" allValueLabel="All" compValueLabel="Comparison">
            <displayName id="XXBI_FISCAL_YEAR_DODisplayNameId">Year</displayName>
            <description id="XXBI_FISCAL_YEAR_DODescriptionId">OD Fiscal Year</description>
            <valueSource>
               <dataSource>
                  <table>XXBI_FISCAL_YEAR_DIM_V</table>
               </dataSource>
               <column columnName="ID"/>
               <prototypeData>
                  <character id="XXBI_FISCAL_YEAR_DOPrototypeData" prefix="XXBI_FIS"/>
               </prototypeData>
            </valueSource>
            <idColumn columnName="ID"/>
            <nameColumn columnName="NAME"/>
            <sortColumn columnName="NAME"/>
            <defaultValue>
               <plsqlFunction>xxcrm_task_dashboard_helper.get_current_year_id</plsqlFunction>
            </defaultValue>
            <dimensionLevelRelationships/>
         </dimensionLevel>
      </dimensionLevels>
   </dimension>
   <dimension id="XXBI_MNGR_LVL1_DIM" objectName="XXBI_MNGR_LVL1_DIM" application="XXCRM" createdBy="539150" creationDate="2010-04-30T14:41:15" lastUpdatedBy="539150" lastUpdateDate="2010-04-30T14:41:15" lastUpdateLogin="11182831" enabled="true" obsolete="false" systemMaintained="false" isTimeDimension="false">
      <displayName id="XXBI_MNGR_LVL1_DIMDisplayNameId">XXBI_MNGR_LVL1_DIM</displayName>
      <description id="XXBI_MNGR_LVL1_DIMDescriptionId">Sales hierarchy first level manager</description>
      <dimensionLevels>
         <dimensionLevel id="XXBI_MNGR_LVL1_DO" objectName="XXBI_MNGR_LVL1_DO" application="XXCRM" createdBy="539150" creationDate="2010-04-30T14:41:15" lastUpdatedBy="539150" lastUpdateDate="2010-04-30T14:44:40" lastUpdateLogin="11182831" enabled="true" obsolete="false" systemMaintained="false" graphSortType="VALUE_DESC" allValueLabel="All" compValueLabel="Comparison">
            <displayName id="XXBI_MNGR_LVL1_DODisplayNameId">MGR1</displayName>
            <description id="XXBI_MNGR_LVL1_DODescriptionId">Sales hierarchy first level manager</description>
            <valueSource>
               <dataSource>
                  <table>XXBI_MNGR_LVL1_DIM_V</table>
               </dataSource>
               <column columnName="ID"/>
               <prototypeData>
                  <character id="XXBI_MNGR_LVL1_DOPrototypeData" prefix="XXBI_MNG"/>
               </prototypeData>
            </valueSource>
            <idColumn columnName="ID"/>
            <nameColumn columnName="NAME"/>
            <sortColumn columnName="NAME"/>
            <dimensionLevelRelationships/>
         </dimensionLevel>
      </dimensionLevels>
   </dimension>
   <dimension id="XXBI_CUST_CLASSIFICATION_DIM" objectName="XXBI_CUST_CLASSIFICATION_DIM" application="XXCRM" createdBy="539150" creationDate="2010-04-30T14:38:07" lastUpdatedBy="539150" lastUpdateDate="2010-04-30T14:38:07" lastUpdateLogin="11182831" enabled="true" obsolete="false" systemMaintained="false" isTimeDimension="false">
      <displayName id="XXBI_CUST_CLASSIFICATION_DIMDisplayNameId">XXBI_CUST_CLASSIFICATION_DIM</displayName>
      <description id="XXBI_CUST_CLASSIFICATION_DIMDescriptionId">Customer or Prospect</description>
      <dimensionLevels>
         <dimensionLevel id="XXBI_CUST_CLASSIFICATION_DO" objectName="XXBI_CUST_CLASSIFICATION_DO" application="XXCRM" createdBy="539150" creationDate="2010-04-30T14:38:08" lastUpdatedBy="539150" lastUpdateDate="2010-04-30T14:46:30" lastUpdateLogin="11182831" enabled="true" obsolete="false" systemMaintained="false" graphSortType="VALUE_DESC" allValueLabel="All" compValueLabel="Comparison">
            <displayName id="XXBI_CUST_CLASSIFICATION_DODisplayNameId">Customer/Prospect</displayName>
            <description id="XXBI_CUST_CLASSIFICATION_DODescriptionId">Customer or Prospect</description>
            <valueSource>
               <dataSource>
                  <table>XXBI_CUST_CLASSIFICATION_DIM_V</table>
               </dataSource>
               <column columnName="ID"/>
               <prototypeData>
                  <character id="XXBI_CUST_CLASSIFICATION_DOPrototypeData" prefix="XXBI_CUS"/>
               </prototypeData>
            </valueSource>
            <idColumn columnName="ID"/>
            <nameColumn columnName="NAME"/>
            <sortColumn columnName="NAME"/>
            <dimensionLevelRelationships/>
         </dimensionLevel>
      </dimensionLevels>
   </dimension>
   <dimension id="XXBI_ACT_USER_ENT_TYPS_DIM_V" objectName="XXBI_ACT_USER_ENT_TYPS_DIM_V" application="XXCRM" createdBy="539150" creationDate="2010-04-30T14:41:16" lastUpdatedBy="539150" lastUpdateDate="2010-04-30T14:41:16" lastUpdateLogin="11182831" enabled="true" obsolete="false" systemMaintained="false" isTimeDimension="false">
      <displayName id="XXBI_ACT_USER_ENT_TYPS_DIM_VDisplayNameId">XXBI_ACT_USER_ENT_TYPS_DIM</displayName>
      <description id="XXBI_ACT_USER_ENT_TYPS_DIM_VDescriptionId">Dimension for activity user entity types</description>
      <dimensionLevels>
         <dimensionLevel id="XXBI_ACT_USER_ENT_TYPS_DO" objectName="XXBI_ACT_USER_ENT_TYPS_DO" application="XXCRM" createdBy="539150" creationDate="2010-04-30T14:41:17" lastUpdatedBy="539150" lastUpdateDate="2010-04-30T14:43:19" lastUpdateLogin="11182831" enabled="true" obsolete="false" systemMaintained="false" graphSortType="VALUE_DESC" allValueLabel="All" compValueLabel="Comparison">
            <displayName id="XXBI_ACT_USER_ENT_TYPS_DODisplayNameId">Entity Type</displayName>
            <description id="XXBI_ACT_USER_ENT_TYPS_DODescriptionId">Dimension object for activity entity types</description>
            <valueSource>
               <dataSource>
                  <table>XXBI_ACT_USER_ENT_TYPS_DIM_V</table>
               </dataSource>
               <column columnName="ID"/>
               <prototypeData>
                  <character id="XXBI_ACT_USER_ENT_TYPS_DOPrototypeData" prefix="XXBI_ACT"/>
               </prototypeData>
            </valueSource>
            <idColumn columnName="ID"/>
            <nameColumn columnName="NAME"/>
            <sortColumn columnName="NAME"/>
            <dimensionLevelRelationships/>
         </dimensionLevel>
      </dimensionLevels>
   </dimension>
   <dimension id="XXBI_ACT_USER_REP_DIM" objectName="XXBI_ACT_USER_REP_DIM" application="XXCRM" createdBy="539150" creationDate="2010-04-30T14:41:16" lastUpdatedBy="539150" lastUpdateDate="2010-04-30T14:41:16" lastUpdateLogin="11182831" enabled="true" obsolete="false" systemMaintained="false" isTimeDimension="false">
      <displayName id="XXBI_ACT_USER_REP_DIMDisplayNameId">XXBI_ACT_USER_REP_DIM</displayName>
      <description id="XXBI_ACT_USER_REP_DIMDescriptionId">Dimension object for reps in manager activitiy DB</description>
      <dimensionLevels>
         <dimensionLevel id="XXBI_ACT_USER_REP_DO" objectName="XXBI_ACT_USER_REP_DO" application="XXCRM" createdBy="539150" creationDate="2010-04-30T14:41:16" lastUpdatedBy="539150" lastUpdateDate="2010-04-30T14:43:34" lastUpdateLogin="11182831" enabled="true" obsolete="false" systemMaintained="false" graphSortType="VALUE_DESC" allValueLabel="All" compValueLabel="Comparison">
            <displayName id="XXBI_ACT_USER_REP_DODisplayNameId">Rep</displayName>
            <description id="XXBI_ACT_USER_REP_DODescriptionId">Dimension object for rep in manager activity DB</description>
            <valueSource>
               <dataSource>
                  <table>XXBI_ACT_USER_REP_DIM_V</table>
               </dataSource>
               <column columnName="ID"/>
               <prototypeData>
                  <character id="XXBI_ACT_USER_REP_DOPrototypeData" prefix="XXBI_ACT"/>
               </prototypeData>
            </valueSource>
            <idColumn columnName="ID"/>
            <nameColumn columnName="NAME"/>
            <sortColumn columnName="NAME"/>
            <dimensionLevelRelationships/>
         </dimensionLevel>
      </dimensionLevels>
   </dimension>
   <dimension id="XXBI_ACT_TASK_TYPES_DIM" objectName="XXBI_ACT_TASK_TYPES_DIM" application="XXCRM" createdBy="539150" creationDate="2010-04-30T14:41:15" lastUpdatedBy="539150" lastUpdateDate="2010-04-30T14:41:15" lastUpdateLogin="11182831" enabled="true" obsolete="false" systemMaintained="false" isTimeDimension="false">
      <displayName id="XXBI_ACT_TASK_TYPES_DIMDisplayNameId">XXBI_ACT_TASK_TYPES_DIM</displayName>
      <description id="XXBI_ACT_TASK_TYPES_DIMDescriptionId">Dimension for Activity Task Types</description>
      <dimensionLevels>
         <dimensionLevel id="XXBI_ACT_TASK_TYPES_DO" objectName="XXBI_ACT_TASK_TYPES_DO" application="XXCRM" createdBy="539150" creationDate="2010-04-30T14:41:15" lastUpdatedBy="539150" lastUpdateDate="2010-04-30T14:45:13" lastUpdateLogin="11182831" enabled="true" obsolete="false" systemMaintained="false" graphSortType="VALUE_DESC" allValueLabel="All" compValueLabel="Comparison">
            <displayName id="XXBI_ACT_TASK_TYPES_DODisplayNameId">Type</displayName>
            <description id="XXBI_ACT_TASK_TYPES_DODescriptionId">Dimension object for activity task types</description>
            <valueSource>
               <dataSource>
                  <table>XXBI_ACT_TASK_TYPES_DIM_V</table>
               </dataSource>
               <column columnName="ID"/>
               <prototypeData>
                  <character id="XXBI_ACT_TASK_TYPES_DOPrototypeData" prefix="XXBI_ACT"/>
               </prototypeData>
            </valueSource>
            <idColumn columnName="ID"/>
            <nameColumn columnName="NAME"/>
            <sortColumn columnName="NAME"/>
            <dimensionLevelRelationships/>
         </dimensionLevel>
      </dimensionLevels>
   </dimension>
   <dimension id="XXBI_MNGR_LVL3_DIM" objectName="XXBI_MNGR_LVL3_DIM" application="XXCRM" createdBy="539150" creationDate="2010-04-30T14:41:17" lastUpdatedBy="539150" lastUpdateDate="2010-04-30T14:41:17" lastUpdateLogin="11182831" enabled="true" obsolete="false" systemMaintained="false" isTimeDimension="false">
      <displayName id="XXBI_MNGR_LVL3_DIMDisplayNameId">XXBI_MNGR_LVL3_DIM</displayName>
      <description id="XXBI_MNGR_LVL3_DIMDescriptionId">Sales hierarchy third level managers</description>
      <dimensionLevels>
         <dimensionLevel id="XXBI_MNGR_LVL3_DO" objectName="XXBI_MNGR_LVL3_DO" application="XXCRM" createdBy="539150" creationDate="2010-04-30T14:41:17" lastUpdatedBy="539150" lastUpdateDate="2010-04-30T14:42:33" lastUpdateLogin="11182831" enabled="true" obsolete="false" systemMaintained="false" graphSortType="VALUE_DESC" allValueLabel="All" compValueLabel="Comparison">
            <displayName id="XXBI_MNGR_LVL3_DODisplayNameId">MGR3</displayName>
            <description id="XXBI_MNGR_LVL3_DODescriptionId">Sales hierarchy third level manager</description>
            <valueSource>
               <dataSource>
                  <table>XXBI_MNGR_LVL3_DIM_V</table>
               </dataSource>
               <column columnName="ID"/>
               <prototypeData>
                  <character id="XXBI_MNGR_LVL3_DOPrototypeData" prefix="XXBI_MNG"/>
               </prototypeData>
            </valueSource>
            <idColumn columnName="ID"/>
            <nameColumn columnName="NAME"/>
            <sortColumn columnName="NAME"/>
            <dimensionLevelRelationships/>
         </dimensionLevel>
      </dimensionLevels>
   </dimension>
   <dimension id="XXBI_MEMBER_ROLES_DIM" objectName="XXBI_MEMBER_ROLES_DIM" application="XXCRM" createdBy="539150" creationDate="2010-04-30T14:41:17" lastUpdatedBy="539150" lastUpdateDate="2010-04-30T14:41:17" lastUpdateLogin="11182831" enabled="true" obsolete="false" systemMaintained="false" isTimeDimension="false">
      <displayName id="XXBI_MEMBER_ROLES_DIMDisplayNameId">XXBI_MEMBER_ROLES_DIM</displayName>
      <description id="XXBI_MEMBER_ROLES_DIMDescriptionId">Sales Member Roles</description>
      <dimensionLevels>
         <dimensionLevel id="XXBI_MEMBER_ROLES_DO" objectName="XXBI_MEMBER_ROLES_DO" application="XXCRM" createdBy="539150" creationDate="2010-04-30T14:41:17" lastUpdatedBy="539150" lastUpdateDate="2010-04-30T14:43:04" lastUpdateLogin="11182831" enabled="true" obsolete="false" systemMaintained="false" graphSortType="VALUE_DESC" allValueLabel="All" compValueLabel="Comparison">
            <displayName id="XXBI_MEMBER_ROLES_DODisplayNameId">Role Name</displayName>
            <description id="XXBI_MEMBER_ROLES_DODescriptionId">Sales Member Roles</description>
            <valueSource>
               <dataSource>
                  <table>XXBI_MEMBER_ROLES_DIM_V</table>
               </dataSource>
               <column columnName="ID"/>
               <prototypeData>
                  <character id="XXBI_MEMBER_ROLES_DOPrototypeData" prefix="XXBI_MEM"/>
               </prototypeData>
            </valueSource>
            <idColumn columnName="ID"/>
            <nameColumn columnName="NAME"/>
            <sortColumn columnName="NAME"/>
            <dimensionLevelRelationships/>
         </dimensionLevel>
      </dimensionLevels>
   </dimension>
   <parameterGroups>
      <parameterGroup id="XXBI_ACT_USER_TSKOWN_DIM" objectName="XXBI_ACT_USER_TSKOWN_DIM" enabled="true" obsolete="false">
         <displayName id="XXBI_ACT_USER_TSKOWN_DIMDisplayNameId">XXBI_ACT_USER_TSKOWN_DIM</displayName>
         <description id="XXBI_ACT_USER_TSKOWN_DIMDescriptionId">Dimension for activity task owner</description>
         <parameters>
            <parameter dimensionName="XXBI_ACT_USER_TSKOWN_DIM" dimensionLevelName="XXBI_ACT_USER_TSKOWN_DO" allEnabled="true" viewByEnabled="true" displayTypeWhenAllValuesInParent="DISPLAY" displayTypeWhenNoValuesAvailable="DISPLAY" whereClause="">
               <defaultValue>
                  <literal>ALL</literal>
               </defaultValue>
            </parameter>
         </parameters>
      </parameterGroup>
      <parameterGroup id="XXBI_WEEK_NUMBERS_DIM" objectName="XXBI_WEEK_NUMBERS_DIM" enabled="true" obsolete="false">
         <displayName id="XXBI_WEEK_NUMBERS_DIMDisplayNameId">XXBI_WEEK_NUMBERS_DIM</displayName>
         <description id="XXBI_WEEK_NUMBERS_DIMDescriptionId">Weeks in a year (1-53)</description>
         <parameters>
            <parameter dimensionName="XXBI_WEEK_NUMBERS_DIM" dimensionLevelName="XXBI_WEEK_NUMBERS_DO" allEnabled="true" viewByEnabled="true" displayTypeWhenAllValuesInParent="DISPLAY" displayTypeWhenNoValuesAvailable="DISPLAY" whereClause="">
               <defaultValue>
                  <literal>ALL</literal>
               </defaultValue>
            </parameter>
         </parameters>
      </parameterGroup>
      <parameterGroup id="XXBI_MNGR_LVL2_DIM" objectName="XXBI_MNGR_LVL2_DIM" enabled="true" obsolete="false">
         <displayName id="XXBI_MNGR_LVL2_DIMDisplayNameId">XXBI_MNGR_LVL2_DIM</displayName>
         <description id="XXBI_MNGR_LVL2_DIMDescriptionId">Sales hierarchy second level managers</description>
         <parameters>
            <parameter dimensionName="XXBI_MNGR_LVL2_DIM" dimensionLevelName="XXBI_MNGR_LVL2_DO" allEnabled="true" viewByEnabled="true" displayTypeWhenAllValuesInParent="DISPLAY" displayTypeWhenNoValuesAvailable="DISPLAY" whereClause="">
               <defaultValue>
                  <literal>ALL</literal>
               </defaultValue>
            </parameter>
         </parameters>
      </parameterGroup>
      <parameterGroup id="XXBI_ACT_USER_SITEOWN_DIM" objectName="XXBI_ACT_USER_SITEOWN_DIM" enabled="true" obsolete="false">
         <displayName id="XXBI_ACT_USER_SITEOWN_DIMDisplayNameId">XXBI_ACT_USER_SITEOWN_DIM</displayName>
         <description id="XXBI_ACT_USER_SITEOWN_DIMDescriptionId">Dimension for activity site owned</description>
         <parameters>
            <parameter dimensionName="XXBI_ACT_USER_SITEOWN_DIM" dimensionLevelName="XXBI_ACT_USER_SITEOWN_DO" allEnabled="true" viewByEnabled="true" displayTypeWhenAllValuesInParent="DISPLAY" displayTypeWhenNoValuesAvailable="DISPLAY" whereClause="">
               <defaultValue>
                  <literal>ALL</literal>
               </defaultValue>
            </parameter>
         </parameters>
      </parameterGroup>
      <parameterGroup id="XXBI_FISCAL_YEAR_DIM" objectName="XXBI_FISCAL_YEAR_DIM" enabled="true" obsolete="false">
         <displayName id="XXBI_FISCAL_YEAR_DIMDisplayNameId">XXBI_FISCAL_YEAR_DIM</displayName>
         <description id="XXBI_FISCAL_YEAR_DIMDescriptionId">OD fiscal years</description>
         <parameters>
            <parameter dimensionName="XXBI_FISCAL_YEAR_DIM" dimensionLevelName="XXBI_FISCAL_YEAR_DO" allEnabled="false" viewByEnabled="false" displayTypeWhenAllValuesInParent="DISPLAY" displayTypeWhenNoValuesAvailable="DISPLAY" whereClause="">
               <defaultValue>
                  <literal>ALL</literal>
               </defaultValue>
            </parameter>
         </parameters>
      </parameterGroup>
      <parameterGroup id="XXBI_MNGR_LVL1_DIM" objectName="XXBI_MNGR_LVL1_DIM" enabled="true" obsolete="false">
         <displayName id="XXBI_MNGR_LVL1_DIMDisplayNameId">XXBI_MNGR_LVL1_DIM</displayName>
         <description id="XXBI_MNGR_LVL1_DIMDescriptionId">Sales hierarchy first level manager</description>
         <parameters>
            <parameter dimensionName="XXBI_MNGR_LVL1_DIM" dimensionLevelName="XXBI_MNGR_LVL1_DO" allEnabled="true" viewByEnabled="true" displayTypeWhenAllValuesInParent="DISPLAY" displayTypeWhenNoValuesAvailable="DISPLAY" whereClause="">
               <defaultValue>
                  <literal>ALL</literal>
               </defaultValue>
            </parameter>
         </parameters>
      </parameterGroup>
      <parameterGroup id="XXBI_CUST_CLASSIFICATION_DIM" objectName="XXBI_CUST_CLASSIFICATION_DIM" enabled="true" obsolete="false">
         <displayName id="XXBI_CUST_CLASSIFICATION_DIMDisplayNameId">XXBI_CUST_CLASSIFICATION_DIM</displayName>
         <description id="XXBI_CUST_CLASSIFICATION_DIMDescriptionId">Customer or Prospect</description>
         <parameters>
            <parameter dimensionName="XXBI_CUST_CLASSIFICATION_DIM" dimensionLevelName="XXBI_CUST_CLASSIFICATION_DO" allEnabled="true" viewByEnabled="true" displayTypeWhenAllValuesInParent="DISPLAY" displayTypeWhenNoValuesAvailable="DISPLAY" whereClause="">
               <defaultValue>
                  <literal>ALL</literal>
               </defaultValue>
            </parameter>
         </parameters>
      </parameterGroup>
      <parameterGroup id="XXBI_ACT_USER_ENT_TYPS_DIM_V" objectName="XXBI_ACT_USER_ENT_TYPS_DIM_V" enabled="true" obsolete="false">
         <displayName id="XXBI_ACT_USER_ENT_TYPS_DIM_VDisplayNameId">XXBI_ACT_USER_ENT_TYPS_DIM</displayName>
         <description id="XXBI_ACT_USER_ENT_TYPS_DIM_VDescriptionId">Dimension for activity user entity types</description>
         <parameters>
            <parameter dimensionName="XXBI_ACT_USER_ENT_TYPS_DIM_V" dimensionLevelName="XXBI_ACT_USER_ENT_TYPS_DO" allEnabled="true" viewByEnabled="true" displayTypeWhenAllValuesInParent="DISPLAY" displayTypeWhenNoValuesAvailable="DISPLAY" whereClause="">
               <defaultValue>
                  <literal>ALL</literal>
               </defaultValue>
            </parameter>
         </parameters>
      </parameterGroup>
      <parameterGroup id="XXBI_ACT_USER_REP_DIM" objectName="XXBI_ACT_USER_REP_DIM" enabled="true" obsolete="false">
         <displayName id="XXBI_ACT_USER_REP_DIMDisplayNameId">XXBI_ACT_USER_REP_DIM</displayName>
         <description id="XXBI_ACT_USER_REP_DIMDescriptionId">Dimension object for reps in manager activitiy DB</description>
         <parameters>
            <parameter dimensionName="XXBI_ACT_USER_REP_DIM" dimensionLevelName="XXBI_ACT_USER_REP_DO" allEnabled="true" viewByEnabled="true" displayTypeWhenAllValuesInParent="DISPLAY" displayTypeWhenNoValuesAvailable="DISPLAY" whereClause="">
               <defaultValue>
                  <literal>ALL</literal>
               </defaultValue>
            </parameter>
         </parameters>
      </parameterGroup>
      <parameterGroup id="XXBI_ACT_TASK_TYPES_DIM" objectName="XXBI_ACT_TASK_TYPES_DIM" enabled="true" obsolete="false">
         <displayName id="XXBI_ACT_TASK_TYPES_DIMDisplayNameId">XXBI_ACT_TASK_TYPES_DIM</displayName>
         <description id="XXBI_ACT_TASK_TYPES_DIMDescriptionId">Dimension for Activity Task Types</description>
         <parameters>
            <parameter dimensionName="XXBI_ACT_TASK_TYPES_DIM" dimensionLevelName="XXBI_ACT_TASK_TYPES_DO" allEnabled="true" viewByEnabled="true" displayTypeWhenAllValuesInParent="DISPLAY" displayTypeWhenNoValuesAvailable="DISPLAY" whereClause="">
               <defaultValue>
                  <literal>ALL</literal>
               </defaultValue>
            </parameter>
         </parameters>
      </parameterGroup>
      <parameterGroup id="XXBI_MNGR_LVL3_DIM" objectName="XXBI_MNGR_LVL3_DIM" enabled="true" obsolete="false">
         <displayName id="XXBI_MNGR_LVL3_DIMDisplayNameId">XXBI_MNGR_LVL3_DIM</displayName>
         <description id="XXBI_MNGR_LVL3_DIMDescriptionId">Sales hierarchy third level managers</description>
         <parameters>
            <parameter dimensionName="XXBI_MNGR_LVL3_DIM" dimensionLevelName="XXBI_MNGR_LVL3_DO" allEnabled="true" viewByEnabled="true" displayTypeWhenAllValuesInParent="DISPLAY" displayTypeWhenNoValuesAvailable="DISPLAY" whereClause="">
               <defaultValue>
                  <literal>ALL</literal>
               </defaultValue>
            </parameter>
         </parameters>
      </parameterGroup>
      <parameterGroup id="XXBI_MEMBER_ROLES_DIM" objectName="XXBI_MEMBER_ROLES_DIM" enabled="true" obsolete="false">
         <displayName id="XXBI_MEMBER_ROLES_DIMDisplayNameId">XXBI_MEMBER_ROLES_DIM</displayName>
         <description id="XXBI_MEMBER_ROLES_DIMDescriptionId">Sales Member Roles</description>
         <parameters>
            <parameter dimensionName="XXBI_MEMBER_ROLES_DIM" dimensionLevelName="XXBI_MEMBER_ROLES_DO" allEnabled="true" viewByEnabled="true" displayTypeWhenAllValuesInParent="DISPLAY" displayTypeWhenNoValuesAvailable="DISPLAY" whereClause="">
               <defaultValue>
                  <literal>ALL</literal>
               </defaultValue>
            </parameter>
         </parameters>
      </parameterGroup>
      <parameterGroup id="XXBI_MGR_ACTIVITIES_SUM_RPT" objectName="XXBI_MGR_ACTIVITIES_SUM_RPT" enabled="true" obsolete="false">
         <displayName id="XXBI_MGR_ACTIVITIES_SUM_RPTDisplayNameId">Activity Summary</displayName>
         <description id="XXBI_MGR_ACTIVITIES_SUM_RPTDescriptionId"/>
         <parameters>
            <parameter dimensionName="XXBI_ACT_USER_TSKOWN_DIM" dimensionLevelName="XXBI_ACT_USER_TSKOWN_DO" allEnabled="true" viewByEnabled="true" displayTypeWhenAllValuesInParent="DISPLAY" displayTypeWhenNoValuesAvailable="DISPLAY" whereClause="">
               <defaultValue>
                  <literal>ALL</literal>
               </defaultValue>
            </parameter>
            <parameter dimensionName="XXBI_WEEK_NUMBERS_DIM" dimensionLevelName="XXBI_WEEK_NUMBERS_DO" allEnabled="true" viewByEnabled="true" displayTypeWhenAllValuesInParent="DISPLAY" displayTypeWhenNoValuesAvailable="DISPLAY" whereClause="">
               <defaultValue>
                  <literal>ALL</literal>
               </defaultValue>
            </parameter>
            <parameter dimensionName="XXBI_MNGR_LVL2_DIM" dimensionLevelName="XXBI_MNGR_LVL2_DO" allEnabled="true" viewByEnabled="true" displayTypeWhenAllValuesInParent="DISPLAY" displayTypeWhenNoValuesAvailable="DISPLAY" whereClause="">
               <defaultValue>
                  <literal>ALL</literal>
               </defaultValue>
            </parameter>
            <parameter dimensionName="XXBI_ACT_USER_SITEOWN_DIM" dimensionLevelName="XXBI_ACT_USER_SITEOWN_DO" allEnabled="true" viewByEnabled="true" displayTypeWhenAllValuesInParent="DISPLAY" displayTypeWhenNoValuesAvailable="DISPLAY" whereClause="">
               <defaultValue>
                  <literal>ALL</literal>
               </defaultValue>
            </parameter>
            <parameter dimensionName="XXBI_FISCAL_YEAR_DIM" dimensionLevelName="XXBI_FISCAL_YEAR_DO" allEnabled="false" viewByEnabled="true" displayTypeWhenAllValuesInParent="DISPLAY" displayTypeWhenNoValuesAvailable="DISPLAY" whereClause="">
               <defaultValue>
                  <literal>ALL</literal>
               </defaultValue>
            </parameter>
            <parameter dimensionName="XXBI_MNGR_LVL1_DIM" dimensionLevelName="XXBI_MNGR_LVL1_DO" allEnabled="true" viewByEnabled="true" displayTypeWhenAllValuesInParent="DISPLAY" displayTypeWhenNoValuesAvailable="DISPLAY" whereClause="">
               <defaultValue>
                  <literal>ALL</literal>
               </defaultValue>
            </parameter>
            <parameter dimensionName="XXBI_CUST_CLASSIFICATION_DIM" dimensionLevelName="XXBI_CUST_CLASSIFICATION_DO" allEnabled="true" viewByEnabled="true" displayTypeWhenAllValuesInParent="DISPLAY" displayTypeWhenNoValuesAvailable="DISPLAY" whereClause="">
               <defaultValue>
                  <literal>ALL</literal>
               </defaultValue>
            </parameter>
            <parameter dimensionName="XXBI_ACT_USER_ENT_TYPS_DIM_V" dimensionLevelName="XXBI_ACT_USER_ENT_TYPS_DO" allEnabled="true" viewByEnabled="true" displayTypeWhenAllValuesInParent="DISPLAY" displayTypeWhenNoValuesAvailable="DISPLAY" whereClause="">
               <defaultValue>
                  <literal>ALL</literal>
               </defaultValue>
            </parameter>
            <parameter dimensionName="XXBI_ACT_USER_REP_DIM" dimensionLevelName="XXBI_ACT_USER_REP_DO" allEnabled="true" viewByEnabled="true" displayTypeWhenAllValuesInParent="DISPLAY" displayTypeWhenNoValuesAvailable="DISPLAY" whereClause="">
               <defaultValue>
                  <literal>ALL</literal>
               </defaultValue>
            </parameter>
            <parameter dimensionName="XXBI_ACT_TASK_TYPES_DIM" dimensionLevelName="XXBI_ACT_TASK_TYPES_DO" allEnabled="true" viewByEnabled="true" displayTypeWhenAllValuesInParent="DISPLAY" displayTypeWhenNoValuesAvailable="DISPLAY" whereClause="">
               <defaultValue>
                  <literal>ALL</literal>
               </defaultValue>
            </parameter>
            <parameter dimensionName="XXBI_MNGR_LVL3_DIM" dimensionLevelName="XXBI_MNGR_LVL3_DO" allEnabled="true" viewByEnabled="true" displayTypeWhenAllValuesInParent="DISPLAY" displayTypeWhenNoValuesAvailable="DISPLAY" whereClause="">
               <defaultValue>
                  <literal>ALL</literal>
               </defaultValue>
            </parameter>
            <parameter dimensionName="XXBI_MEMBER_ROLES_DIM" dimensionLevelName="XXBI_MEMBER_ROLES_DO" allEnabled="true" viewByEnabled="true" displayTypeWhenAllValuesInParent="DISPLAY" displayTypeWhenNoValuesAvailable="DISPLAY" whereClause="">
               <defaultValue>
                  <literal>ALL</literal>
               </defaultValue>
            </parameter>
         </parameters>
      </parameterGroup>
   </parameterGroups>
</dimensions>
