<?xml version="1.0" encoding='windows-1252'?>
<!DOCTYPE ViewObject SYSTEM "jbo_03_01.dtd">
<!--
Subversion Info:
$HeadURL: http://svn.na.odcorp.net/od/common/branches/10.4/xxcomn/java/od/oracle/apps/xxcrm/cdh/ebl/lov/server/ODEBillDocIdLOVVO.xml $
$Rev: 113643 $
$Date: 2010-09-14 00:18:12 +0530 (Tue, 14 Sep 2010) $
-->
<ViewObject
   Name="ODEBillDocIdLOVVO"
   BindingStyle="Oracle"
   CustomQuery="true"
   RowClass="oracle.apps.fnd.framework.server.OAViewRowImpl"
   ComponentClass="od.oracle.apps.xxcrm.cdh.ebl.lov.server.ODEBillDocIdLOVVOImpl"
   MsgBundleClass="oracle.jbo.common.JboResourceBundle"
   UseGlueCode="false" >
   <SQLQuery><![CDATA[
select DOCUMENT_ID,DOC_TYPE,DOC_DESC
from XX_CDH_MBS_DOCUMENT_MASTER
   ]]></SQLQuery>
   <DesignTime>
      <Attr Name="_version" Value="9.0.3.12.53" />
      <Attr Name="_CodeGenFlagNew" Value="36" />
   </DesignTime>
   <ViewAttribute
      Name="DocumentId"
      IsPersistent="false"
      IsNotNull="true"
      Precision="5"
      Scale="0"
      Type="oracle.jbo.domain.Number"
      AliasName="DOCUMENT_ID"
      ColumnType="VARCHAR2"
      Expression="DOCUMENT_ID"
      SQLType="NUMERIC" >
      <DesignTime>
         <Attr Name="_DisplaySize" Value="22" />
      </DesignTime>
   </ViewAttribute>
   <ViewAttribute
      Name="DocType"
      IsPersistent="false"
      Precision="17"
      Type="java.lang.String"
      AliasName="DOC_TYPE"
      ColumnType="VARCHAR2"
      Expression="DOC_TYPE"
      SQLType="VARCHAR" >
      <DesignTime>
         <Attr Name="_DisplaySize" Value="17" />
      </DesignTime>
   </ViewAttribute>
   <ViewAttribute
      Name="DocDesc"
      IsPersistent="false"
      Precision="50"
      Type="java.lang.String"
      AliasName="DOC_DESC"
      ColumnType="VARCHAR2"
      Expression="DOC_DESC"
      SQLType="VARCHAR" >
      <DesignTime>
         <Attr Name="_DisplaySize" Value="50" />
      </DesignTime>
   </ViewAttribute>
</ViewObject>
