<?xml version="1.0" encoding='windows-1252'?>
<!DOCTYPE ViewObject SYSTEM "jbo_03_01.dtd">
<!--
Subversion Info:
$HeadURL: http://svn.na.odcorp.net/od/common/branches/10.4/xxcomn/java/od/oracle/apps/xxcrm/cdh/ebl/lov/server/ODEBillLocationsLOVVO.xml $
$Rev: 113643 $
$Date: 2010-09-14 00:18:12 +0530 (Tue, 14 Sep 2010) $
-->
<ViewObject
   Name="ODEBillLocationsLOVVO"
   BindingStyle="Oracle"
   CustomQuery="true"
   RowClass="oracle.apps.fnd.framework.server.OAViewRowImpl"
   ComponentClass="oracle.apps.fnd.framework.server.OAViewObjectImpl"
   MsgBundleClass="oracle.jbo.common.JboResourceBundle"
   UseGlueCode="false" >
   <SQLQuery><![CDATA[
SELECT  arp_addr_pkg.format_address( HL.address_style ,HL.address1
                                    , HL.address2 ,HL.address3
                                    , HL.address4 ,HL.city
                                    , HL.county ,HL.state
                                    , HL.province ,HL.postal_code
                                    , HTV.territory_short_name ) ADDRESS
       , HCSU.site_use_code
       , HCAS.cust_account_id 
       , HCAS.cust_acct_site_id       
    FROM fnd_territories_vl HTV
       , hz_cust_acct_sites HCAS
       , hz_party_sites HPS
       , hz_locations HL    
       , hz_cust_site_uses HCSU
    WHERE HL.country = HTV.territory_code(+) 
      AND HCAS.party_site_id = HPS.party_site_id 
      AND HL.location_id = HPS.location_id 
      AND HCAS.cust_acct_site_id = HCSU.cust_acct_site_id
      AND HCAS.status = 'A'
   ]]></SQLQuery>
   <DesignTime>
      <Attr Name="_version" Value="9.0.3.12.53" />
      <Attr Name="_CodeGenFlagNew" Value="4" />
   </DesignTime>
   <ViewAttribute
      Name="Address"
      IsPersistent="false"
      Precision="4000"
      Type="java.lang.String"
      AliasName="ADDRESS"
      ColumnType="VARCHAR2"
      Expression="ADDRESS"
      SQLType="VARCHAR" >
      <DesignTime>
         <Attr Name="_DisplaySize" Value="4000" />
      </DesignTime>
   </ViewAttribute>
   <ViewAttribute
      Name="SiteUseCode"
      IsPersistent="false"
      IsNotNull="true"
      Precision="30"
      Type="java.lang.String"
      AliasName="SITE_USE_CODE"
      ColumnType="VARCHAR2"
      Expression="SITE_USE_CODE"
      SQLType="VARCHAR" >
      <DesignTime>
         <Attr Name="_DisplaySize" Value="30" />
      </DesignTime>
   </ViewAttribute>
   <ViewAttribute
      Name="CustAccountId"
      IsPersistent="false"
      IsNotNull="true"
      Precision="15"
      Scale="0"
      Type="oracle.jbo.domain.Number"
      AliasName="CUST_ACCOUNT_ID"
      ColumnType="VARCHAR2"
      Expression="CUST_ACCOUNT_ID"
      SQLType="NUMERIC" >
      <DesignTime>
         <Attr Name="_DisplaySize" Value="22" />
      </DesignTime>
   </ViewAttribute>
   <ViewAttribute
      Name="CustAcctSiteId"
      IsPersistent="false"
      IsNotNull="true"
      Precision="15"
      Scale="0"
      Type="oracle.jbo.domain.Number"
      AliasName="CUST_ACCT_SITE_ID"
      ColumnType="VARCHAR2"
      Expression="CUST_ACCT_SITE_ID"
      SQLType="NUMERIC" >
      <DesignTime>
         <Attr Name="_DisplaySize" Value="22" />
      </DesignTime>
   </ViewAttribute>
</ViewObject>
