<?xml version="1.0" encoding='windows-1252'?>
<!DOCTYPE ViewObject SYSTEM "jbo_03_01.dtd">
<!--
Subversion Info:
$HeadURL: http://svn.na.odcorp.net/od/common/branches/10.4/xxcomn/java/od/oracle/apps/xxcrm/cdh/ebl/lov/server/ODEBillCustDocIdLOVVO.xml $
$Rev: 113643 $
$Date: 2010-09-14 00:18:12 +0530 (Tue, 14 Sep 2010) $
-->
<ViewObject
   Name="ODEBillCustDocIdLOVVO"
   BindingStyle="Oracle"
   CustomQuery="true"
   RowClass="od.oracle.apps.xxcrm.cdh.ebl.lov.server.ODEBillCustDocIdLOVVORowImpl"
   ComponentClass="oracle.apps.fnd.framework.server.OAViewObjectImpl"
   MsgBundleClass="oracle.jbo.common.JboResourceBundle"
   UseGlueCode="false" >
   <SQLQuery><![CDATA[
SELECT N_EXT_ATTR2 cust_doc_id , cust_account_id
FROM XX_CDH_CUST_ACCT_EXT_B
WHERE attr_group_id =
  (SELECT attr_group_id
  FROM ego_attr_groups_v
  WHERE attr_group_type = 'XX_CDH_CUST_ACCOUNT'
  AND attr_group_name   = 'BILLDOCS'
  )
AND c_ext_attr2  ='N'
AND c_ext_attr16 ='COMPLETE'
AND SYSDATE BETWEEN d_ext_attr1 and NVL(d_ext_attr2, sysdate + 1)
   ]]></SQLQuery>
   <DesignTime>
      <Attr Name="_isCodegen" Value="true" />
      <Attr Name="_version" Value="9.0.3.12.53" />
      <Attr Name="_CodeGenFlagNew" Value="4" />
   </DesignTime>
   <ViewAttribute
      Name="CustDocId"
      IsPersistent="false"
      Precision="22"
      Scale="5"
      Type="oracle.jbo.domain.Number"
      AliasName="CUST_DOC_ID"
      ColumnType="VARCHAR2"
      Expression="CUST_DOC_ID"
      SQLType="NUMERIC" >
      <DesignTime>
         <Attr Name="_DisplaySize" Value="22" />
      </DesignTime>
   </ViewAttribute>
   <ViewAttribute
      Name="CustAccountId"
      IsPersistent="false"
      IsNotNull="true"
      Precision="15"
      Scale="0"
      Type="oracle.jbo.domain.Number"
      AliasName="CUST_ACCOUNT_ID"
      ColumnType="VARCHAR2"
      Expression="CUST_ACCOUNT_ID"
      SQLType="NUMERIC" >
      <DesignTime>
         <Attr Name="_DisplaySize" Value="22" />
      </DesignTime>
   </ViewAttribute>
</ViewObject>
