<?xml version="1.0" encoding='windows-1252'?>
<!DOCTYPE ViewObject SYSTEM "jbo_03_01.dtd">

<ViewObject
   Name="ODEBillDocCopyLOVVO"
   BindingStyle="Oracle"
   CustomQuery="true"
   RowClass="od.oracle.apps.xxcrm.cdh.ebl.lov.server.ODEBillDocCopyLOVVORowImpl"
   ComponentClass="oracle.apps.fnd.framework.server.OAViewObjectImpl"
   MsgBundleClass="oracle.jbo.common.JboResourceBundle"
   UseGlueCode="false" >
   <SQLQuery><![CDATA[
SELECT distinct HCA.account_name customer_name
        ,HCA.account_number customer_number
        ,SUBSTR(HCA.orig_system_reference,1,8) aops_number
        ,HCA.cust_account_id cust_acct_id
	   FROM hz_cust_accounts HCA
    , XX_CDH_CUST_ACCT_EXT_B XCEB
    , ego_attr_groups_v EAG
WHERE XCEB.attr_group_id = EAG.attr_group_id
  AND EAG.attr_group_type = 'XX_CDH_CUST_ACCOUNT'
  AND EAG.attr_group_name = 'BILLDOCS'
  AND HCA.cust_account_id = XCEB.cust_account_id
   ]]></SQLQuery>
   <DesignTime>
      <Attr Name="_isCodegen" Value="true" />
      <Attr Name="_version" Value="9.0.3.12.53" />
      <Attr Name="_CodeGenFlagNew" Value="4" />
   </DesignTime>
   <ViewAttribute
      Name="CustomerName"
      IsPersistent="false"
      Precision="240"
      Type="java.lang.String"
      AliasName="CUSTOMER_NAME"
      ColumnType="VARCHAR2"
      Expression="CUSTOMER_NAME"
      SQLType="VARCHAR" >
      <DesignTime>
         <Attr Name="_DisplaySize" Value="240" />
      </DesignTime>
   </ViewAttribute>
   <ViewAttribute
      Name="CustomerNumber"
      IsPersistent="false"
      IsNotNull="true"
      Precision="30"
      Type="java.lang.String"
      AliasName="CUSTOMER_NUMBER"
      ColumnType="VARCHAR2"
      Expression="CUSTOMER_NUMBER"
      SQLType="VARCHAR" >
      <DesignTime>
         <Attr Name="_DisplaySize" Value="30" />
      </DesignTime>
   </ViewAttribute>
   <ViewAttribute
      Name="AopsNumber"
      IsPersistent="false"
      Precision="24"
      Type="java.lang.String"
      AliasName="AOPS_NUMBER"
      ColumnType="VARCHAR2"
      Expression="AOPS_NUMBER"
      SQLType="VARCHAR" >
      <DesignTime>
         <Attr Name="_DisplaySize" Value="24" />
      </DesignTime>
   </ViewAttribute>
   <ViewAttribute
      Name="CustAcctId"
      IsPersistent="false"
      IsNotNull="true"
      Precision="15"
      Scale="0"
      Type="oracle.jbo.domain.Number"
      AliasName="CUST_ACCT_ID"
      ColumnType="VARCHAR2"
      Expression="CUST_ACCT_ID"
      SQLType="NUMERIC" >
      <DesignTime>
         <Attr Name="_DisplaySize" Value="22" />
      </DesignTime>
   </ViewAttribute>
</ViewObject>
