<?xml version="1.0" encoding='windows-1252'?>
<!DOCTYPE ViewObject SYSTEM "jbo_03_01.dtd">

<ViewObject
   Name="ODEBillPaymentTermLOVVO"
   BindingStyle="Oracle"
   CustomQuery="true"
   RowClass="oracle.apps.fnd.framework.server.OAViewRowImpl"
   ComponentClass="od.oracle.apps.xxcrm.cdh.ebl.lov.server.ODEBillPaymentTermLOVVOImpl"
   MsgBundleClass="oracle.jbo.common.JboResourceBundle"
   UseGlueCode="false" >
   <SQLQuery><![CDATA[
SELECT NAME,TERM_ID,ATTRIBUTE1,ATTRIBUTE2,ATTRIBUTE5
FROM RA_TERMS
WHERE TRUNC(sysdate) BETWEEN start_date_active AND NVL(end_date_active,TRUNC(sysdate))
--AND in_use='Y'
AND XX_AR_INV_FREQ_PKG.COMPUTE_EFFECTIVE_DATE(name,sysdate) is not null
   ]]></SQLQuery>
   <DesignTime>
      <Attr Name="_version" Value="9.0.3.12.53" />
      <Attr Name="_CodeGenFlagNew" Value="36" />
   </DesignTime>
   <ViewAttribute
      Name="Name"
      IsPersistent="false"
      IsNotNull="true"
      Precision="15"
      Type="java.lang.String"
      AliasName="NAME"
      ColumnType="VARCHAR2"
      Expression="NAME"
      SQLType="VARCHAR" >
      <DesignTime>
         <Attr Name="_DisplaySize" Value="15" />
      </DesignTime>
   </ViewAttribute>
   <ViewAttribute
      Name="TermId"
      IsPersistent="false"
      IsNotNull="true"
      Precision="15"
      Scale="0"
      Type="oracle.jbo.domain.Number"
      AliasName="TERM_ID"
      ColumnType="VARCHAR2"
      Expression="TERM_ID"
      SQLType="NUMERIC" >
      <DesignTime>
         <Attr Name="_DisplaySize" Value="22" />
      </DesignTime>
   </ViewAttribute>
   <ViewAttribute
      Name="Attribute1"
      IsPersistent="false"
      Precision="150"
      Type="java.lang.String"
      AliasName="ATTRIBUTE1"
      ColumnType="VARCHAR2"
      Expression="ATTRIBUTE1"
      SQLType="VARCHAR" >
      <DesignTime>
         <Attr Name="_DisplaySize" Value="150" />
      </DesignTime>
   </ViewAttribute>
   <ViewAttribute
      Name="Attribute2"
      IsPersistent="false"
      Precision="150"
      Type="java.lang.String"
      AliasName="ATTRIBUTE2"
      ColumnType="VARCHAR2"
      Expression="ATTRIBUTE2"
      SQLType="VARCHAR" >
      <DesignTime>
         <Attr Name="_DisplaySize" Value="150" />
      </DesignTime>
   </ViewAttribute>
   <ViewAttribute
      Name="Attribute5"
      IsPersistent="false"
      Precision="150"
      Type="java.lang.String"
      AliasName="ATTRIBUTE5"
      ColumnType="VARCHAR2"
      Expression="ATTRIBUTE5"
      SQLType="VARCHAR" >
      <DesignTime>
         <Attr Name="_DisplaySize" Value="150" />
      </DesignTime>
   </ViewAttribute>
</ViewObject>
