<?xml version="1.0" encoding='windows-1252'?>
<!DOCTYPE ViewObject SYSTEM "jbo_03_01.dtd">

<ViewObject
   Name="ODEBillAggrFieldLOVVO"
   BindingStyle="Oracle"
   CustomQuery="true"
   RowClass="oracle.apps.fnd.framework.server.OAViewRowImpl"
   ComponentClass="oracle.apps.fnd.framework.server.OAViewObjectImpl"
   MsgBundleClass="oracle.jbo.common.JboResourceBundle"
   UseGlueCode="false" >
   <SQLQuery><![CDATA[
SELECT XCEF.field_name
     , XCEF.field_id
     , xcet.cust_doc_id
FROM xx_cdh_ebilling_fields_v XCEF
    ,xx_cdh_ebl_templ_dtl XCET
WHERE aggegatable = 'Y'
 AND include_in_standard = 'Y'
 AND xcef.field_id= xcet.field_id
 AND XCET.attribute1='Y'
   ]]></SQLQuery>
   <DesignTime>
      <Attr Name="_version" Value="9.0.3.12.53" />
      <Attr Name="_CodeGenFlagNew" Value="4" />
   </DesignTime>
   <ViewAttribute
      Name="FieldName"
      IsPersistent="false"
      Precision="240"
      Type="java.lang.String"
      AliasName="FIELD_NAME"
      ColumnType="VARCHAR2"
      Expression="FIELD_NAME"
      SQLType="VARCHAR" >
      <DesignTime>
         <Attr Name="_DisplaySize" Value="240" />
      </DesignTime>
   </ViewAttribute>
   <ViewAttribute
      Name="FieldId"
      IsPersistent="false"
      Precision="240"
      Type="java.lang.String"
      AliasName="FIELD_ID"
      ColumnType="VARCHAR2"
      Expression="FIELD_ID"
      SQLType="VARCHAR" >
      <DesignTime>
         <Attr Name="_DisplaySize" Value="240" />
      </DesignTime>
   </ViewAttribute>
   <ViewAttribute
      Name="CustDocId"
      IsPersistent="false"
      IsNotNull="true"
      Precision="15"
      Scale="0"
      Type="oracle.jbo.domain.Number"
      AliasName="CUST_DOC_ID"
      ColumnType="VARCHAR2"
      Expression="CUST_DOC_ID"
      SQLType="NUMERIC" >
      <DesignTime>
         <Attr Name="_DisplaySize" Value="22" />
      </DesignTime>
   </ViewAttribute>
</ViewObject>
