<?xml version="1.0" encoding="UTF-8" ?>
<!-- Generated by Oracle SOA Modeler version 1.0 at [7/25/12 6:04 PM]. -->
<composite name="SupplierEBS"
           revision="1.0"
           label="2012-07-25_18-04-15_178"
           mode="active"
           state="on"
           xmlns="http://xmlns.oracle.com/sca/1.0"
           xmlns:xs="http://www.w3.org/2001/XMLSchema"
           xmlns:wsp="http://schemas.xmlsoap.org/ws/2004/09/policy"
           xmlns:orawsp="http://schemas.oracle.com/ws/2006/01/policy"
           xmlns:ui="http://xmlns.oracle.com/soa/designer/">
  <import namespace="http://xmlns.officedepot.org/EnterpriseObjects/Core/EBO/Supplier/V1"
          location="oramds:/apps/ODCommon/EnterpriseServices/Core/EBO/Supplier/V1/SupplierEBSV1.wsdl"
          importType="wsdl"/>
  <import namespace="http://xmlns.officedepot.org/EnterpriseObjects/Core/EBO/Supplier/V1"
          location="http://VELAMBIL-LAP.idc.oracle.com:7001/soa-infra/services/default/SynchSupplierGSSProvABCS/SyncSupplierGSSService?WSDL"
          importType="wsdl"/>
  <service name="SupplierEBSService"
           ui:wsdlLocation="oramds:/apps/ODCommon/EnterpriseServices/Core/EBO/Supplier/V1/SupplierEBSV1.wsdl">
    <interface.wsdl interface="http://xmlns.officedepot.org/EnterpriseObjects/Core/EBO/Supplier/V1#wsdl.interface(SynchSupplierEBS)"/>
    <binding.ws port="http://xmlns.officedepot.org/EnterpriseObjects/Core/EBO/Supplier/V1#wsdl.endpoint(SupplierEBS/SynchSupplierEBS_pt)">
      <property name="weblogic.wsee.wsat.transaction.flowOption"
                type="xs:string" many="false">NEVER</property>
    </binding.ws>
  </service>
  <component name="SupplierEBS">
    <implementation.mediator src="SupplierEBS.mplan"/>
  </component>
  <reference name="SynchSupplierGSSServiceReference"
             ui:wsdlLocation="http://VELAMBIL-LAP.idc.oracle.com:7001/soa-infra/services/default/SynchSupplierGSSProvABCS/SyncSupplierGSSService?WSDL">
    <interface.wsdl interface="http://xmlns.officedepot.org/EnterpriseObjects/Core/EBO/Supplier/V1#wsdl.interface(SynchSupplierEBS)"/>
    <binding.ws port="http://xmlns.officedepot.org/EnterpriseObjects/Core/EBO/Supplier/V1#wsdl.endpoint(SyncSupplierGSSService/SynchSupplierEBS_pt)"
                location="http://VELAMBIL-LAP.idc.oracle.com:7001/soa-infra/services/default/SynchSupplierGSSProvABCS/SyncSupplierGSSService?WSDL"
                soapVersion="1.1">
      <property name="weblogic.wsee.wsat.transaction.flowOption"
                type="xs:string" many="false">WSDLDriven</property>
    </binding.ws>
  </reference>
  <wire>
    <source.uri>SupplierEBS/SynchSupplierGSSServiceReference</source.uri>
    <target.uri>SynchSupplierGSSServiceReference</target.uri>
  </wire>
  <wire>
    <source.uri>SupplierEBSService</source.uri>
    <target.uri>SupplierEBS/SupplierEBS</target.uri>
  </wire>
</composite>
