<?xml version="1.0" encoding='windows-1252'?>
<!DOCTYPE AppModule SYSTEM "jbo_03_01.dtd">
<!--
Subversion Info:
$HeadURL: http://svn.na.odcorp.net/od/common/branches/10.4/xxcomn/java/od/oracle/apps/xxcrm/cdh/ebl/search/server/ODEBillDocSearchAM.xml $
$Rev: 113643 $
$Date: 2010-09-14 00:18:12 +0530 (Tue, 14 Sep 2010) $
-->
<AppModule
   Name="ODEBillDocSearchAM"
   ComponentClass="od.oracle.apps.xxcrm.cdh.ebl.search.server.ODEBillDocSearchAMImpl"
   LoadComponentsLazily="true" >
   <Properties>
      <Property Name ="RETENTION_LEVEL" Value ="MANAGE_STATE" />
   </Properties>
   <DesignTime>
      <Attr Name="_isCodegen" Value="true" />
      <Attr Name="_version" Value="9.0.3.12.53" />
      <Attr Name="_deployType" Value="0" />
   </DesignTime>
   <ViewUsage
      Name="ODEBillDocSearchVO"
      ViewObjectName="od.oracle.apps.xxcrm.cdh.ebl.search.server.ODEBillDocSearchVO" >
   </ViewUsage>
</AppModule>
