<?xml version="1.0" encoding='windows-1252'?>
<!DOCTYPE ViewObject SYSTEM "jbo_03_01.dtd">

<!--
Subversion Info:
$HeadURL: http://svn.na.odcorp.net/od/common/branches/10.4/xxcomn/java/od/oracle/apps/xxcrm/cdh/ebl/search/server/ODEBillDocSearchVO.xml $
$Rev: 113643 $
$Date: 2010-09-14 00:18:12 +0530 (Tue, 14 Sep 2010) $
-->

<ViewObject
   Name="ODEBillDocSearchVO"
   OrderBy="CUSTOMER_NAME,AOPS_NUMBER"
   BindingStyle="Oracle"
   CustomQuery="true"
   RowClass="od.oracle.apps.xxcrm.cdh.ebl.search.server.ODEBillDocSearchVORowImpl"
   ComponentClass="oracle.apps.fnd.framework.server.OAViewObjectImpl"
   MsgBundleClass="oracle.jbo.common.JboResourceBundle"
   UseGlueCode="false" >
   <SQLQuery><![CDATA[
SELECT  HCA.account_name customer_name
        ,HCA.account_number customer_number
        ,XCEB.N_EXT_ATTR2 cust_doc_id
        ,SUBSTR(HCA.orig_system_reference,1,8) AOPS_number 
	,HCA.orig_system_reference AOPS_number1
        , HCA.cust_account_id cust_account_id
        , XCEB.C_EXT_ATTR3 delivery_method
        , N_EXT_ATTR19 parent_doc_id        		,DECODE(C_EXT_ATTR3,'ePDF','Y','eXLS','Y','eTXT','Y','N') EBillDelvmethod
        , XCEB.C_EXT_ATTR16 status
        , XCEB.C_EXT_ATTR2 pay_doc_ind
         ,HCA.account_name p_cust_name
        ,HCA.account_number p_cust_number
         ,HCA.cust_account_id p_cust_account_id
,DECODE(C_EXT_ATTR3,'ePDF',0,'eXLS',0,'eTXT',0,1) Ebillcopy
   FROM hz_cust_accounts HCA
    , XX_CDH_CUST_ACCT_EXT_B XCEB
    , ego_attr_groups_v EAG
WHERE XCEB.attr_group_id = EAG.attr_group_id
  AND EAG.attr_group_type = 'XX_CDH_CUST_ACCOUNT'
  AND EAG.attr_group_name = 'BILLDOCS'
  AND HCA.cust_account_id = XCEB.cust_account_id
   ]]></SQLQuery>
   <DesignTime>
      <Attr Name="_isCodegen" Value="true" />
      <Attr Name="_version" Value="9.0.3.12.53" />
      <Attr Name="_CodeGenFlagNew" Value="4" />
   </DesignTime>
   <ViewAttribute
      Name="CustomerName"
      IsPersistent="false"
      Precision="240"
      Type="java.lang.String"
      AliasName="CUSTOMER_NAME"
      ColumnType="VARCHAR2"
      Expression="CUSTOMER_NAME"
      SQLType="VARCHAR" >
      <DesignTime>
         <Attr Name="_DisplaySize" Value="240" />
      </DesignTime>
   </ViewAttribute>
   <ViewAttribute
      Name="CustomerNumber"
      IsPersistent="false"
      IsNotNull="true"
      Precision="30"
      Type="java.lang.String"
      AliasName="CUSTOMER_NUMBER"
      ColumnType="VARCHAR2"
      Expression="CUSTOMER_NUMBER"
      SQLType="VARCHAR" >
      <DesignTime>
         <Attr Name="_DisplaySize" Value="30" />
      </DesignTime>
   </ViewAttribute>
   <ViewAttribute
      Name="CustDocId"
      IsPersistent="false"
      Precision="22"
      Scale="5"
      Type="oracle.jbo.domain.Number"
      AliasName="CUST_DOC_ID"
      ColumnType="VARCHAR2"
      Expression="CUST_DOC_ID"
      SQLType="NUMERIC" >
      <DesignTime>
         <Attr Name="_DisplaySize" Value="22" />
      </DesignTime>
   </ViewAttribute>
   <ViewAttribute
      Name="AopsNumber"
      IsPersistent="false"
      Precision="24"
      Type="java.lang.String"
      AliasName="AOPS_NUMBER"
      ColumnType="VARCHAR2"
      Expression="AOPS_NUMBER"
      SQLType="VARCHAR" >
      <DesignTime>
         <Attr Name="_DisplaySize" Value="24" />
      </DesignTime>
   </ViewAttribute>
   <ViewAttribute
      Name="AopsNumber1"
      IsUpdateable="false"
      IsPersistent="false"
      Precision="240"
      Type="java.lang.String"
      AliasName="AOPS_NUMBER1"
      ColumnType="VARCHAR2"
      Expression="AopsNumber1"
      SQLType="VARCHAR" >
   </ViewAttribute>
   <ViewAttribute
      Name="CustAccountId"
      IsUpdateable="false"
      IsPersistent="false"
      Precision="15"
      Scale="0"
      Type="java.lang.String"
      AliasName="CUST_ACCOUNT_ID"
      ColumnType="VARCHAR2"
      Expression="CustAccountId"
      SQLType="VARCHAR" >
   </ViewAttribute>
   <ViewAttribute
      Name="DeliveryMethod"
      IsPersistent="false"
      Precision="150"
      Type="java.lang.String"
      AliasName="DELIVERY_METHOD"
      ColumnType="VARCHAR2"
      Expression="DELIVERY_METHOD"
      SQLType="VARCHAR" >
      <DesignTime>
         <Attr Name="_DisplaySize" Value="150" />
      </DesignTime>
   </ViewAttribute>
   <ViewAttribute
      Name="ParentDocId"
      IsPersistent="false"
      Precision="22"
      Scale="5"
      Type="oracle.jbo.domain.Number"
      AliasName="PARENT_DOC_ID"
      ColumnType="VARCHAR2"
      Expression="PARENT_DOC_ID"
      SQLType="NUMERIC" >
      <DesignTime>
         <Attr Name="_DisplaySize" Value="22" />
      </DesignTime>
   </ViewAttribute>
   <ViewAttribute
      Name="Ebilldelvmethod"
      IsPersistent="false"
      Precision="1"
      Type="java.lang.String"
      AliasName="EBILL_DELV_METHOD"
      ColumnType="VARCHAR2"
      Expression="EBILLDELVMETHOD"
      SQLType="VARCHAR" >
      <DesignTime>
         <Attr Name="_DisplaySize" Value="1" />
      </DesignTime>
   </ViewAttribute>
   <ViewAttribute
      Name="Status"
      IsPersistent="false"
      Precision="150"
      Type="java.lang.String"
      AliasName="Status"
      ColumnType="VARCHAR2"
      Expression="Status"
      SQLType="VARCHAR" >
   </ViewAttribute>
   <ViewAttribute
      Name="PayDocInd"
      IsPersistent="false"
      Precision="150"
      Type="java.lang.String"
      AliasName="PAY_DOC_IND"
      ColumnType="VARCHAR2"
      Expression="PAY_DOC_IND"
      SQLType="VARCHAR" >
      <DesignTime>
         <Attr Name="_DisplaySize" Value="150" />
      </DesignTime>
   </ViewAttribute>
   <ViewAttribute
      Name="PCustName"
      IsPersistent="false"
      Precision="240"
      Type="java.lang.String"
      AliasName="P_CUST_NAME"
      ColumnType="VARCHAR2"
      Expression="P_CUST_NAME"
      SQLType="VARCHAR" >
      <DesignTime>
         <Attr Name="_DisplaySize" Value="240" />
      </DesignTime>
   </ViewAttribute>
   <ViewAttribute
      Name="PCustNumber"
      IsPersistent="false"
      IsNotNull="true"
      Precision="30"
      Type="java.lang.String"
      AliasName="P_CUST_NUMBER"
      ColumnType="VARCHAR2"
      Expression="P_CUST_NUMBER"
      SQLType="VARCHAR" >
      <DesignTime>
         <Attr Name="_DisplaySize" Value="30" />
      </DesignTime>
   </ViewAttribute>
   <ViewAttribute
      Name="PCustAccountId"
      IsPersistent="false"
      IsNotNull="true"
      Precision="15"
      Scale="0"
      Type="oracle.jbo.domain.Number"
      AliasName="P_CUST_ACCOUNT_ID"
      ColumnType="VARCHAR2"
      Expression="P_CUST_ACCOUNT_ID"
      SQLType="NUMERIC" >
      <DesignTime>
         <Attr Name="_DisplaySize" Value="22" />
      </DesignTime>
   </ViewAttribute>
   <ViewAttribute
      Name="Ebillcopy"
      IsPersistent="false"
      Precision="255"
      Type="java.lang.Boolean"
      AliasName="E_BILL_COPY"
      ColumnType="VARCHAR2"
      Expression="EBILLCOPY"
      SQLType="BIT" >
      <DesignTime>
         <Attr Name="_DisplaySize" Value="1" />
      </DesignTime>
   </ViewAttribute>
</ViewObject>
