<?xml version="1.0" encoding="UTF-8" ?>
<POS xmlns="http://www.thiscompany.com/ns/sales">
   <TransactionType xmlns="">TransactionType1</TransactionType>
   <OrderDetail xmlns="">
      <OrderHeader>
         <OrderNumber>2</OrderNumber>
         <POSTransactionNo>POSTransactionNo3</POSTransactionNo>
         <OrderLine>
            <SkuNumber>SkuNumber4</SkuNumber>
            <LineNum>5</LineNum>
            <UomCode>UomCode6</UomCode>
            <WarehouseCode>WarehouseCode7</WarehouseCode>
            <SalesRepName>SalesRepName8</SalesRepName>
            <TaxAmt>9</TaxAmt>
            <SellingPrice>10</SellingPrice>
            <ShippedQuantity>11</ShippedQuantity>
            <SerialNum>SerialNum12</SerialNum>
            <LineStatus>LineStatus13</LineStatus>
            <TaxCode>TaxCode14</TaxCode>
         </OrderLine>
         <PaymentDetail>
            <LineNum>15</LineNum>
            <PaymentMethod>PaymentMethod16</PaymentMethod>
            <PaymentInstrument>PaymentInstrument17</PaymentInstrument>
            <PaymentDetails>PaymentDetails18</PaymentDetails>
            <ExpirationDate>2007-05-04</ExpirationDate>
            <PaymentAmount>19</PaymentAmount>
            <HolderName>HolderName20</HolderName>
            <AccountNumber>AccountNumber21</AccountNumber>
            <RoutingNumber>RoutingNumber22</RoutingNumber>
            <AuthorizationCode>AuthorizationCode23</AuthorizationCode>
         </PaymentDetail>
      </OrderHeader>
   </OrderDetail>
</POS>
