<?xml version = '1.0' encoding = 'UTF-8'?>
<db:InputParameters xmlns:db="http://xmlns.oracle.com/pcbpel/adapter/db/APPS/BPEL_SVCJDSPOSREAD/XX_ONT_POS_SHIP_CONF_PKG-24OD_P/">
   <P_ORDER_NUMBER>2</P_ORDER_NUMBER>
   <P_ORDER_HEADER_REC>
      <ORDER_NUMBER>2</ORDER_NUMBER>
      <TRANSACTION_TYPE>TransactionType1</TRANSACTION_TYPE>
      <POS_TRANSACTION_NUM>POSTransactionNo3</POS_TRANSACTION_NUM>
   </P_ORDER_HEADER_REC>
   <P_ORDER_LINES_TBL>
      <P_ORDER_LINES_TBL_ITEM>
         <ORDER_NUMBER>2</ORDER_NUMBER>
         <SKU_NUMBER>SkuNumber4</SKU_NUMBER>
         <LINE_NUMBER>5</LINE_NUMBER>
      </P_ORDER_LINES_TBL_ITEM>
   </P_ORDER_LINES_TBL>
   <P_ORDER_PAYMENTS_TBL>
      <P_ORDER_PAYMENTS_TBL_ITEM>
         <ORDER_NUMBER>2</ORDER_NUMBER>
         <EXPIRATION_DATE>2007-05-04</EXPIRATION_DATE>
      </P_ORDER_PAYMENTS_TBL_ITEM>
   </P_ORDER_PAYMENTS_TBL>
</db:InputParameters>
