<?xml version='1.0' encoding='windows-1252' ?>
<!DOCTYPE Entity SYSTEM "jbo_03_01.dtd">

<Entity
   Name="ODEbillCustDocEO"
   DBObjectType="synonym"
   DBObjectName="XX_CDH_CUST_ACCT_EXT_B"
   AliasName="ODEbillCustDocEO"
   BindingStyle="JDBC"
   UseGlueCode="false"
   RowClass="od.oracle.apps.xxcrm.cdh.ebl.custdocs.schema.server.ODEbillCustDocEOImpl"
   DefClass="oracle.apps.fnd.framework.server.OAEntityDefImpl"
   CollClass="oracle.apps.fnd.framework.server.OAEntityCache" >
   <DesignTime>
      <Attr Name="_isCodegen" Value="true" />
      <Attr Name="_version" Value="10.1.3.43.6" />
      <AttrArray Name="_publishEvents">
      </AttrArray>
      <Attr Name="_codeGenFlag2" Value="Init|Delete|Access|Val" />
   </DesignTime>
   <Attribute
      Name="ExtensionId"
      IsNotNull="true"
      Precision="15"
      Scale="0"
      ColumnName="EXTENSION_ID"
      Type="oracle.jbo.domain.Number"
      ColumnType="NUMBER"
      SQLType="NUMERIC"
      TableName="XX_CDH_CUST_ACCT_EXT_B"
      PrimaryKey="true" >
      <DesignTime>
         <Attr Name="_DisplaySize" Value="22" />
      </DesignTime>
   </Attribute>
   <Attribute
      Name="CustAccountId"
      IsNotNull="true"
      Precision="15"
      Scale="0"
      ColumnName="CUST_ACCOUNT_ID"
      Type="oracle.jbo.domain.Number"
      ColumnType="NUMBER"
      SQLType="NUMERIC"
      TableName="XX_CDH_CUST_ACCT_EXT_B" >
      <DesignTime>
         <Attr Name="_DisplaySize" Value="22" />
      </DesignTime>
   </Attribute>
   <Attribute
      Name="AttrGroupId"
      IsNotNull="true"
      Precision="15"
      Scale="0"
      ColumnName="ATTR_GROUP_ID"
      Type="oracle.jbo.domain.Number"
      ColumnType="NUMBER"
      SQLType="NUMERIC"
      TableName="XX_CDH_CUST_ACCT_EXT_B" >
      <DesignTime>
         <Attr Name="_DisplaySize" Value="22" />
      </DesignTime>
   </Attribute>
   <Attribute
      Name="CreatedBy"
      IsNotNull="true"
      Precision="15"
      Scale="0"
      ColumnName="CREATED_BY"
      Type="oracle.jbo.domain.Number"
      ColumnType="NUMBER"
      SQLType="NUMERIC"
      TableName="XX_CDH_CUST_ACCT_EXT_B" >
      <DesignTime>
         <Attr Name="_DisplaySize" Value="22" />
      </DesignTime>
   </Attribute>
   <Attribute
      Name="CreationDate"
      IsNotNull="true"
      ColumnName="CREATION_DATE"
      Type="oracle.jbo.domain.Date"
      ColumnType="DATE"
      SQLType="TIMESTAMP"
      TableName="XX_CDH_CUST_ACCT_EXT_B" >
      <DesignTime>
         <Attr Name="_DisplaySize" Value="7" />
      </DesignTime>
   </Attribute>
   <Attribute
      Name="LastUpdatedBy"
      IsNotNull="true"
      Precision="15"
      Scale="0"
      ColumnName="LAST_UPDATED_BY"
      Type="oracle.jbo.domain.Number"
      ColumnType="NUMBER"
      SQLType="NUMERIC"
      TableName="XX_CDH_CUST_ACCT_EXT_B" >
      <DesignTime>
         <Attr Name="_DisplaySize" Value="22" />
      </DesignTime>
   </Attribute>
   <Attribute
      Name="LastUpdateDate"
      IsNotNull="true"
      ColumnName="LAST_UPDATE_DATE"
      Type="oracle.jbo.domain.Date"
      ColumnType="DATE"
      SQLType="TIMESTAMP"
      TableName="XX_CDH_CUST_ACCT_EXT_B" >
      <DesignTime>
         <Attr Name="_DisplaySize" Value="7" />
      </DesignTime>
   </Attribute>
   <Attribute
      Name="LastUpdateLogin"
      Precision="15"
      Scale="0"
      ColumnName="LAST_UPDATE_LOGIN"
      Type="oracle.jbo.domain.Number"
      ColumnType="NUMBER"
      SQLType="NUMERIC"
      TableName="XX_CDH_CUST_ACCT_EXT_B" >
      <DesignTime>
         <Attr Name="_DisplaySize" Value="22" />
      </DesignTime>
   </Attribute>
   <Attribute
      Name="CExtAttr1"
      Precision="150"
      ColumnName="C_EXT_ATTR1"
      Type="java.lang.String"
      ColumnType="VARCHAR2"
      SQLType="VARCHAR"
      TableName="XX_CDH_CUST_ACCT_EXT_B" >
      <DesignTime>
         <Attr Name="_DisplaySize" Value="150" />
      </DesignTime>
   </Attribute>
   <Attribute
      Name="CExtAttr2"
      Precision="150"
      ColumnName="C_EXT_ATTR2"
      Type="java.lang.String"
      ColumnType="VARCHAR2"
      SQLType="VARCHAR"
      TableName="XX_CDH_CUST_ACCT_EXT_B" >
      <DesignTime>
         <Attr Name="_DisplaySize" Value="150" />
      </DesignTime>
   </Attribute>
   <Attribute
      Name="CExtAttr3"
      Precision="150"
      ColumnName="C_EXT_ATTR3"
      Type="java.lang.String"
      ColumnType="VARCHAR2"
      SQLType="VARCHAR"
      TableName="XX_CDH_CUST_ACCT_EXT_B"
      ChangeIndicator="true"
      RetrievedOnUpdate="true"
      RetrievedOnInsert="true" >
      <DesignTime>
         <Attr Name="_DisplaySize" Value="150" />
      </DesignTime>
   </Attribute>
   <Attribute
      Name="CExtAttr4"
      Precision="150"
      ColumnName="C_EXT_ATTR4"
      Type="java.lang.String"
      ColumnType="VARCHAR2"
      SQLType="VARCHAR"
      TableName="XX_CDH_CUST_ACCT_EXT_B" >
      <DesignTime>
         <Attr Name="_DisplaySize" Value="150" />
      </DesignTime>
   </Attribute>
   <Attribute
      Name="CExtAttr5"
      Precision="150"
      ColumnName="C_EXT_ATTR5"
      Type="java.lang.String"
      ColumnType="VARCHAR2"
      SQLType="VARCHAR"
      TableName="XX_CDH_CUST_ACCT_EXT_B" >
      <DesignTime>
         <Attr Name="_DisplaySize" Value="150" />
      </DesignTime>
   </Attribute>
   <Attribute
      Name="CExtAttr6"
      Precision="150"
      ColumnName="C_EXT_ATTR6"
      Type="java.lang.String"
      ColumnType="VARCHAR2"
      SQLType="VARCHAR"
      TableName="XX_CDH_CUST_ACCT_EXT_B" >
      <DesignTime>
         <Attr Name="_DisplaySize" Value="150" />
      </DesignTime>
   </Attribute>
   <Attribute
      Name="CExtAttr7"
      Precision="150"
      ColumnName="C_EXT_ATTR7"
      Type="java.lang.String"
      ColumnType="VARCHAR2"
      SQLType="VARCHAR"
      TableName="XX_CDH_CUST_ACCT_EXT_B" >
      <DesignTime>
         <Attr Name="_DisplaySize" Value="150" />
      </DesignTime>
   </Attribute>
   <Attribute
      Name="CExtAttr8"
      Precision="150"
      ColumnName="C_EXT_ATTR8"
      Type="java.lang.String"
      ColumnType="VARCHAR2"
      SQLType="VARCHAR"
      TableName="XX_CDH_CUST_ACCT_EXT_B" >
      <DesignTime>
         <Attr Name="_DisplaySize" Value="150" />
      </DesignTime>
   </Attribute>
   <Attribute
      Name="CExtAttr9"
      Precision="150"
      ColumnName="C_EXT_ATTR9"
      Type="java.lang.String"
      ColumnType="VARCHAR2"
      SQLType="VARCHAR"
      TableName="XX_CDH_CUST_ACCT_EXT_B" >
      <DesignTime>
         <Attr Name="_DisplaySize" Value="150" />
      </DesignTime>
   </Attribute>
   <Attribute
      Name="CExtAttr10"
      Precision="150"
      ColumnName="C_EXT_ATTR10"
      Type="java.lang.String"
      ColumnType="VARCHAR2"
      SQLType="VARCHAR"
      TableName="XX_CDH_CUST_ACCT_EXT_B" >
      <DesignTime>
         <Attr Name="_DisplaySize" Value="150" />
      </DesignTime>
   </Attribute>
   <Attribute
      Name="CExtAttr11"
      Precision="150"
      ColumnName="C_EXT_ATTR11"
      Type="java.lang.String"
      ColumnType="VARCHAR2"
      SQLType="VARCHAR"
      TableName="XX_CDH_CUST_ACCT_EXT_B" >
      <DesignTime>
         <Attr Name="_DisplaySize" Value="150" />
      </DesignTime>
   </Attribute>
   <Attribute
      Name="CExtAttr12"
      Precision="150"
      ColumnName="C_EXT_ATTR12"
      Type="java.lang.String"
      ColumnType="VARCHAR2"
      SQLType="VARCHAR"
      TableName="XX_CDH_CUST_ACCT_EXT_B" >
      <DesignTime>
         <Attr Name="_DisplaySize" Value="150" />
      </DesignTime>
   </Attribute>
   <Attribute
      Name="CExtAttr13"
      Precision="150"
      ColumnName="C_EXT_ATTR13"
      Type="java.lang.String"
      ColumnType="VARCHAR2"
      SQLType="VARCHAR"
      TableName="XX_CDH_CUST_ACCT_EXT_B" >
      <DesignTime>
         <Attr Name="_DisplaySize" Value="150" />
      </DesignTime>
   </Attribute>
   <Attribute
      Name="CExtAttr14"
      Precision="150"
      ColumnName="C_EXT_ATTR14"
      Type="java.lang.String"
      ColumnType="VARCHAR2"
      SQLType="VARCHAR"
      TableName="XX_CDH_CUST_ACCT_EXT_B" >
      <DesignTime>
         <Attr Name="_DisplaySize" Value="150" />
      </DesignTime>
   </Attribute>
   <Attribute
      Name="CExtAttr15"
      Precision="150"
      ColumnName="C_EXT_ATTR15"
      Type="java.lang.String"
      ColumnType="VARCHAR2"
      SQLType="VARCHAR"
      TableName="XX_CDH_CUST_ACCT_EXT_B" >
      <DesignTime>
         <Attr Name="_DisplaySize" Value="150" />
      </DesignTime>
   </Attribute>
   <Attribute
      Name="CExtAttr16"
      Precision="150"
      ColumnName="C_EXT_ATTR16"
      Type="java.lang.String"
      ColumnType="VARCHAR2"
      SQLType="VARCHAR"
      TableName="XX_CDH_CUST_ACCT_EXT_B" >
      <DesignTime>
         <Attr Name="_DisplaySize" Value="150" />
      </DesignTime>
   </Attribute>
   <Attribute
      Name="CExtAttr17"
      Precision="150"
      ColumnName="C_EXT_ATTR17"
      Type="java.lang.String"
      ColumnType="VARCHAR2"
      SQLType="VARCHAR"
      TableName="XX_CDH_CUST_ACCT_EXT_B" >
      <DesignTime>
         <Attr Name="_DisplaySize" Value="150" />
      </DesignTime>
   </Attribute>
   <Attribute
      Name="CExtAttr18"
      Precision="150"
      ColumnName="C_EXT_ATTR18"
      Type="java.lang.String"
      ColumnType="VARCHAR2"
      SQLType="VARCHAR"
      TableName="XX_CDH_CUST_ACCT_EXT_B" >
      <DesignTime>
         <Attr Name="_DisplaySize" Value="150" />
      </DesignTime>
   </Attribute>
   <Attribute
      Name="CExtAttr19"
      Precision="150"
      ColumnName="C_EXT_ATTR19"
      Type="java.lang.String"
      ColumnType="VARCHAR2"
      SQLType="VARCHAR"
      TableName="XX_CDH_CUST_ACCT_EXT_B" >
      <DesignTime>
         <Attr Name="_DisplaySize" Value="150" />
      </DesignTime>
   </Attribute>
   <Attribute
      Name="CExtAttr20"
      Precision="150"
      ColumnName="C_EXT_ATTR20"
      Type="java.lang.String"
      ColumnType="VARCHAR2"
      SQLType="VARCHAR"
      TableName="XX_CDH_CUST_ACCT_EXT_B" >
      <DesignTime>
         <Attr Name="_DisplaySize" Value="150" />
      </DesignTime>
   </Attribute>
   <Attribute
      Name="NExtAttr1"
      Precision="22"
      Scale="5"
      ColumnName="N_EXT_ATTR1"
      Type="oracle.jbo.domain.Number"
      ColumnType="NUMBER"
      SQLType="NUMERIC"
      TableName="XX_CDH_CUST_ACCT_EXT_B" >
      <DesignTime>
         <Attr Name="_DisplaySize" Value="22" />
      </DesignTime>
   </Attribute>
   <Attribute
      Name="NExtAttr2"
      Precision="22"
      Scale="5"
      ColumnName="N_EXT_ATTR2"
      Type="oracle.jbo.domain.Number"
      ColumnType="NUMBER"
      SQLType="NUMERIC"
      TableName="XX_CDH_CUST_ACCT_EXT_B" >
      <DesignTime>
         <Attr Name="_DisplaySize" Value="22" />
      </DesignTime>
   </Attribute>
   <Attribute
      Name="NExtAttr3"
      Precision="22"
      Scale="5"
      ColumnName="N_EXT_ATTR3"
      Type="oracle.jbo.domain.Number"
      ColumnType="NUMBER"
      SQLType="NUMERIC"
      TableName="XX_CDH_CUST_ACCT_EXT_B" >
      <DesignTime>
         <Attr Name="_DisplaySize" Value="22" />
      </DesignTime>
   </Attribute>
   <Attribute
      Name="NExtAttr4"
      Precision="22"
      Scale="5"
      ColumnName="N_EXT_ATTR4"
      Type="oracle.jbo.domain.Number"
      ColumnType="NUMBER"
      SQLType="NUMERIC"
      TableName="XX_CDH_CUST_ACCT_EXT_B" >
      <DesignTime>
         <Attr Name="_DisplaySize" Value="22" />
      </DesignTime>
   </Attribute>
   <Attribute
      Name="NExtAttr5"
      Precision="22"
      Scale="5"
      ColumnName="N_EXT_ATTR5"
      Type="oracle.jbo.domain.Number"
      ColumnType="NUMBER"
      SQLType="NUMERIC"
      TableName="XX_CDH_CUST_ACCT_EXT_B" >
      <DesignTime>
         <Attr Name="_DisplaySize" Value="22" />
      </DesignTime>
   </Attribute>
   <Attribute
      Name="NExtAttr6"
      Precision="22"
      Scale="5"
      ColumnName="N_EXT_ATTR6"
      Type="oracle.jbo.domain.Number"
      ColumnType="NUMBER"
      SQLType="NUMERIC"
      TableName="XX_CDH_CUST_ACCT_EXT_B" >
      <DesignTime>
         <Attr Name="_DisplaySize" Value="22" />
      </DesignTime>
   </Attribute>
   <Attribute
      Name="NExtAttr7"
      Precision="22"
      Scale="5"
      ColumnName="N_EXT_ATTR7"
      Type="oracle.jbo.domain.Number"
      ColumnType="NUMBER"
      SQLType="NUMERIC"
      TableName="XX_CDH_CUST_ACCT_EXT_B" >
      <DesignTime>
         <Attr Name="_DisplaySize" Value="22" />
      </DesignTime>
   </Attribute>
   <Attribute
      Name="NExtAttr8"
      Precision="22"
      Scale="5"
      ColumnName="N_EXT_ATTR8"
      Type="oracle.jbo.domain.Number"
      ColumnType="NUMBER"
      SQLType="NUMERIC"
      TableName="XX_CDH_CUST_ACCT_EXT_B" >
      <DesignTime>
         <Attr Name="_DisplaySize" Value="22" />
      </DesignTime>
   </Attribute>
   <Attribute
      Name="NExtAttr9"
      Precision="22"
      Scale="5"
      ColumnName="N_EXT_ATTR9"
      Type="oracle.jbo.domain.Number"
      ColumnType="NUMBER"
      SQLType="NUMERIC"
      TableName="XX_CDH_CUST_ACCT_EXT_B" >
      <DesignTime>
         <Attr Name="_DisplaySize" Value="22" />
      </DesignTime>
   </Attribute>
   <Attribute
      Name="NExtAttr10"
      Precision="22"
      Scale="5"
      ColumnName="N_EXT_ATTR10"
      Type="oracle.jbo.domain.Number"
      ColumnType="NUMBER"
      SQLType="NUMERIC"
      TableName="XX_CDH_CUST_ACCT_EXT_B" >
      <DesignTime>
         <Attr Name="_DisplaySize" Value="22" />
      </DesignTime>
   </Attribute>
   <Attribute
      Name="NExtAttr11"
      Precision="22"
      Scale="5"
      ColumnName="N_EXT_ATTR11"
      Type="oracle.jbo.domain.Number"
      ColumnType="NUMBER"
      SQLType="NUMERIC"
      TableName="XX_CDH_CUST_ACCT_EXT_B" >
      <DesignTime>
         <Attr Name="_DisplaySize" Value="22" />
      </DesignTime>
   </Attribute>
   <Attribute
      Name="NExtAttr12"
      Precision="22"
      Scale="5"
      ColumnName="N_EXT_ATTR12"
      Type="oracle.jbo.domain.Number"
      ColumnType="NUMBER"
      SQLType="NUMERIC"
      TableName="XX_CDH_CUST_ACCT_EXT_B" >
      <DesignTime>
         <Attr Name="_DisplaySize" Value="22" />
      </DesignTime>
   </Attribute>
   <Attribute
      Name="NExtAttr13"
      Precision="22"
      Scale="5"
      ColumnName="N_EXT_ATTR13"
      Type="oracle.jbo.domain.Number"
      ColumnType="NUMBER"
      SQLType="NUMERIC"
      TableName="XX_CDH_CUST_ACCT_EXT_B" >
      <DesignTime>
         <Attr Name="_DisplaySize" Value="22" />
      </DesignTime>
   </Attribute>
   <Attribute
      Name="NExtAttr14"
      Precision="22"
      Scale="5"
      ColumnName="N_EXT_ATTR14"
      Type="oracle.jbo.domain.Number"
      ColumnType="NUMBER"
      SQLType="NUMERIC"
      TableName="XX_CDH_CUST_ACCT_EXT_B" >
      <DesignTime>
         <Attr Name="_DisplaySize" Value="22" />
      </DesignTime>
   </Attribute>
   <Attribute
      Name="NExtAttr15"
      Precision="22"
      Scale="5"
      ColumnName="N_EXT_ATTR15"
      Type="oracle.jbo.domain.Number"
      ColumnType="NUMBER"
      SQLType="NUMERIC"
      TableName="XX_CDH_CUST_ACCT_EXT_B" >
      <DesignTime>
         <Attr Name="_DisplaySize" Value="22" />
      </DesignTime>
   </Attribute>
   <Attribute
      Name="NExtAttr16"
      Precision="22"
      Scale="5"
      ColumnName="N_EXT_ATTR16"
      Type="oracle.jbo.domain.Number"
      ColumnType="NUMBER"
      SQLType="NUMERIC"
      TableName="XX_CDH_CUST_ACCT_EXT_B" >
      <DesignTime>
         <Attr Name="_DisplaySize" Value="22" />
      </DesignTime>
   </Attribute>
   <Attribute
      Name="NExtAttr17"
      Precision="22"
      Scale="5"
      ColumnName="N_EXT_ATTR17"
      Type="oracle.jbo.domain.Number"
      ColumnType="NUMBER"
      SQLType="NUMERIC"
      TableName="XX_CDH_CUST_ACCT_EXT_B" >
      <DesignTime>
         <Attr Name="_DisplaySize" Value="22" />
      </DesignTime>
   </Attribute>
   <Attribute
      Name="NExtAttr18"
      Precision="22"
      Scale="5"
      ColumnName="N_EXT_ATTR18"
      Type="oracle.jbo.domain.Number"
      ColumnType="NUMBER"
      SQLType="NUMERIC"
      TableName="XX_CDH_CUST_ACCT_EXT_B" >
      <DesignTime>
         <Attr Name="_DisplaySize" Value="22" />
      </DesignTime>
   </Attribute>
   <Attribute
      Name="NExtAttr19"
      Precision="22"
      Scale="5"
      ColumnName="N_EXT_ATTR19"
      Type="oracle.jbo.domain.Number"
      ColumnType="NUMBER"
      SQLType="NUMERIC"
      TableName="XX_CDH_CUST_ACCT_EXT_B" >
      <DesignTime>
         <Attr Name="_DisplaySize" Value="22" />
      </DesignTime>
   </Attribute>
   <Attribute
      Name="NExtAttr20"
      Precision="22"
      Scale="5"
      ColumnName="N_EXT_ATTR20"
      Type="oracle.jbo.domain.Number"
      ColumnType="NUMBER"
      SQLType="NUMERIC"
      TableName="XX_CDH_CUST_ACCT_EXT_B" >
      <DesignTime>
         <Attr Name="_DisplaySize" Value="22" />
      </DesignTime>
   </Attribute>
   <Attribute
      Name="DExtAttr1"
      ColumnName="D_EXT_ATTR1"
      Type="oracle.jbo.domain.Date"
      ColumnType="DATE"
      SQLType="TIMESTAMP"
      TableName="XX_CDH_CUST_ACCT_EXT_B" >
      <DesignTime>
         <Attr Name="_DisplaySize" Value="7" />
      </DesignTime>
   </Attribute>
   <Attribute
      Name="DExtAttr2"
      ColumnName="D_EXT_ATTR2"
      Type="oracle.jbo.domain.Date"
      ColumnType="DATE"
      SQLType="TIMESTAMP"
      TableName="XX_CDH_CUST_ACCT_EXT_B" >
      <DesignTime>
         <Attr Name="_DisplaySize" Value="7" />
      </DesignTime>
   </Attribute>
   <Attribute
      Name="DExtAttr3"
      ColumnName="D_EXT_ATTR3"
      Type="oracle.jbo.domain.Date"
      ColumnType="DATE"
      SQLType="TIMESTAMP"
      TableName="XX_CDH_CUST_ACCT_EXT_B" >
      <DesignTime>
         <Attr Name="_DisplaySize" Value="7" />
      </DesignTime>
   </Attribute>
   <Attribute
      Name="DExtAttr4"
      ColumnName="D_EXT_ATTR4"
      Type="oracle.jbo.domain.Date"
      ColumnType="DATE"
      SQLType="TIMESTAMP"
      TableName="XX_CDH_CUST_ACCT_EXT_B" >
      <DesignTime>
         <Attr Name="_DisplaySize" Value="7" />
      </DesignTime>
   </Attribute>
   <Attribute
      Name="DExtAttr5"
      ColumnName="D_EXT_ATTR5"
      Type="oracle.jbo.domain.Date"
      ColumnType="DATE"
      SQLType="TIMESTAMP"
      TableName="XX_CDH_CUST_ACCT_EXT_B" >
      <DesignTime>
         <Attr Name="_DisplaySize" Value="7" />
      </DesignTime>
   </Attribute>
   <Attribute
      Name="DExtAttr6"
      ColumnName="D_EXT_ATTR6"
      Type="oracle.jbo.domain.Date"
      ColumnType="DATE"
      SQLType="TIMESTAMP"
      TableName="XX_CDH_CUST_ACCT_EXT_B" >
      <DesignTime>
         <Attr Name="_DisplaySize" Value="7" />
      </DesignTime>
   </Attribute>
   <Attribute
      Name="DExtAttr7"
      ColumnName="D_EXT_ATTR7"
      Type="oracle.jbo.domain.Date"
      ColumnType="DATE"
      SQLType="TIMESTAMP"
      TableName="XX_CDH_CUST_ACCT_EXT_B" >
      <DesignTime>
         <Attr Name="_DisplaySize" Value="7" />
      </DesignTime>
   </Attribute>
   <Attribute
      Name="DExtAttr8"
      ColumnName="D_EXT_ATTR8"
      Type="oracle.jbo.domain.Date"
      ColumnType="DATE"
      SQLType="TIMESTAMP"
      TableName="XX_CDH_CUST_ACCT_EXT_B" >
      <DesignTime>
         <Attr Name="_DisplaySize" Value="7" />
      </DesignTime>
   </Attribute>
   <Attribute
      Name="DExtAttr9"
      ColumnName="D_EXT_ATTR9"
      Type="oracle.jbo.domain.Date"
      ColumnType="DATE"
      SQLType="TIMESTAMP"
      TableName="XX_CDH_CUST_ACCT_EXT_B" >
      <DesignTime>
         <Attr Name="_DisplaySize" Value="7" />
      </DesignTime>
   </Attribute>
   <Attribute
      Name="DExtAttr10"
      ColumnName="D_EXT_ATTR10"
      Type="oracle.jbo.domain.Date"
      ColumnType="DATE"
      SQLType="TIMESTAMP"
      TableName="XX_CDH_CUST_ACCT_EXT_B" >
      <DesignTime>
         <Attr Name="_DisplaySize" Value="7" />
      </DesignTime>
   </Attribute>
   <Attribute
      Name="RowID"
      IsUpdateable="false"
      ColumnName="ROWID"
      Type="oracle.jbo.domain.RowID"
      ColumnType="ROWID"
      SQLType="ROWID"
      TableName="XX_CDH_CUST_ACCT_EXT_B" >
   </Attribute>
   <Attribute
      Name="BcPodFlag"
      Precision="3"
      ColumnName="BC_POD_FLAG"
      Type="java.lang.String"
      ColumnType="VARCHAR2"
      SQLType="VARCHAR"
      TableName="XX_CDH_CUST_ACCT_EXT_B" >
      <DesignTime>
         <Attr Name="_DisplaySize" Value="3" />
      </DesignTime>
   </Attribute>
   <Attribute
      Name="FeeOption"
      Precision="30"
      ColumnName="FEE_OPTION"
      Type="java.lang.String"
      ColumnType="VARCHAR2"
      SQLType="VARCHAR"
      TableName="XX_CDH_CUST_ACCT_EXT_B" >
      <DesignTime>
         <Attr Name="_DisplaySize" Value="30" />
      </DesignTime>
   </Attribute>
   <Key
      Name="SysC0051040" >
      <AttrArray Name="Attributes">
         <Item Value="od.oracle.apps.xxcrm.cdh.ebl.custdocs.schema.server.ODEbillCustDocEO.ExtensionId" />
      </AttrArray>
      <DesignTime>
         <Attr Name="_checkCondition" Value="&#34;EXTENSION_ID&#34; IS NOT NULL" />
         <Attr Name="_isCheck" Value="true" />
         <Attr Name="_DBObjectName" Value="SYS_C0051040" />
      </DesignTime>
   </Key>
   <Key
      Name="SysC0051041" >
      <AttrArray Name="Attributes">
         <Item Value="od.oracle.apps.xxcrm.cdh.ebl.custdocs.schema.server.ODEbillCustDocEO.CustAccountId" />
      </AttrArray>
      <DesignTime>
         <Attr Name="_checkCondition" Value="&#34;CUST_ACCOUNT_ID&#34; IS NOT NULL" />
         <Attr Name="_isCheck" Value="true" />
         <Attr Name="_DBObjectName" Value="SYS_C0051041" />
      </DesignTime>
   </Key>
   <Key
      Name="SysC0051042" >
      <AttrArray Name="Attributes">
         <Item Value="od.oracle.apps.xxcrm.cdh.ebl.custdocs.schema.server.ODEbillCustDocEO.AttrGroupId" />
      </AttrArray>
      <DesignTime>
         <Attr Name="_checkCondition" Value="&#34;ATTR_GROUP_ID&#34; IS NOT NULL" />
         <Attr Name="_isCheck" Value="true" />
         <Attr Name="_DBObjectName" Value="SYS_C0051042" />
      </DesignTime>
   </Key>
   <Key
      Name="SysC0051043" >
      <AttrArray Name="Attributes">
         <Item Value="od.oracle.apps.xxcrm.cdh.ebl.custdocs.schema.server.ODEbillCustDocEO.CreatedBy" />
      </AttrArray>
      <DesignTime>
         <Attr Name="_checkCondition" Value="&#34;CREATED_BY&#34; IS NOT NULL" />
         <Attr Name="_isCheck" Value="true" />
         <Attr Name="_DBObjectName" Value="SYS_C0051043" />
      </DesignTime>
   </Key>
   <Key
      Name="SysC0051044" >
      <AttrArray Name="Attributes">
         <Item Value="od.oracle.apps.xxcrm.cdh.ebl.custdocs.schema.server.ODEbillCustDocEO.CreationDate" />
      </AttrArray>
      <DesignTime>
         <Attr Name="_checkCondition" Value="&#34;CREATION_DATE&#34; IS NOT NULL" />
         <Attr Name="_isCheck" Value="true" />
         <Attr Name="_DBObjectName" Value="SYS_C0051044" />
      </DesignTime>
   </Key>
   <Key
      Name="SysC0051045" >
      <AttrArray Name="Attributes">
         <Item Value="od.oracle.apps.xxcrm.cdh.ebl.custdocs.schema.server.ODEbillCustDocEO.LastUpdatedBy" />
      </AttrArray>
      <DesignTime>
         <Attr Name="_checkCondition" Value="&#34;LAST_UPDATED_BY&#34; IS NOT NULL" />
         <Attr Name="_isCheck" Value="true" />
         <Attr Name="_DBObjectName" Value="SYS_C0051045" />
      </DesignTime>
   </Key>
   <Key
      Name="SysC0051046" >
      <AttrArray Name="Attributes">
         <Item Value="od.oracle.apps.xxcrm.cdh.ebl.custdocs.schema.server.ODEbillCustDocEO.LastUpdateDate" />
      </AttrArray>
      <DesignTime>
         <Attr Name="_checkCondition" Value="&#34;LAST_UPDATE_DATE&#34; IS NOT NULL" />
         <Attr Name="_isCheck" Value="true" />
         <Attr Name="_DBObjectName" Value="SYS_C0051046" />
      </DesignTime>
   </Key>
   <Key
      Name="SysC0074983" >
      <AttrArray Name="Attributes">
         <Item Value="od.oracle.apps.xxcrm.cdh.ebl.custdocs.schema.server.ODEbillCustDocEO.ExtensionId" />
      </AttrArray>
      <DesignTime>
         <Attr Name="_checkCondition" Value="&#34;EXTENSION_ID&#34; IS NOT NULL" />
         <Attr Name="_isCheck" Value="true" />
         <Attr Name="_DBObjectName" Value="SYS_C0074983" />
      </DesignTime>
   </Key>
   <Key
      Name="SysC0074984" >
      <AttrArray Name="Attributes">
         <Item Value="od.oracle.apps.xxcrm.cdh.ebl.custdocs.schema.server.ODEbillCustDocEO.CustAccountId" />
      </AttrArray>
      <DesignTime>
         <Attr Name="_checkCondition" Value="&#34;CUST_ACCOUNT_ID&#34; IS NOT NULL" />
         <Attr Name="_isCheck" Value="true" />
         <Attr Name="_DBObjectName" Value="SYS_C0074984" />
      </DesignTime>
   </Key>
   <Key
      Name="SysC0074985" >
      <AttrArray Name="Attributes">
         <Item Value="od.oracle.apps.xxcrm.cdh.ebl.custdocs.schema.server.ODEbillCustDocEO.AttrGroupId" />
      </AttrArray>
      <DesignTime>
         <Attr Name="_checkCondition" Value="&#34;ATTR_GROUP_ID&#34; IS NOT NULL" />
         <Attr Name="_isCheck" Value="true" />
         <Attr Name="_DBObjectName" Value="SYS_C0074985" />
      </DesignTime>
   </Key>
   <Key
      Name="SysC0074986" >
      <AttrArray Name="Attributes">
         <Item Value="od.oracle.apps.xxcrm.cdh.ebl.custdocs.schema.server.ODEbillCustDocEO.CreatedBy" />
      </AttrArray>
      <DesignTime>
         <Attr Name="_checkCondition" Value="&#34;CREATED_BY&#34; IS NOT NULL" />
         <Attr Name="_isCheck" Value="true" />
         <Attr Name="_DBObjectName" Value="SYS_C0074986" />
      </DesignTime>
   </Key>
   <Key
      Name="SysC0074987" >
      <AttrArray Name="Attributes">
         <Item Value="od.oracle.apps.xxcrm.cdh.ebl.custdocs.schema.server.ODEbillCustDocEO.CreationDate" />
      </AttrArray>
      <DesignTime>
         <Attr Name="_checkCondition" Value="&#34;CREATION_DATE&#34; IS NOT NULL" />
         <Attr Name="_isCheck" Value="true" />
         <Attr Name="_DBObjectName" Value="SYS_C0074987" />
      </DesignTime>
   </Key>
   <Key
      Name="SysC0074988" >
      <AttrArray Name="Attributes">
         <Item Value="od.oracle.apps.xxcrm.cdh.ebl.custdocs.schema.server.ODEbillCustDocEO.LastUpdatedBy" />
      </AttrArray>
      <DesignTime>
         <Attr Name="_checkCondition" Value="&#34;LAST_UPDATED_BY&#34; IS NOT NULL" />
         <Attr Name="_isCheck" Value="true" />
         <Attr Name="_DBObjectName" Value="SYS_C0074988" />
      </DesignTime>
   </Key>
   <Key
      Name="SysC0074989" >
      <AttrArray Name="Attributes">
         <Item Value="od.oracle.apps.xxcrm.cdh.ebl.custdocs.schema.server.ODEbillCustDocEO.LastUpdateDate" />
      </AttrArray>
      <DesignTime>
         <Attr Name="_checkCondition" Value="&#34;LAST_UPDATE_DATE&#34; IS NOT NULL" />
         <Attr Name="_isCheck" Value="true" />
         <Attr Name="_DBObjectName" Value="SYS_C0074989" />
      </DesignTime>
   </Key>
</Entity>
