<?xml version = '1.0' encoding = 'UTF-8'?>
<dimensions xmlns="http://xmlns.oracle.com/metadata" xml:lang="en-US">
   <dimension id="XXBI_SOURCE_PROMOTIONS_DIM" objectName="XXBI_SOURCE_PROMOTIONS_DIM" application="XXCRM" createdBy="537503" creationDate="2009-03-27T12:52:34" lastUpdatedBy="537503" lastUpdateDate="2009-03-27T12:52:34" lastUpdateLogin="4876097" enabled="true" obsolete="false" systemMaintained="false" isTimeDimension="false">
      <displayName id="XXBI_SOURCE_PROMOTIONS_DIMDisplayNameId">XXBI_SOURCE_PROMOTIONS_DIM</displayName>
      <dimensionLevels>
         <dimensionLevel id="XXBI_SOURCE_PROMOTIONS_DO" objectName="XXBI_SOURCE_PROMOTIONS_DO" application="XXCRM" createdBy="537503" creationDate="2009-03-27T12:52:35" lastUpdatedBy="537503" lastUpdateDate="2009-03-27T12:52:35" lastUpdateLogin="4876097" enabled="true" obsolete="false" systemMaintained="false" graphSortType="VALUE_DESC" allValueLabel="All" compValueLabel="Comparison">
            <displayName id="XXBI_SOURCE_PROMOTIONS_DODisplayNameId">XXBI_SOURCE_PROMOTIONS_DO</displayName>
            <description id="XXBI_SOURCE_PROMOTIONS_DODescriptionId">Source Promotion Dimension For Leads
</description>
            <valueSource>
               <dataSource>
                  <table>XXBI_SOURCE_PROMOTIONS_DIM_V</table>
               </dataSource>
               <column columnName="ID"/>
               <prototypeData>
                  <character id="XXBI_SOURCE_PROMOTIONS_DOPrototypeData" prefix="XXBI_SOU"/>
               </prototypeData>
            </valueSource>
            <idColumn columnName="ID"/>
            <nameColumn columnName="NAME"/>
            <sortColumn columnName="NAME"/>
            <dimensionLevelRelationships/>
         </dimensionLevel>
      </dimensionLevels>
   </dimension>
   <dimension id="XXBI_OPPTY_CLOSE_REASON_DIM" objectName="XXBI_OPPTY_CLOSE_REASON_DIM" application="XXCRM" createdBy="537503" creationDate="2009-03-27T12:52:36" lastUpdatedBy="537503" lastUpdateDate="2009-03-27T12:52:36" lastUpdateLogin="4876097" enabled="true" obsolete="false" systemMaintained="false" isTimeDimension="false">
      <displayName id="XXBI_OPPTY_CLOSE_REASON_DIMDisplayNameId">XXBI_OPPTY_CLOSE_REASON_DIM</displayName>
      <description id="XXBI_OPPTY_CLOSE_REASON_DIMDescriptionId">OD: Opportunity Close Reasons</description>
      <dimensionLevels>
         <dimensionLevel id="XXBI_OPPTY_CLOSE_REASON_DO" objectName="XXBI_OPPTY_CLOSE_REASON_DO" application="XXCRM" createdBy="537503" creationDate="2009-03-27T12:52:36" lastUpdatedBy="537503" lastUpdateDate="2009-03-27T12:52:36" lastUpdateLogin="4876097" enabled="true" obsolete="false" systemMaintained="false" graphSortType="VALUE_DESC" allValueLabel="All" compValueLabel="Comparison">
            <displayName id="XXBI_OPPTY_CLOSE_REASON_DODisplayNameId">XXBI_OPPTY_CLOSE_REASON_DO</displayName>
            <description id="XXBI_OPPTY_CLOSE_REASON_DODescriptionId">OD: Opportunity Close Reasons DO</description>
            <valueSource>
               <dataSource>
                  <table>XXBI_OPPTY_CLOSE_REASON_DIM_V</table>
               </dataSource>
               <column columnName="ID"/>
               <prototypeData>
                  <character id="XXBI_OPPTY_CLOSE_REASON_DOPrototypeData" prefix="XXBI_OPP"/>
               </prototypeData>
            </valueSource>
            <idColumn columnName="ID"/>
            <nameColumn columnName="NAME"/>
            <sortColumn columnName="NAME"/>
            <dimensionLevelRelationships/>
         </dimensionLevel>
      </dimensionLevels>
   </dimension>
   <dimension id="XXBI_OPPTY_STATUS_DIM" objectName="XXBI_OPPTY_STATUS_DIM" application="XXCRM" createdBy="537503" creationDate="2009-03-27T12:52:36" lastUpdatedBy="537503" lastUpdateDate="2009-03-27T12:52:36" lastUpdateLogin="4876097" enabled="true" obsolete="false" systemMaintained="false" isTimeDimension="false">
      <displayName id="XXBI_OPPTY_STATUS_DIMDisplayNameId">XXBI_OPPTY_STATUS_DIM</displayName>
      <description id="XXBI_OPPTY_STATUS_DIMDescriptionId">OD: Opportunity Status Dim</description>
      <dimensionLevels>
         <dimensionLevel id="XXBI_OPPTY_STATUS_DO" objectName="XXBI_OPPTY_STATUS_DO" application="XXCRM" createdBy="537503" creationDate="2009-03-27T12:52:36" lastUpdatedBy="537503" lastUpdateDate="2009-03-27T12:52:36" lastUpdateLogin="4876097" enabled="true" obsolete="false" systemMaintained="false" graphSortType="VALUE_DESC" allValueLabel="All" compValueLabel="Comparison">
            <displayName id="XXBI_OPPTY_STATUS_DODisplayNameId">XXBI_OPPTY_STATUS_DO</displayName>
            <description id="XXBI_OPPTY_STATUS_DODescriptionId">OD: Opportunity Status DO</description>
            <valueSource>
               <dataSource>
                  <table>XXBI_OPPTY_STATUS_DIM_V</table>
               </dataSource>
               <column columnName="ID"/>
               <prototypeData>
                  <character id="XXBI_OPPTY_STATUS_DOPrototypeData" prefix="XXBI_OPP"/>
               </prototypeData>
            </valueSource>
            <idColumn columnName="ID"/>
            <nameColumn columnName="NAME"/>
            <sortColumn columnName="NAME"/>
            <dimensionLevelRelationships/>
         </dimensionLevel>
      </dimensionLevels>
   </dimension>
   <dimension id="XXBI_OPPTY_AGE_BUCKETS_DIM" objectName="XXBI_OPPTY_AGE_BUCKETS_DIM" application="XXCRM" createdBy="537503" creationDate="2009-03-27T12:52:36" lastUpdatedBy="537503" lastUpdateDate="2009-03-27T12:52:36" lastUpdateLogin="4876097" enabled="true" obsolete="false" systemMaintained="false" isTimeDimension="false">
      <displayName id="XXBI_OPPTY_AGE_BUCKETS_DIMDisplayNameId">XXBI_OPPTY_AGE_BUCKETS_DIM</displayName>
      <description id="XXBI_OPPTY_AGE_BUCKETS_DIMDescriptionId">OD: Opportunity Age Buckets Dim</description>
      <dimensionLevels>
         <dimensionLevel id="XXBI_OPPTY_AGE_BUCKETS_DO" objectName="XXBI_OPPTY_AGE_BUCKETS_DO" application="XXCRM" createdBy="537503" creationDate="2009-03-27T12:52:36" lastUpdatedBy="537503" lastUpdateDate="2009-03-27T12:52:36" lastUpdateLogin="4876097" enabled="true" obsolete="false" systemMaintained="false" graphSortType="VALUE_DESC" allValueLabel="All" compValueLabel="Comparison">
            <displayName id="XXBI_OPPTY_AGE_BUCKETS_DODisplayNameId">XXBI_OPPTY_AGE_BUCKETS_DO</displayName>
            <description id="XXBI_OPPTY_AGE_BUCKETS_DODescriptionId">OD: Opportunity Age Buckets Dimension Object
</description>
            <valueSource>
               <dataSource>
                  <table>XXBI_OPPTY_AGE_BUCKETS_MV</table>
               </dataSource>
               <column columnName="ID"/>
               <prototypeData>
                  <character id="XXBI_OPPTY_AGE_BUCKETS_DOPrototypeData" prefix="XXBI_OPP"/>
               </prototypeData>
            </valueSource>
            <idColumn columnName="ID"/>
            <nameColumn columnName="NAME"/>
            <sortColumn columnName="NAME"/>
            <dimensionLevelRelationships/>
         </dimensionLevel>
      </dimensionLevels>
   </dimension>
   <parameterGroups>
      <parameterGroup id="XXBI_SOURCE_PROMOTIONS_DIM" objectName="XXBI_SOURCE_PROMOTIONS_DIM" enabled="true" obsolete="false">
         <displayName id="XXBI_SOURCE_PROMOTIONS_DIMDisplayNameId">XXBI_SOURCE_PROMOTIONS_DIM</displayName>
         <description id="XXBI_SOURCE_PROMOTIONS_DIMDescriptionId"/>
         <parameters>
            <parameter dimensionName="XXBI_SOURCE_PROMOTIONS_DIM" dimensionLevelName="XXBI_SOURCE_PROMOTIONS_DO" allEnabled="true" viewByEnabled="true" displayTypeWhenAllValuesInParent="DISPLAY" displayTypeWhenNoValuesAvailable="DISPLAY" whereClause="">
               <defaultValue>
                  <literal>ALL</literal>
               </defaultValue>
            </parameter>
         </parameters>
      </parameterGroup>
      <parameterGroup id="XXBI_OPPTY_CLOSE_REASON_DIM" objectName="XXBI_OPPTY_CLOSE_REASON_DIM" enabled="true" obsolete="false">
         <displayName id="XXBI_OPPTY_CLOSE_REASON_DIMDisplayNameId">XXBI_OPPTY_CLOSE_REASON_DIM</displayName>
         <description id="XXBI_OPPTY_CLOSE_REASON_DIMDescriptionId">OD: Opportunity Close Reasons</description>
         <parameters>
            <parameter dimensionName="XXBI_OPPTY_CLOSE_REASON_DIM" dimensionLevelName="XXBI_OPPTY_CLOSE_REASON_DO" allEnabled="true" viewByEnabled="true" displayTypeWhenAllValuesInParent="DISPLAY" displayTypeWhenNoValuesAvailable="DISPLAY" whereClause="">
               <defaultValue>
                  <literal>ALL</literal>
               </defaultValue>
            </parameter>
         </parameters>
      </parameterGroup>
      <parameterGroup id="XXBI_OPPTY_STATUS_DIM" objectName="XXBI_OPPTY_STATUS_DIM" enabled="true" obsolete="false">
         <displayName id="XXBI_OPPTY_STATUS_DIMDisplayNameId">XXBI_OPPTY_STATUS_DIM</displayName>
         <description id="XXBI_OPPTY_STATUS_DIMDescriptionId">OD: Opportunity Status Dim</description>
         <parameters>
            <parameter dimensionName="XXBI_OPPTY_STATUS_DIM" dimensionLevelName="XXBI_OPPTY_STATUS_DO" allEnabled="true" viewByEnabled="true" displayTypeWhenAllValuesInParent="DISPLAY" displayTypeWhenNoValuesAvailable="DISPLAY" whereClause="">
               <defaultValue>
                  <literal>ALL</literal>
               </defaultValue>
            </parameter>
         </parameters>
      </parameterGroup>
      <parameterGroup id="XXBI_OPPTY_AGE_BUCKETS_DIM" objectName="XXBI_OPPTY_AGE_BUCKETS_DIM" enabled="true" obsolete="false">
         <displayName id="XXBI_OPPTY_AGE_BUCKETS_DIMDisplayNameId">XXBI_OPPTY_AGE_BUCKETS_DIM</displayName>
         <description id="XXBI_OPPTY_AGE_BUCKETS_DIMDescriptionId">OD: Opportunity Age Buckets Dim</description>
         <parameters>
            <parameter dimensionName="XXBI_OPPTY_AGE_BUCKETS_DIM" dimensionLevelName="XXBI_OPPTY_AGE_BUCKETS_DO" allEnabled="true" viewByEnabled="true" displayTypeWhenAllValuesInParent="DISPLAY" displayTypeWhenNoValuesAvailable="DISPLAY" whereClause="">
               <defaultValue>
                  <literal>ALL</literal>
               </defaultValue>
            </parameter>
         </parameters>
      </parameterGroup>
      <parameterGroup id="XXBI_REP_OPPTY_DTL_RPT" objectName="XXBI_REP_OPPTY_DTL_RPT" enabled="true" obsolete="false">
         <displayName id="XXBI_REP_OPPTY_DTL_RPTDisplayNameId">Opportunity Summary 1238173133737</displayName>
         <description id="XXBI_REP_OPPTY_DTL_RPTDescriptionId"/>
         <parameters>
            <parameter dimensionName="XXBI_SOURCE_PROMOTIONS_DIM" dimensionLevelName="XXBI_SOURCE_PROMOTIONS_DO" allEnabled="true" viewByEnabled="true" displayTypeWhenAllValuesInParent="DISPLAY" displayTypeWhenNoValuesAvailable="DISPLAY" whereClause="">
               <defaultValue>
                  <literal>ALL</literal>
               </defaultValue>
            </parameter>
            <parameter dimensionName="XXBI_OPPTY_CLOSE_REASON_DIM" dimensionLevelName="XXBI_OPPTY_CLOSE_REASON_DO" allEnabled="true" viewByEnabled="true" displayTypeWhenAllValuesInParent="DISPLAY" displayTypeWhenNoValuesAvailable="DISPLAY" whereClause="">
               <defaultValue>
                  <literal>ALL</literal>
               </defaultValue>
            </parameter>
            <parameter dimensionName="XXBI_OPPTY_STATUS_DIM" dimensionLevelName="XXBI_OPPTY_STATUS_DO" allEnabled="true" viewByEnabled="true" displayTypeWhenAllValuesInParent="DISPLAY" displayTypeWhenNoValuesAvailable="DISPLAY" whereClause="">
               <defaultValue>
                  <literal>ALL</literal>
               </defaultValue>
            </parameter>
            <parameter dimensionName="XXBI_OPPTY_AGE_BUCKETS_DIM" dimensionLevelName="XXBI_OPPTY_AGE_BUCKETS_DO" allEnabled="true" viewByEnabled="true" displayTypeWhenAllValuesInParent="DISPLAY" displayTypeWhenNoValuesAvailable="DISPLAY" whereClause="">
               <defaultValue>
                  <literal>ALL</literal>
               </defaultValue>
            </parameter>
         </parameters>
      </parameterGroup>
   </parameterGroups>
</dimensions>
