<?xml version="1.0" encoding='windows-1252'?>
<!DOCTYPE AppModule SYSTEM "jbo_03_01.dtd">

<!--
Subversion Info:
$HeadURL: http://svn.na.odcorp.net/od/common/branches/10.4/xxcomn/java/od/oracle/apps/xxcrm/cdh/ebl/custdocs/server/ODCustDocAM.xml $
$Rev: 113643 $
$Date: 2010-09-14 00:18:12 +0530 (Tue, 14 Sep 2010) $
-->

<AppModule
   Name="ODCustDocAM"
   ComponentClass="od.oracle.apps.xxcrm.cdh.ebl.custdocs.server.ODCustDocAMImpl"
   LoadComponentsLazily="true" >
   <DesignTime>
      <Attr Name="_isCodegen" Value="true" />
      <Attr Name="_version" Value="9.0.3.12.53" />
      <Attr Name="_deployType" Value="0" />
   </DesignTime>
   <ViewUsage
      Name="ODEBillDocStatusPVO"
      ViewObjectName="od.oracle.apps.xxcrm.cdh.ebl.poplist.server.ODEBillDocStatusPVO" >
   </ViewUsage>
   <ViewUsage
      Name="ODEBillDelyMethodPVO"
      ViewObjectName="od.oracle.apps.xxcrm.cdh.ebl.poplist.server.ODEBillDelyMethodPVO" >
   </ViewUsage>
   <ViewUsage
      Name="ODEBillComboPVO"
      ViewObjectName="od.oracle.apps.xxcrm.cdh.ebl.poplist.server.ODEBillComboPVO" >
   </ViewUsage>
   <ViewUsage
      Name="ODEBillCharYesNo"
      ViewObjectName="od.oracle.apps.xxcrm.cdh.ebl.poplist.server.ODEBillCharYesNo" >
   </ViewUsage>
   <ViewUsage
      Name="ODEBillNumYesNoPVO"
      ViewObjectName="od.oracle.apps.xxcrm.cdh.ebl.poplist.server.ODEBillNumYesNoPVO" >
   </ViewUsage>
   <ViewUsage
      Name="ODEBillPaymentFreqPVO"
      ViewObjectName="od.oracle.apps.xxcrm.cdh.ebl.poplist.server.ODEBillPaymentFreqPVO" >
   </ViewUsage>
   <ViewUsage
      Name="ODEbillCustDocVO"
      ViewObjectName="od.oracle.apps.xxcrm.cdh.ebl.custdocs.server.ODEbillCustDocVO" >
   </ViewUsage>
   <ViewUsage
      Name="ODEBillCustDocHeaderVO"
      ViewObjectName="od.oracle.apps.xxcrm.cdh.ebl.custdocs.server.ODEBillCustDocHeaderVO" >
   </ViewUsage>
</AppModule>
