<?xml version="1.0" encoding='windows-1252'?>
<!DOCTYPE ViewObject SYSTEM "jbo_03_01.dtd">

<ViewObject
   Name="ODEBillCustDocHeaderVO"
   BindingStyle="Oracle"
   CustomQuery="true"
   RowClass="od.oracle.apps.xxcrm.cdh.ebl.custdocs.server.ODEBillCustDocHeaderVORowImpl"
   ComponentClass="od.oracle.apps.xxcrm.cdh.ebl.custdocs.server.ODEBillCustDocHeaderVOImpl"
   MsgBundleClass="oracle.jbo.common.JboResourceBundle"
   UseGlueCode="false" >
   <SQLQuery><![CDATA[
SELECT HCA.account_name CUSTOMER_NAME
     , HCA.cust_account_id CUST_ACCOUNT_ID 
     , SUBSTR(HCA.orig_system_reference,1,8) AOPS_NUMBER
     , HCA.attribute18 CUSTOMER_TYPE
     , decode(HCP.attribute3,'Y','Yes','N','No','No') AB_FLAG 
     , HCA.account_number BILLING_ID
FROM hz_cust_accounts HCA
   , hz_customer_profiles HCP 
WHERE HCP.cust_account_id = HCA.cust_account_id 
AND HCP.party_id = HCA.party_id 
AND HCP.site_use_id IS NULL
   ]]></SQLQuery>
   <DesignTime>
      <Attr Name="_isCodegen" Value="true" />
      <Attr Name="_version" Value="9.0.3.12.53" />
      <Attr Name="_CodeGenFlagNew" Value="36" />
   </DesignTime>
   <ViewAttribute
      Name="CustomerName"
      IsPersistent="false"
      Precision="240"
      Type="java.lang.String"
      AliasName="CUSTOMER_NAME"
      ColumnType="VARCHAR2"
      Expression="CUSTOMER_NAME"
      SQLType="VARCHAR" >
      <DesignTime>
         <Attr Name="_DisplaySize" Value="240" />
      </DesignTime>
   </ViewAttribute>
   <ViewAttribute
      Name="CustAccountId"
      IsPersistent="false"
      IsNotNull="true"
      Precision="15"
      Scale="0"
      Type="oracle.jbo.domain.Number"
      AliasName="CUST_ACCOUNT_ID"
      ColumnType="VARCHAR2"
      Expression="CUST_ACCOUNT_ID"
      SQLType="NUMERIC" >
      <DesignTime>
         <Attr Name="_DisplaySize" Value="22" />
      </DesignTime>
   </ViewAttribute>
   <ViewAttribute
      Name="AopsNumber"
      IsPersistent="false"
      Precision="24"
      Type="java.lang.String"
      AliasName="AOPS_NUMBER"
      ColumnType="VARCHAR2"
      Expression="AOPS_NUMBER"
      SQLType="VARCHAR" >
      <DesignTime>
         <Attr Name="_DisplaySize" Value="24" />
      </DesignTime>
   </ViewAttribute>
   <ViewAttribute
      Name="CustomerType"
      IsPersistent="false"
      Precision="150"
      Type="java.lang.String"
      AliasName="CUSTOMER_TYPE"
      ColumnType="VARCHAR2"
      Expression="CUSTOMER_TYPE"
      SQLType="VARCHAR" >
      <DesignTime>
         <Attr Name="_DisplaySize" Value="150" />
      </DesignTime>
   </ViewAttribute>
   <ViewAttribute
      Name="AbFlag"
      IsPersistent="false"
      Precision="3"
      Type="java.lang.String"
      AliasName="AB_FLAG"
      ColumnType="VARCHAR2"
      Expression="AB_FLAG"
      SQLType="VARCHAR" >
      <DesignTime>
         <Attr Name="_DisplaySize" Value="3" />
      </DesignTime>
   </ViewAttribute>
   <ViewAttribute
      Name="BillingId"
      IsPersistent="false"
      IsNotNull="true"
      Precision="30"
      Type="java.lang.String"
      AliasName="BILLING_ID"
      ColumnType="VARCHAR2"
      Expression="BILLING_ID"
      SQLType="VARCHAR" >
      <DesignTime>
         <Attr Name="_DisplaySize" Value="30" />
      </DesignTime>
   </ViewAttribute>
</ViewObject>
