<?xml version="1.0" encoding='windows-1252'?>
<!DOCTYPE ViewObject SYSTEM "jbo_03_01.dtd">

<ViewObject
   Name="ODEbillCustDocVO"
   OrderBy="N_EXT_ATTR2"
   BindingStyle="Oracle"
   CustomQuery="true"
   RowClass="od.oracle.apps.xxcrm.cdh.ebl.custdocs.server.ODEbillCustDocVORowImpl"
   ComponentClass="od.oracle.apps.xxcrm.cdh.ebl.custdocs.server.ODEbillCustDocVOImpl"
   MsgBundleClass="oracle.jbo.common.JboResourceBundle"
   UseGlueCode="false" >
   <SQLQuery><![CDATA[
SELECT ODEbillCustDocEO.EXTENSION_ID, 
       ODEbillCustDocEO.CUST_ACCOUNT_ID, 
       ODEbillCustDocEO.ATTR_GROUP_ID, 
       ODEbillCustDocEO.CREATED_BY, 
       ODEbillCustDocEO.CREATION_DATE, 
       ODEbillCustDocEO.LAST_UPDATED_BY, 
       ODEbillCustDocEO.LAST_UPDATE_DATE, 
       ODEbillCustDocEO.LAST_UPDATE_LOGIN, 
       ODEbillCustDocEO.C_EXT_ATTR1, 
       ODEbillCustDocEO.C_EXT_ATTR2, 
       ODEbillCustDocEO.C_EXT_ATTR3, 
       ODEbillCustDocEO.C_EXT_ATTR4, 
       ODEbillCustDocEO.C_EXT_ATTR5, 
       ODEbillCustDocEO.C_EXT_ATTR6, 
       ODEbillCustDocEO.C_EXT_ATTR7, 
       ODEbillCustDocEO.C_EXT_ATTR8, 
       ODEbillCustDocEO.C_EXT_ATTR9, 
       ODEbillCustDocEO.C_EXT_ATTR10, 
       ODEbillCustDocEO.C_EXT_ATTR11, 
       ODEbillCustDocEO.C_EXT_ATTR12, 
       ODEbillCustDocEO.C_EXT_ATTR13, 
       ODEbillCustDocEO.C_EXT_ATTR14, 
       ODEbillCustDocEO.C_EXT_ATTR15, 
       ODEbillCustDocEO.C_EXT_ATTR16, 
       ODEbillCustDocEO.C_EXT_ATTR17, 
       ODEbillCustDocEO.C_EXT_ATTR18, 
       ODEbillCustDocEO.C_EXT_ATTR19, 
       ODEbillCustDocEO.C_EXT_ATTR20, 
       ODEbillCustDocEO.N_EXT_ATTR1, 
       ODEbillCustDocEO.N_EXT_ATTR2, 
       ODEbillCustDocEO.N_EXT_ATTR3, 
       ODEbillCustDocEO.N_EXT_ATTR4, 
       ODEbillCustDocEO.N_EXT_ATTR5, 
       ODEbillCustDocEO.N_EXT_ATTR6, 
       ODEbillCustDocEO.N_EXT_ATTR7, 
       ODEbillCustDocEO.N_EXT_ATTR8, 
       ODEbillCustDocEO.N_EXT_ATTR9, 
       ODEbillCustDocEO.N_EXT_ATTR10, 
       ODEbillCustDocEO.N_EXT_ATTR11, 
       ODEbillCustDocEO.N_EXT_ATTR12, 
       ODEbillCustDocEO.N_EXT_ATTR13, 
       ODEbillCustDocEO.N_EXT_ATTR14, 
       ODEbillCustDocEO.N_EXT_ATTR15, 
       ODEbillCustDocEO.N_EXT_ATTR16, 
       ODEbillCustDocEO.N_EXT_ATTR17, 
       ODEbillCustDocEO.N_EXT_ATTR18, 
       ODEbillCustDocEO.N_EXT_ATTR19, 
       ODEbillCustDocEO.N_EXT_ATTR20, 
       ODEbillCustDocEO.D_EXT_ATTR1, 
       ODEbillCustDocEO.D_EXT_ATTR2, 
       ODEbillCustDocEO.D_EXT_ATTR3, 
       ODEbillCustDocEO.D_EXT_ATTR4, 
       ODEbillCustDocEO.D_EXT_ATTR5, 
       ODEbillCustDocEO.D_EXT_ATTR6, 
       ODEbillCustDocEO.D_EXT_ATTR7, 
       ODEbillCustDocEO.D_EXT_ATTR8, 
       ODEbillCustDocEO.D_EXT_ATTR9, 
       ODEbillCustDocEO.D_EXT_ATTR10, 
       ODEbillCustDocEO.ROWID,
DECODE(C_EXT_ATTR3,'EDI','N','PRINT','N','ELEC','N',DECODE(N_EXT_ATTR15,NULL,'Y','N')) EBillDet,
decode(fnd_profile.value('XXOD_EBL_SUPER_USER'),'Y',0,1) SupUsr,
decode(C_EXT_ATTR16,'COMPLETE',1,0) ReadOnlyFlag,
decode(C_EXT_ATTR2,'Y',1,0) PayDocInd,
'QUERY' IntRecStatus,
(SELECT ATTRIBUTE1 FROM RA_TERMS RT where RT.NAME=ODEbillCustDocEO.C_EXT_ATTR14) FREQUENCY,
(SELECT ATTRIBUTE2 FROM RA_TERMS RT where RT.NAME=ODEbillCustDocEO.C_EXT_ATTR14) REPORT_DAY,
(SELECT ATTRIBUTE5 FROM RA_TERMS RT where RT.NAME=ODEbillCustDocEO.C_EXT_ATTR14) PAY_TERM,
decode(fnd_profile.value('XXOD_EBL_SUPER_USER'),'Y',decode(d_ext_attr2,NULL,1,0),1) SupUsrEnd
FROM XX_CDH_CUST_ACCT_EXT_B ODEbillCustDocEO
WHERE attr_group_id = (SELECT attr_group_id 
                       FROM   ego_attr_groups_v 
                       WHERE  attr_group_type ='XX_CDH_CUST_ACCOUNT'
AND attr_group_name = 'BILLDOCS')
   ]]></SQLQuery>
   <DesignTime>
      <Attr Name="_isCodegen" Value="true" />
      <Attr Name="_version" Value="9.0.3.12.53" />
      <Attr Name="_CodeGenFlagNew" Value="36" />
   </DesignTime>
   <EntityUsage
      Name="ODEbillCustDocEO"
      Entity="od.oracle.apps.xxcrm.cdh.ebl.custdocs.schema.server.ODEbillCustDocEO" >
      <DesignTime>
         <Attr Name="_EntireObjectTable" Value="false" />
         <Attr Name="_queryClause" Value="false" />
      </DesignTime>
   </EntityUsage>
   <ViewAttribute
      Name="ExtensionId"
      IsNotNull="true"
      EntityAttrName="ExtensionId"
      EntityUsage="ODEbillCustDocEO"
      AliasName="EXTENSION_ID"
      ColumnType="VARCHAR2" >
   </ViewAttribute>
   <ViewAttribute
      Name="CustAccountId"
      IsNotNull="true"
      EntityAttrName="CustAccountId"
      EntityUsage="ODEbillCustDocEO"
      AliasName="CUST_ACCOUNT_ID"
      ColumnType="VARCHAR2" >
   </ViewAttribute>
   <ViewAttribute
      Name="AttrGroupId"
      IsNotNull="true"
      EntityAttrName="AttrGroupId"
      EntityUsage="ODEbillCustDocEO"
      AliasName="ATTR_GROUP_ID"
      ColumnType="VARCHAR2" >
   </ViewAttribute>
   <ViewAttribute
      Name="CreatedBy"
      IsNotNull="true"
      EntityAttrName="CreatedBy"
      EntityUsage="ODEbillCustDocEO"
      AliasName="CREATED_BY"
      ColumnType="VARCHAR2" >
   </ViewAttribute>
   <ViewAttribute
      Name="CreationDate"
      IsNotNull="true"
      EntityAttrName="CreationDate"
      EntityUsage="ODEbillCustDocEO"
      AliasName="CREATION_DATE"
      ColumnType="VARCHAR2" >
   </ViewAttribute>
   <ViewAttribute
      Name="LastUpdatedBy"
      IsNotNull="true"
      EntityAttrName="LastUpdatedBy"
      EntityUsage="ODEbillCustDocEO"
      AliasName="LAST_UPDATED_BY"
      ColumnType="VARCHAR2" >
   </ViewAttribute>
   <ViewAttribute
      Name="LastUpdateDate"
      IsNotNull="true"
      EntityAttrName="LastUpdateDate"
      EntityUsage="ODEbillCustDocEO"
      AliasName="LAST_UPDATE_DATE"
      ColumnType="VARCHAR2" >
   </ViewAttribute>
   <ViewAttribute
      Name="LastUpdateLogin"
      EntityAttrName="LastUpdateLogin"
      EntityUsage="ODEbillCustDocEO"
      AliasName="LAST_UPDATE_LOGIN"
      ColumnType="VARCHAR2" >
   </ViewAttribute>
   <ViewAttribute
      Name="CExtAttr1"
      EntityAttrName="CExtAttr1"
      EntityUsage="ODEbillCustDocEO"
      AliasName="C_EXT_ATTR1"
      ColumnType="VARCHAR2" >
   </ViewAttribute>
   <ViewAttribute
      Name="CExtAttr2"
      EntityAttrName="CExtAttr2"
      EntityUsage="ODEbillCustDocEO"
      AliasName="C_EXT_ATTR2"
      ColumnType="VARCHAR2" >
   </ViewAttribute>
   <ViewAttribute
      Name="CExtAttr3"
      EntityAttrName="CExtAttr3"
      EntityUsage="ODEbillCustDocEO"
      AliasName="C_EXT_ATTR3"
      ColumnType="VARCHAR2" >
   </ViewAttribute>
   <ViewAttribute
      Name="CExtAttr4"
      EntityAttrName="CExtAttr4"
      EntityUsage="ODEbillCustDocEO"
      AliasName="C_EXT_ATTR4"
      ColumnType="VARCHAR2" >
   </ViewAttribute>
   <ViewAttribute
      Name="CExtAttr5"
      EntityAttrName="CExtAttr5"
      EntityUsage="ODEbillCustDocEO"
      AliasName="C_EXT_ATTR5"
      ColumnType="VARCHAR2" >
   </ViewAttribute>
   <ViewAttribute
      Name="CExtAttr6"
      EntityAttrName="CExtAttr6"
      EntityUsage="ODEbillCustDocEO"
      AliasName="C_EXT_ATTR6"
      ColumnType="VARCHAR2" >
   </ViewAttribute>
   <ViewAttribute
      Name="CExtAttr7"
      EntityAttrName="CExtAttr7"
      EntityUsage="ODEbillCustDocEO"
      AliasName="C_EXT_ATTR7"
      ColumnType="VARCHAR2" >
   </ViewAttribute>
   <ViewAttribute
      Name="CExtAttr8"
      EntityAttrName="CExtAttr8"
      EntityUsage="ODEbillCustDocEO"
      AliasName="C_EXT_ATTR8"
      ColumnType="VARCHAR2" >
   </ViewAttribute>
   <ViewAttribute
      Name="CExtAttr9"
      EntityAttrName="CExtAttr9"
      EntityUsage="ODEbillCustDocEO"
      AliasName="C_EXT_ATTR9"
      ColumnType="VARCHAR2" >
   </ViewAttribute>
   <ViewAttribute
      Name="CExtAttr10"
      EntityAttrName="CExtAttr10"
      EntityUsage="ODEbillCustDocEO"
      AliasName="C_EXT_ATTR10"
      ColumnType="VARCHAR2" >
   </ViewAttribute>
   <ViewAttribute
      Name="CExtAttr11"
      EntityAttrName="CExtAttr11"
      EntityUsage="ODEbillCustDocEO"
      AliasName="C_EXT_ATTR11"
      ColumnType="VARCHAR2" >
   </ViewAttribute>
   <ViewAttribute
      Name="CExtAttr12"
      EntityAttrName="CExtAttr12"
      EntityUsage="ODEbillCustDocEO"
      AliasName="C_EXT_ATTR12"
      ColumnType="VARCHAR2" >
   </ViewAttribute>
   <ViewAttribute
      Name="CExtAttr13"
      EntityAttrName="CExtAttr13"
      EntityUsage="ODEbillCustDocEO"
      AliasName="C_EXT_ATTR13"
      ColumnType="VARCHAR2" >
   </ViewAttribute>
   <ViewAttribute
      Name="CExtAttr14"
      EntityAttrName="CExtAttr14"
      EntityUsage="ODEbillCustDocEO"
      AliasName="C_EXT_ATTR14"
      ColumnType="VARCHAR2" >
   </ViewAttribute>
   <ViewAttribute
      Name="CExtAttr15"
      EntityAttrName="CExtAttr15"
      EntityUsage="ODEbillCustDocEO"
      AliasName="C_EXT_ATTR15"
      ColumnType="VARCHAR2" >
   </ViewAttribute>
   <ViewAttribute
      Name="CExtAttr16"
      EntityAttrName="CExtAttr16"
      EntityUsage="ODEbillCustDocEO"
      AliasName="C_EXT_ATTR16"
      ColumnType="VARCHAR2" >
   </ViewAttribute>
   <ViewAttribute
      Name="CExtAttr17"
      EntityAttrName="CExtAttr17"
      EntityUsage="ODEbillCustDocEO"
      AliasName="C_EXT_ATTR17"
      ColumnType="VARCHAR2" >
   </ViewAttribute>
   <ViewAttribute
      Name="CExtAttr18"
      EntityAttrName="CExtAttr18"
      EntityUsage="ODEbillCustDocEO"
      AliasName="C_EXT_ATTR18"
      ColumnType="VARCHAR2" >
   </ViewAttribute>
   <ViewAttribute
      Name="CExtAttr19"
      EntityAttrName="CExtAttr19"
      EntityUsage="ODEbillCustDocEO"
      AliasName="C_EXT_ATTR19"
      ColumnType="VARCHAR2" >
   </ViewAttribute>
   <ViewAttribute
      Name="CExtAttr20"
      EntityAttrName="CExtAttr20"
      EntityUsage="ODEbillCustDocEO"
      AliasName="C_EXT_ATTR20"
      ColumnType="VARCHAR2" >
   </ViewAttribute>
   <ViewAttribute
      Name="NExtAttr1"
      EntityAttrName="NExtAttr1"
      EntityUsage="ODEbillCustDocEO"
      AliasName="N_EXT_ATTR1"
      ColumnType="VARCHAR2" >
   </ViewAttribute>
   <ViewAttribute
      Name="NExtAttr2"
      EntityAttrName="NExtAttr2"
      EntityUsage="ODEbillCustDocEO"
      AliasName="N_EXT_ATTR2"
      ColumnType="VARCHAR2" >
   </ViewAttribute>
   <ViewAttribute
      Name="NExtAttr3"
      EntityAttrName="NExtAttr3"
      EntityUsage="ODEbillCustDocEO"
      AliasName="N_EXT_ATTR3"
      ColumnType="VARCHAR2" >
   </ViewAttribute>
   <ViewAttribute
      Name="NExtAttr4"
      EntityAttrName="NExtAttr4"
      EntityUsage="ODEbillCustDocEO"
      AliasName="N_EXT_ATTR4"
      ColumnType="VARCHAR2" >
   </ViewAttribute>
   <ViewAttribute
      Name="NExtAttr5"
      EntityAttrName="NExtAttr5"
      EntityUsage="ODEbillCustDocEO"
      AliasName="N_EXT_ATTR5"
      ColumnType="VARCHAR2" >
   </ViewAttribute>
   <ViewAttribute
      Name="NExtAttr6"
      EntityAttrName="NExtAttr6"
      EntityUsage="ODEbillCustDocEO"
      AliasName="N_EXT_ATTR6"
      ColumnType="VARCHAR2" >
   </ViewAttribute>
   <ViewAttribute
      Name="NExtAttr7"
      EntityAttrName="NExtAttr7"
      EntityUsage="ODEbillCustDocEO"
      AliasName="N_EXT_ATTR7"
      ColumnType="VARCHAR2" >
   </ViewAttribute>
   <ViewAttribute
      Name="NExtAttr8"
      EntityAttrName="NExtAttr8"
      EntityUsage="ODEbillCustDocEO"
      AliasName="N_EXT_ATTR8"
      ColumnType="VARCHAR2" >
   </ViewAttribute>
   <ViewAttribute
      Name="NExtAttr9"
      EntityAttrName="NExtAttr9"
      EntityUsage="ODEbillCustDocEO"
      AliasName="N_EXT_ATTR9"
      ColumnType="VARCHAR2" >
   </ViewAttribute>
   <ViewAttribute
      Name="NExtAttr10"
      EntityAttrName="NExtAttr10"
      EntityUsage="ODEbillCustDocEO"
      AliasName="N_EXT_ATTR10"
      ColumnType="VARCHAR2" >
   </ViewAttribute>
   <ViewAttribute
      Name="NExtAttr11"
      EntityAttrName="NExtAttr11"
      EntityUsage="ODEbillCustDocEO"
      AliasName="N_EXT_ATTR11"
      ColumnType="VARCHAR2" >
   </ViewAttribute>
   <ViewAttribute
      Name="NExtAttr12"
      EntityAttrName="NExtAttr12"
      EntityUsage="ODEbillCustDocEO"
      AliasName="N_EXT_ATTR12"
      ColumnType="VARCHAR2" >
   </ViewAttribute>
   <ViewAttribute
      Name="NExtAttr13"
      EntityAttrName="NExtAttr13"
      EntityUsage="ODEbillCustDocEO"
      AliasName="N_EXT_ATTR13"
      ColumnType="VARCHAR2" >
   </ViewAttribute>
   <ViewAttribute
      Name="NExtAttr14"
      EntityAttrName="NExtAttr14"
      EntityUsage="ODEbillCustDocEO"
      AliasName="N_EXT_ATTR14"
      ColumnType="VARCHAR2" >
   </ViewAttribute>
   <ViewAttribute
      Name="NExtAttr15"
      EntityAttrName="NExtAttr15"
      EntityUsage="ODEbillCustDocEO"
      AliasName="N_EXT_ATTR15"
      ColumnType="VARCHAR2" >
   </ViewAttribute>
   <ViewAttribute
      Name="NExtAttr16"
      EntityAttrName="NExtAttr16"
      EntityUsage="ODEbillCustDocEO"
      AliasName="N_EXT_ATTR16"
      ColumnType="VARCHAR2" >
   </ViewAttribute>
   <ViewAttribute
      Name="NExtAttr17"
      EntityAttrName="NExtAttr17"
      EntityUsage="ODEbillCustDocEO"
      AliasName="N_EXT_ATTR17"
      ColumnType="VARCHAR2" >
   </ViewAttribute>
   <ViewAttribute
      Name="NExtAttr18"
      EntityAttrName="NExtAttr18"
      EntityUsage="ODEbillCustDocEO"
      AliasName="N_EXT_ATTR18"
      ColumnType="VARCHAR2" >
   </ViewAttribute>
   <ViewAttribute
      Name="NExtAttr19"
      EntityAttrName="NExtAttr19"
      EntityUsage="ODEbillCustDocEO"
      AliasName="N_EXT_ATTR19"
      ColumnType="VARCHAR2" >
   </ViewAttribute>
   <ViewAttribute
      Name="NExtAttr20"
      EntityAttrName="NExtAttr20"
      EntityUsage="ODEbillCustDocEO"
      AliasName="N_EXT_ATTR20"
      ColumnType="VARCHAR2" >
   </ViewAttribute>
   <ViewAttribute
      Name="DExtAttr1"
      EntityAttrName="DExtAttr1"
      EntityUsage="ODEbillCustDocEO"
      AliasName="D_EXT_ATTR1"
      ColumnType="VARCHAR2" >
   </ViewAttribute>
   <ViewAttribute
      Name="DExtAttr2"
      EntityAttrName="DExtAttr2"
      EntityUsage="ODEbillCustDocEO"
      AliasName="D_EXT_ATTR2"
      ColumnType="VARCHAR2" >
   </ViewAttribute>
   <ViewAttribute
      Name="DExtAttr3"
      EntityAttrName="DExtAttr3"
      EntityUsage="ODEbillCustDocEO"
      AliasName="D_EXT_ATTR3"
      ColumnType="VARCHAR2" >
   </ViewAttribute>
   <ViewAttribute
      Name="DExtAttr4"
      EntityAttrName="DExtAttr4"
      EntityUsage="ODEbillCustDocEO"
      AliasName="D_EXT_ATTR4"
      ColumnType="VARCHAR2" >
   </ViewAttribute>
   <ViewAttribute
      Name="DExtAttr5"
      EntityAttrName="DExtAttr5"
      EntityUsage="ODEbillCustDocEO"
      AliasName="D_EXT_ATTR5"
      ColumnType="VARCHAR2" >
   </ViewAttribute>
   <ViewAttribute
      Name="DExtAttr6"
      EntityAttrName="DExtAttr6"
      EntityUsage="ODEbillCustDocEO"
      AliasName="D_EXT_ATTR6"
      ColumnType="VARCHAR2" >
   </ViewAttribute>
   <ViewAttribute
      Name="DExtAttr7"
      EntityAttrName="DExtAttr7"
      EntityUsage="ODEbillCustDocEO"
      AliasName="D_EXT_ATTR7"
      ColumnType="VARCHAR2" >
   </ViewAttribute>
   <ViewAttribute
      Name="DExtAttr8"
      EntityAttrName="DExtAttr8"
      EntityUsage="ODEbillCustDocEO"
      AliasName="D_EXT_ATTR8"
      ColumnType="VARCHAR2" >
   </ViewAttribute>
   <ViewAttribute
      Name="DExtAttr9"
      EntityAttrName="DExtAttr9"
      EntityUsage="ODEbillCustDocEO"
      AliasName="D_EXT_ATTR9"
      ColumnType="VARCHAR2" >
   </ViewAttribute>
   <ViewAttribute
      Name="DExtAttr10"
      EntityAttrName="DExtAttr10"
      EntityUsage="ODEbillCustDocEO"
      AliasName="D_EXT_ATTR10"
      ColumnType="VARCHAR2" >
   </ViewAttribute>
   <ViewAttribute
      Name="RowID"
      IsUpdateable="false"
      EntityAttrName="RowID"
      EntityUsage="ODEbillCustDocEO"
      AliasName="ROWID"
      ColumnType="VARCHAR2" >
   </ViewAttribute>
   <ViewAttribute
      Name="HideShow"
      IsPersistent="false"
      DefaultValue="true"
      Precision="255"
      Type="java.lang.Boolean"
      AliasName="VIEW_ATTR"
      ColumnType="VARCHAR2"
      SQLType="BIT" >
   </ViewAttribute>
   <ViewAttribute
      Name="Ebilldet"
      IsPersistent="false"
      Precision="1"
      Type="java.lang.String"
      AliasName="Ebilldet"
      ColumnType="VARCHAR2"
      Expression="Ebilldet"
      SQLType="VARCHAR" >
   </ViewAttribute>
   <ViewAttribute
      Name="isSuperUser"
      IsPersistent="false"
      DefaultValue="false"
      Precision="255"
      Type="java.lang.Boolean"
      AliasName="VIEW_ATTR"
      ColumnType="VARCHAR2"
      SQLType="BIT" >
   </ViewAttribute>
   <ViewAttribute
      Name="Supusr"
      IsPersistent="false"
      DefaultValue="1"
      Precision="255"
      Type="java.lang.Boolean"
      AliasName="Supusr"
      ColumnType="VARCHAR2"
      Expression="Supusr"
      SQLType="BIT" >
   </ViewAttribute>
   <ViewAttribute
      Name="Readonlyflag"
      IsPersistent="false"
      DefaultValue="0"
      Precision="255"
      Type="java.lang.Boolean"
      AliasName="Readonlyflag"
      ColumnType="VARCHAR2"
      Expression="Readonlyflag"
      SQLType="BIT" >
   </ViewAttribute>
   <ViewAttribute
      Name="Paydocind"
      IsPersistent="false"
      Precision="255"
      Type="java.lang.Boolean"
      AliasName="Paydocind"
      ColumnType="VARCHAR2"
      Expression="Paydocind"
      SQLType="BIT" >
   </ViewAttribute>
   <ViewAttribute
      Name="Intrecstatus"
      IsPersistent="false"
      Precision="5"
      Type="java.lang.String"
      AliasName="Intrecstatus"
      ColumnType="VARCHAR2"
      Expression="Intrecstatus"
      SQLType="VARCHAR" >
   </ViewAttribute>
   <ViewAttribute
      Name="Frequency"
      IsPersistent="false"
      Precision="150"
      Type="java.lang.String"
      AliasName="Frequency"
      ColumnType="VARCHAR2"
      Expression="Frequency"
      SQLType="VARCHAR" >
   </ViewAttribute>
   <ViewAttribute
      Name="ReportDay"
      IsPersistent="false"
      Precision="150"
      Type="java.lang.String"
      AliasName="ReportDay"
      ColumnType="VARCHAR2"
      Expression="ReportDay"
      SQLType="VARCHAR" >
   </ViewAttribute>
   <ViewAttribute
      Name="ParentCustDocID"
      IsPersistent="false"
      Precision="255"
      Type="oracle.jbo.domain.Number"
      AliasName="VIEW_ATTR"
      ColumnType="VARCHAR2"
      SQLType="NUMERIC" >
   </ViewAttribute>
   <ViewAttribute
      Name="EnableParentDoc"
      IsPersistent="false"
      DefaultValue="0"
      Precision="255"
      Type="java.lang.Boolean"
      AliasName="VIEW_ATTR"
      ColumnType="VARCHAR2"
      SQLType="BIT" >
   </ViewAttribute>
   <ViewAttribute
      Name="PayTerm"
      IsPersistent="false"
      Precision="150"
      Type="java.lang.String"
      AliasName="PayTerm"
      ColumnType="VARCHAR2"
      Expression="PayTerm"
      SQLType="VARCHAR" >
   </ViewAttribute>
   <ViewAttribute
      Name="Supusrend"
      IsPersistent="false"
      Precision="255"
      Type="java.lang.Boolean"
      AliasName="Supusrend"
      ColumnType="VARCHAR2"
      Expression="Supusrend"
      SQLType="BIT" >
   </ViewAttribute>
</ViewObject>
