<ShowShipmentUnit releaseID="" xsi:schemaLocation="http://www.openapplications.org/oagis/9 ShowShipmentUnit.xsd" xmlns="http://www.openapplications.org/oagis/9" xmlns:xsi="http://www.w3.org/2001/XMLSchema-instance">
 <DataArea>
    <ShipmentUnit>
       <TrackingID>118009</TrackingID>
       <ShipUnitTotalID>2</ShipUnitTotalID>
       <LoadingWeightMeasure>20</LoadingWeightMeasure>
             <ShipmentUnitContainer>
          <ContainerID>5011</ContainerID>
          <ShipmentUnitItem>
             <ItemID>
                <ID>2002</ID>
                <RevisionID>000</RevisionID>
                <VariationID>000</VariationID>
             </ItemID>
             <OrderQuantity>2</OrderQuantity>
             <DocumentReference type="">
                <DocumentID>
                   <ID>443113</ID>
                   <RevisionID>01234</RevisionID>
                   <VariationID>1234</VariationID>
                </DocumentID>
                <AlternateDocumentID>
                   <ID>1234</ID>
                   <RevisionID>1234</RevisionID>
                   <VariationID>1234</VariationID>
                </AlternateDocumentID>
                <DocumentDateTime>1967-08-13</DocumentDateTime>
                <Description>CARTONIZATION TEST</Description>
                <Note>CARTON TEST</Note>
                <StatusCode>0</StatusCode>
                <UserArea/>
             </DocumentReference>
             <Specification>
                <Property>
                   <Season>2007</Season>
                   <Season_yr>2007</Season_yr>
                   <Style>2007</Style>
                   <StyleSfx>2007</StyleSfx>
                   <Color>2007</Color>
                   <ColorSfx>2007</ColorSfx>
                   <SecDim>2007</SecDim>
                   <Qual>2007</Qual>
                   <SizeDesc>2007</SizeDesc>
                   <UserArea/>
                </Property>
             </Specification>
             <ContainerLineNum>1001</ContainerLineNum>
             <SplInstrCode1>Success</SplInstrCode1>
             <SplInstrCode2>TEST1</SplInstrCode2>
             <SplInstrCode3>TEST2</SplInstrCode3>
             <SplInstrCode4>TEST3</SplInstrCode4>
             <SplInstrCode5>TEST4</SplInstrCode5>
             <SplInstrCode6>TEST5</SplInstrCode6>
             <SplInstrCode7>TEST6</SplInstrCode7>
             <SplInstrCode8>TEST7</SplInstrCode8>
             <SplInstrCode9>TEST8</SplInstrCode9>
             <SplInstrCode10>TEST9</SplInstrCode10>
             <ProcStatCode>0</ProcStatCode>
             <ProcDateTime>1967-08-13</ProcDateTime>
             <UserArea/>
          </ShipmentUnitItem>
          <CartonWeightMeasure>20</CartonWeightMeasure>
          <CartonVolumeMeasure>30</CartonVolumeMeasure>
          <LengthMeasure>2</LengthMeasure>
          <WidthMeasure>4</WidthMeasure>
          <HeightMeasure>6</HeightMeasure>
          <SplInstrCode1>Success</SplInstrCode1>
          <SplInstrCode2>TEST1</SplInstrCode2>
          <SplInstrCode3>TEST2</SplInstrCode3>
          <SplInstrCode4>TEST3</SplInstrCode4>
          <SplInstrCode5>TEST4</SplInstrCode5>
          <SplInstrCode6>TEST5</SplInstrCode6>
          <SplInstrCode7>TEST6</SplInstrCode7>
          <SplInstrCode8>TEST7</SplInstrCode8>
          <SplInstrCode9>TEST8</SplInstrCode9>
          <SplInstrCode10>TEST9</SplInstrCode10>
          <CartonType>Test-2</CartonType>
          <CartonSize>EA</CartonSize>
          <PostMaster>0000</PostMaster>
          <ProcStatCode>0</ProcStatCode>
          <ProcDateTime>1967-08-13</ProcDateTime>
          <UserArea/>
       </ShipmentUnitContainer>
             <ShipmentUnitContainer>
          <ContainerID>5012</ContainerID>
          <ShipmentUnitItem>
             <ItemID>
                <ID>2045</ID>
                <RevisionID>000</RevisionID>
                <VariationID>000</VariationID>
             </ItemID>
             <OrderQuantity>3</OrderQuantity>
             <DocumentReference type="">
                <DocumentID>
                   <ID>443114</ID>
                   <RevisionID>01234</RevisionID>
                   <VariationID>1234</VariationID>
                </DocumentID>
                <AlternateDocumentID>
                   <ID>1234</ID>
                   <RevisionID>1234</RevisionID>
                   <VariationID>1234</VariationID>
                </AlternateDocumentID>
                <DocumentDateTime>1967-08-13</DocumentDateTime>
                <Description>CARTONIZATION TEST</Description>
                <Note>CARTON TEST</Note>
                <StatusCode>0</StatusCode>
                <UserArea/>
             </DocumentReference>
             <Specification>
                <Property>
                   <Season>2007</Season>
                   <Season_yr>2007</Season_yr>
                   <Style>2007</Style>
                   <StyleSfx>2007</StyleSfx>
                   <Color>2007</Color>
                   <ColorSfx>2007</ColorSfx>
                   <SecDim>2007</SecDim>
                   <Qual>2007</Qual>
                   <SizeDesc>2007</SizeDesc>
                   <UserArea/>
                </Property>
             </Specification>
             <ContainerLineNum>1002</ContainerLineNum>
             <SplInstrCode1>Success</SplInstrCode1>
             <SplInstrCode2>TEST1</SplInstrCode2>
             <SplInstrCode3>TEST2</SplInstrCode3>
             <SplInstrCode4>TEST3</SplInstrCode4>
             <SplInstrCode5>TEST4</SplInstrCode5>
             <SplInstrCode6>TEST5</SplInstrCode6>
             <SplInstrCode7>TEST6</SplInstrCode7>
             <SplInstrCode8>TEST7</SplInstrCode8>
             <SplInstrCode9>TEST8</SplInstrCode9>
             <SplInstrCode10>TEST9</SplInstrCode10>
             <ProcStatCode>0</ProcStatCode>
             <ProcDateTime>1967-08-13</ProcDateTime>
             <UserArea/>
          </ShipmentUnitItem>
          <CartonWeightMeasure>20</CartonWeightMeasure>
          <CartonVolumeMeasure>30</CartonVolumeMeasure>
          <LengthMeasure>3</LengthMeasure>
          <WidthMeasure>4</WidthMeasure>
          <HeightMeasure>5</HeightMeasure>
          <SplInstrCode1>Success</SplInstrCode1>
          <SplInstrCode2>TEST1</SplInstrCode2>
          <SplInstrCode3>TEST2</SplInstrCode3>
          <SplInstrCode4>TEST3</SplInstrCode4>
          <SplInstrCode5>TEST4</SplInstrCode5>
          <SplInstrCode6>TEST5</SplInstrCode6>
          <SplInstrCode7>TEST6</SplInstrCode7>
          <SplInstrCode8>TEST7</SplInstrCode8>
          <SplInstrCode9>TEST8</SplInstrCode9>
          <SplInstrCode10>TEST9</SplInstrCode10>
          <CartonType>Test-2</CartonType>
          <CartonSize>EA</CartonSize>
          <PostMaster>0000</PostMaster>
          <ProcStatCode>0</ProcStatCode>
          <ProcDateTime>1967-08-13</ProcDateTime>
          <UserArea/>
       </ShipmentUnitContainer>


       <ShipmentUnitContainer>
          <ContainerID>5013</ContainerID>
          <ShipmentUnitItem>
             <ItemID>
                <ID>2045</ID>
                <RevisionID>000</RevisionID>
                <VariationID>000</VariationID>
             </ItemID>
             <OrderQuantity>2</OrderQuantity>
             <DocumentReference type="">
                <DocumentID>
                   <ID>443114</ID>
                   <RevisionID>01234</RevisionID>
                   <VariationID>1234</VariationID>
                </DocumentID>
                <AlternateDocumentID>
                   <ID>1234</ID>
                   <RevisionID>1234</RevisionID>
                   <VariationID>1234</VariationID>
                </AlternateDocumentID>
                <DocumentDateTime>1967-08-13</DocumentDateTime>
                <Description>CARTONIZATION TEST</Description>
                <Note>CARTON TEST</Note>
                <StatusCode>0</StatusCode>
                <UserArea/>
             </DocumentReference>
             <Specification>
                <Property>
                   <Season>2007</Season>
                   <Season_yr>2007</Season_yr>
                   <Style>2007</Style>
                   <StyleSfx>2007</StyleSfx>
                   <Color>2007</Color>
                   <ColorSfx>2007</ColorSfx>
                   <SecDim>2007</SecDim>
                   <Qual>2007</Qual>
                   <SizeDesc>2007</SizeDesc>
                   <UserArea/>
                </Property>
             </Specification>
             <ContainerLineNum>1003</ContainerLineNum>
             <SplInstrCode1>Success</SplInstrCode1>
             <SplInstrCode2>TEST1</SplInstrCode2>
             <SplInstrCode3>TEST2</SplInstrCode3>
             <SplInstrCode4>TEST3</SplInstrCode4>
             <SplInstrCode5>TEST4</SplInstrCode5>
             <SplInstrCode6>TEST5</SplInstrCode6>
             <SplInstrCode7>TEST6</SplInstrCode7>
             <SplInstrCode8>TEST7</SplInstrCode8>
             <SplInstrCode9>TEST8</SplInstrCode9>
             <SplInstrCode10>TEST9</SplInstrCode10>
             <ProcStatCode>0</ProcStatCode>
             <ProcDateTime>1967-08-13</ProcDateTime>
             <UserArea/>
          </ShipmentUnitItem>
          <CartonWeightMeasure>20</CartonWeightMeasure>
          <CartonVolumeMeasure>30</CartonVolumeMeasure>
          <LengthMeasure>3</LengthMeasure>
          <WidthMeasure>4</WidthMeasure>
          <HeightMeasure>5</HeightMeasure>
          <SplInstrCode1>Success</SplInstrCode1>
          <SplInstrCode2>TEST1</SplInstrCode2>
          <SplInstrCode3>TEST2</SplInstrCode3>
          <SplInstrCode4>TEST3</SplInstrCode4>
          <SplInstrCode5>TEST4</SplInstrCode5>
          <SplInstrCode6>TEST5</SplInstrCode6>
          <SplInstrCode7>TEST6</SplInstrCode7>
          <SplInstrCode8>TEST7</SplInstrCode8>
          <SplInstrCode9>TEST8</SplInstrCode9>
          <SplInstrCode10>TEST9</SplInstrCode10>
          <CartonType>Test-2</CartonType>
          <CartonSize>EA</CartonSize>
          <PostMaster>0000</PostMaster>
          <ProcStatCode>0</ProcStatCode>
          <ProcDateTime>1967-08-13</ProcDateTime>
          <UserArea/>
       </ShipmentUnitContainer>
             <LoadingVolumeMeasure>30</LoadingVolumeMeasure>
       <SplInstrCode1>Success</SplInstrCode1>
       <SplInstrCode2>TEST1</SplInstrCode2>
       <SplInstrCode3>TEST2</SplInstrCode3>
       <SplInstrCode4>TEST3</SplInstrCode4>
       <SplInstrCode5>TEST4</SplInstrCode5>
       <SplInstrCode6>TEST5</SplInstrCode6>
       <SplInstrCode7>TEST6</SplInstrCode7>
       <SplInstrCode8>TEST7</SplInstrCode8>
       <SplInstrCode9>TEST8</SplInstrCode9>
       <SplInstrCode10>TEST9</SplInstrCode10>
       <ProcStatCode>0</ProcStatCode>
       <ProcDateTime>1967-08-13</ProcDateTime>
       <UserArea/>
    </ShipmentUnit>
 </DataArea>
</ShowShipmentUnit>