<?xml version = '1.0' encoding = 'UTF-8'?>
<db:InputParameters xmlns:db="http://xmlns.oracle.com/pcbpel/adapter/db/APPS/BPEL_CARTONIZATION/XX_OM_CARTONIZATION_WMOS_PKG-24/">
   <P_SHOWSHIPUNIT_FIRSTLVL_TBL>
      <P_SHOWSHIPUNIT_FIRSTLVL_TBL_ITEM>
         <DELIVERY_ID>118009</DELIVERY_ID>
         <NUMBER_OF_LPN>2</NUMBER_OF_LPN>
         <GROSS_WEIGHT>20</GROSS_WEIGHT>
         <VOLUME>30</VOLUME>
         <SPL_INSTR_CODE_1>Success</SPL_INSTR_CODE_1>
         <SPL_INSTR_CODE_2>TEST1</SPL_INSTR_CODE_2>
         <SPL_INSTR_CODE_3>TEST2</SPL_INSTR_CODE_3>
         <SPL_INSTR_CODE_4>TEST3</SPL_INSTR_CODE_4>
         <SPL_INSTR_CODE_5>TEST4</SPL_INSTR_CODE_5>
         <SPL_INSTR_CODE_6>TEST5</SPL_INSTR_CODE_6>
         <SPL_INSTR_CODE_7>TEST6</SPL_INSTR_CODE_7>
         <SPL_INSTR_CODE_8>TEST7</SPL_INSTR_CODE_8>
         <SPL_INSTR_CODE_9>TEST8</SPL_INSTR_CODE_9>
         <SPL_INSTR_CODE_10>TEST9</SPL_INSTR_CODE_10>
         <PROCSTATCODE>0</PROCSTATCODE>
         <PROCDATETIME>1967-08-13</PROCDATETIME>
         <LT_SHOWSHIPUNIT_SECLVL_TBL>
            <LT_SHOWSHIPUNIT_SECLVL_TBL_ITEM>
               <CONTAINER_ID>5011</CONTAINER_ID>
               <DELIVERY_ID>118009</DELIVERY_ID>
               <GROSS_WEIGHT>20</GROSS_WEIGHT>
               <VOLUME>30</VOLUME>
               <LENGTH>2</LENGTH>
               <WIDTH>4</WIDTH>
               <HEIGHT>6</HEIGHT>
               <CARTON_TYPE>Test-2</CARTON_TYPE>
               <CARTON_SIZE>EA</CARTON_SIZE>
               <POSTMASTER>0000</POSTMASTER>
               <SPL_INSTR_CODE_1>Success</SPL_INSTR_CODE_1>
               <SPL_INSTR_CODE_2>TEST1</SPL_INSTR_CODE_2>
               <SPL_INSTR_CODE_3>TEST2</SPL_INSTR_CODE_3>
               <SPL_INSTR_CODE_4>TEST3</SPL_INSTR_CODE_4>
               <SPL_INSTR_CODE_5>TEST4</SPL_INSTR_CODE_5>
               <SPL_INSTR_CODE_6>TEST5</SPL_INSTR_CODE_6>
               <SPL_INSTR_CODE_7>TEST6</SPL_INSTR_CODE_7>
               <SPL_INSTR_CODE_8>TEST7</SPL_INSTR_CODE_8>
               <SPL_INSTR_CODE_9>TEST8</SPL_INSTR_CODE_9>
               <SPL_INSTR_CODE_10>TEST9</SPL_INSTR_CODE_10>
               <PROCSTATCODE>0</PROCSTATCODE>
               <PROCDATETIME>1967-08-13</PROCDATETIME>
               <LT_SHOWSHIPUNIT_THIRDLVL_TBL>
                  <LT_SHOWSHIPUNIT_THIRDLVL_TBL_ITEM>
                     <CONTAINER_ID>5011</CONTAINER_ID>
                     <DELIVERY_NUMBER>118009</DELIVERY_NUMBER>
                     <DELIVERY_DETAIL_ID>443113</DELIVERY_DETAIL_ID>
                     <CONTAINERLINENUM>1001</CONTAINERLINENUM>
                     <INVENTORY_ITEM_ID>2002</INVENTORY_ITEM_ID>
                     <REQUESTED_QUANTITY>2</REQUESTED_QUANTITY>
                     <SPL_INSTR_CODE_1>Success</SPL_INSTR_CODE_1>
                     <SPL_INSTR_CODE_2>TEST1</SPL_INSTR_CODE_2>
                     <SPL_INSTR_CODE_3>TEST2</SPL_INSTR_CODE_3>
                     <SPL_INSTR_CODE_4>TEST3</SPL_INSTR_CODE_4>
                     <SPL_INSTR_CODE_5>TEST4</SPL_INSTR_CODE_5>
                     <SPL_INSTR_CODE_6>TEST5</SPL_INSTR_CODE_6>
                     <SPL_INSTR_CODE_7>TEST6</SPL_INSTR_CODE_7>
                     <SPL_INSTR_CODE_8>TEST7</SPL_INSTR_CODE_8>
                     <SPL_INSTR_CODE_9>TEST8</SPL_INSTR_CODE_9>
                     <SPL_INSTR_CODE_10>TEST9</SPL_INSTR_CODE_10>
                     <SEASON>2007</SEASON>
                     <SEASON_YR>2007</SEASON_YR>
                     <STYLE>2007</STYLE>
                     <STYLESFX>2007</STYLESFX>
                     <COLOR>2007</COLOR>
                     <COLORSFX>2007</COLORSFX>
                     <SECDIM>2007</SECDIM>
                     <QUAL>2007</QUAL>
                     <SIZEDESC>2007</SIZEDESC>
                     <PROCSTATCODE>0</PROCSTATCODE>
                     <PROCDATETIME>1967-08-13</PROCDATETIME>
                  </LT_SHOWSHIPUNIT_THIRDLVL_TBL_ITEM>
               </LT_SHOWSHIPUNIT_THIRDLVL_TBL>
            </LT_SHOWSHIPUNIT_SECLVL_TBL_ITEM>
            <LT_SHOWSHIPUNIT_SECLVL_TBL_ITEM>
               <CONTAINER_ID>5012</CONTAINER_ID>
               <DELIVERY_ID>118009</DELIVERY_ID>
               <GROSS_WEIGHT>20</GROSS_WEIGHT>
               <VOLUME>30</VOLUME>
               <LENGTH>3</LENGTH>
               <WIDTH>4</WIDTH>
               <HEIGHT>5</HEIGHT>
               <CARTON_TYPE>Test-2</CARTON_TYPE>
               <CARTON_SIZE>EA</CARTON_SIZE>
               <POSTMASTER>0000</POSTMASTER>
               <SPL_INSTR_CODE_1>Success</SPL_INSTR_CODE_1>
               <SPL_INSTR_CODE_2>TEST1</SPL_INSTR_CODE_2>
               <SPL_INSTR_CODE_3>TEST2</SPL_INSTR_CODE_3>
               <SPL_INSTR_CODE_4>TEST3</SPL_INSTR_CODE_4>
               <SPL_INSTR_CODE_5>TEST4</SPL_INSTR_CODE_5>
               <SPL_INSTR_CODE_6>TEST5</SPL_INSTR_CODE_6>
               <SPL_INSTR_CODE_7>TEST6</SPL_INSTR_CODE_7>
               <SPL_INSTR_CODE_8>TEST7</SPL_INSTR_CODE_8>
               <SPL_INSTR_CODE_9>TEST8</SPL_INSTR_CODE_9>
               <SPL_INSTR_CODE_10>TEST9</SPL_INSTR_CODE_10>
               <PROCSTATCODE>0</PROCSTATCODE>
               <PROCDATETIME>1967-08-13</PROCDATETIME>
               <LT_SHOWSHIPUNIT_THIRDLVL_TBL>
                  <LT_SHOWSHIPUNIT_THIRDLVL_TBL_ITEM>
                     <CONTAINER_ID>5012</CONTAINER_ID>
                     <DELIVERY_NUMBER>118009</DELIVERY_NUMBER>
                     <DELIVERY_DETAIL_ID>443114</DELIVERY_DETAIL_ID>
                     <CONTAINERLINENUM>1002</CONTAINERLINENUM>
                     <INVENTORY_ITEM_ID>2045</INVENTORY_ITEM_ID>
                     <REQUESTED_QUANTITY>3</REQUESTED_QUANTITY>
                     <SPL_INSTR_CODE_1>Success</SPL_INSTR_CODE_1>
                     <SPL_INSTR_CODE_2>TEST1</SPL_INSTR_CODE_2>
                     <SPL_INSTR_CODE_3>TEST2</SPL_INSTR_CODE_3>
                     <SPL_INSTR_CODE_4>TEST3</SPL_INSTR_CODE_4>
                     <SPL_INSTR_CODE_5>TEST4</SPL_INSTR_CODE_5>
                     <SPL_INSTR_CODE_6>TEST5</SPL_INSTR_CODE_6>
                     <SPL_INSTR_CODE_7>TEST6</SPL_INSTR_CODE_7>
                     <SPL_INSTR_CODE_8>TEST7</SPL_INSTR_CODE_8>
                     <SPL_INSTR_CODE_9>TEST8</SPL_INSTR_CODE_9>
                     <SPL_INSTR_CODE_10>TEST9</SPL_INSTR_CODE_10>
                     <SEASON>2007</SEASON>
                     <SEASON_YR>2007</SEASON_YR>
                     <STYLE>2007</STYLE>
                     <STYLESFX>2007</STYLESFX>
                     <COLOR>2007</COLOR>
                     <COLORSFX>2007</COLORSFX>
                     <SECDIM>2007</SECDIM>
                     <QUAL>2007</QUAL>
                     <SIZEDESC>2007</SIZEDESC>
                     <PROCSTATCODE>0</PROCSTATCODE>
                     <PROCDATETIME>1967-08-13</PROCDATETIME>
                  </LT_SHOWSHIPUNIT_THIRDLVL_TBL_ITEM>
               </LT_SHOWSHIPUNIT_THIRDLVL_TBL>
            </LT_SHOWSHIPUNIT_SECLVL_TBL_ITEM>
            <LT_SHOWSHIPUNIT_SECLVL_TBL_ITEM>
               <CONTAINER_ID>5013</CONTAINER_ID>
               <DELIVERY_ID>118009</DELIVERY_ID>
               <GROSS_WEIGHT>20</GROSS_WEIGHT>
               <VOLUME>30</VOLUME>
               <LENGTH>3</LENGTH>
               <WIDTH>4</WIDTH>
               <HEIGHT>5</HEIGHT>
               <CARTON_TYPE>Test-2</CARTON_TYPE>
               <CARTON_SIZE>EA</CARTON_SIZE>
               <POSTMASTER>0000</POSTMASTER>
               <SPL_INSTR_CODE_1>Success</SPL_INSTR_CODE_1>
               <SPL_INSTR_CODE_2>TEST1</SPL_INSTR_CODE_2>
               <SPL_INSTR_CODE_3>TEST2</SPL_INSTR_CODE_3>
               <SPL_INSTR_CODE_4>TEST3</SPL_INSTR_CODE_4>
               <SPL_INSTR_CODE_5>TEST4</SPL_INSTR_CODE_5>
               <SPL_INSTR_CODE_6>TEST5</SPL_INSTR_CODE_6>
               <SPL_INSTR_CODE_7>TEST6</SPL_INSTR_CODE_7>
               <SPL_INSTR_CODE_8>TEST7</SPL_INSTR_CODE_8>
               <SPL_INSTR_CODE_9>TEST8</SPL_INSTR_CODE_9>
               <SPL_INSTR_CODE_10>TEST9</SPL_INSTR_CODE_10>
               <PROCSTATCODE>0</PROCSTATCODE>
               <PROCDATETIME>1967-08-13</PROCDATETIME>
               <LT_SHOWSHIPUNIT_THIRDLVL_TBL>
                  <LT_SHOWSHIPUNIT_THIRDLVL_TBL_ITEM>
                     <CONTAINER_ID>5013</CONTAINER_ID>
                     <DELIVERY_NUMBER>118009</DELIVERY_NUMBER>
                     <DELIVERY_DETAIL_ID>443114</DELIVERY_DETAIL_ID>
                     <CONTAINERLINENUM>1003</CONTAINERLINENUM>
                     <INVENTORY_ITEM_ID>2045</INVENTORY_ITEM_ID>
                     <REQUESTED_QUANTITY>2</REQUESTED_QUANTITY>
                     <SPL_INSTR_CODE_1>Success</SPL_INSTR_CODE_1>
                     <SPL_INSTR_CODE_2>TEST1</SPL_INSTR_CODE_2>
                     <SPL_INSTR_CODE_3>TEST2</SPL_INSTR_CODE_3>
                     <SPL_INSTR_CODE_4>TEST3</SPL_INSTR_CODE_4>
                     <SPL_INSTR_CODE_5>TEST4</SPL_INSTR_CODE_5>
                     <SPL_INSTR_CODE_6>TEST5</SPL_INSTR_CODE_6>
                     <SPL_INSTR_CODE_7>TEST6</SPL_INSTR_CODE_7>
                     <SPL_INSTR_CODE_8>TEST7</SPL_INSTR_CODE_8>
                     <SPL_INSTR_CODE_9>TEST8</SPL_INSTR_CODE_9>
                     <SPL_INSTR_CODE_10>TEST9</SPL_INSTR_CODE_10>
                     <SEASON>2007</SEASON>
                     <SEASON_YR>2007</SEASON_YR>
                     <STYLE>2007</STYLE>
                     <STYLESFX>2007</STYLESFX>
                     <COLOR>2007</COLOR>
                     <COLORSFX>2007</COLORSFX>
                     <SECDIM>2007</SECDIM>
                     <QUAL>2007</QUAL>
                     <SIZEDESC>2007</SIZEDESC>
                     <PROCSTATCODE>0</PROCSTATCODE>
                     <PROCDATETIME>1967-08-13</PROCDATETIME>
                  </LT_SHOWSHIPUNIT_THIRDLVL_TBL_ITEM>
               </LT_SHOWSHIPUNIT_THIRDLVL_TBL>
            </LT_SHOWSHIPUNIT_SECLVL_TBL_ITEM>
         </LT_SHOWSHIPUNIT_SECLVL_TBL>
      </P_SHOWSHIPUNIT_FIRSTLVL_TBL_ITEM>
   </P_SHOWSHIPUNIT_FIRSTLVL_TBL>
</db:InputParameters>
