<?xml version = '1.0' encoding = 'UTF-8'?>
<dimensions xmlns="http://xmlns.oracle.com/metadata" xml:lang="en-US">
   <dimension id="XXBI_ORG_NAME_DIM" objectName="XXBI_ORG_NAME_DIM" application="XXCRM" createdBy="539150" creationDate="2010-04-30T15:24:43" lastUpdatedBy="539150" lastUpdateDate="2010-04-30T15:24:43" lastUpdateLogin="11182831" enabled="true" obsolete="false" systemMaintained="false" isTimeDimension="false">
      <displayName id="XXBI_ORG_NAME_DIMDisplayNameId">XXBI_ORG_NAME_DIM</displayName>
      <description id="XXBI_ORG_NAME_DIMDescriptionId">Organization Name Dimesion for Rep Dashboard (Customer and Prospect)</description>
      <dimensionLevels>
         <dimensionLevel id="XXBI_ORG_NAME_DO" objectName="XXBI_ORG_NAME_DO" application="XXCRM" createdBy="539150" creationDate="2010-04-30T15:24:43" lastUpdatedBy="539150" lastUpdateDate="2010-04-30T15:24:43" lastUpdateLogin="11182831" enabled="true" obsolete="false" systemMaintained="false" graphSortType="VALUE_ASC" allValueLabel="All" compValueLabel="Comparison">
            <displayName id="XXBI_ORG_NAME_DODisplayNameId">XXBI_ORG_NAME_DO</displayName>
            <description id="XXBI_ORG_NAME_DODescriptionId">Organization Name DO for Customer &amp; Prospect Dashboards.</description>
            <valueSource>
               <dataSource>
                  <table>XXBI_USER_ORGNAME_DIM_V</table>
               </dataSource>
               <column columnName="ID"/>
               <prototypeData>
                  <character id="XXBI_ORG_NAME_DOPrototypeData" prefix="XXBI_ORG"/>
               </prototypeData>
            </valueSource>
            <idColumn columnName="ID"/>
            <nameColumn columnName="NAME"/>
            <sortColumn columnName="NAME"/>
            <dimensionLevelRelationships/>
         </dimensionLevel>
      </dimensionLevels>
   </dimension>
   <dimension id="XXBI_CUST_WCW_RANGE_DIM" objectName="XXBI_CUST_WCW_RANGE_DIM" application="XXCRM" createdBy="539150" creationDate="2010-04-30T15:23:38" lastUpdatedBy="539150" lastUpdateDate="2010-04-30T15:23:38" lastUpdateLogin="11182831" enabled="true" obsolete="false" systemMaintained="false" isTimeDimension="false">
      <displayName id="XXBI_CUST_WCW_RANGE_DIMDisplayNameId">XXBI_CUST_WCW_RANGE_DIM</displayName>
      <description id="XXBI_CUST_WCW_RANGE_DIMDescriptionId">Customer white collar worker ranges</description>
      <dimensionLevels>
         <dimensionLevel id="XXBI_CUST_WCW_RANGE_DO" objectName="XXBI_CUST_WCW_RANGE_DO" application="XXCRM" createdBy="539150" creationDate="2010-04-30T15:23:38" lastUpdatedBy="539150" lastUpdateDate="2010-04-30T15:23:38" lastUpdateLogin="11182831" enabled="true" obsolete="false" systemMaintained="false" graphSortType="VALUE_DESC" allValueLabel="All" compValueLabel="Comparison">
            <displayName id="XXBI_CUST_WCW_RANGE_DODisplayNameId">XXBI_CUST_WCW_RANGE_DO</displayName>
            <description id="XXBI_CUST_WCW_RANGE_DODescriptionId">White collar count ranges</description>
            <valueSource>
               <dataSource>
                  <table>XXBI_CUST_WCW_RANGE_DIM_V</table>
               </dataSource>
               <column columnName="ID"/>
               <prototypeData>
                  <character id="XXBI_CUST_WCW_RANGE_DOPrototypeData" prefix="XXBI_CUS"/>
               </prototypeData>
            </valueSource>
            <idColumn columnName="ID"/>
            <nameColumn columnName="NAME"/>
            <sortColumn columnName="NAME"/>
            <dimensionLevelRelationships/>
         </dimensionLevel>
      </dimensionLevels>
   </dimension>
   <dimension id="XXBI_CUST_REVENUE_BAND_DIM" objectName="XXBI_CUST_REVENUE_BAND_DIM" application="XXCRM" createdBy="996429" creationDate="2009-06-08T20:37:42" lastUpdatedBy="996429" lastUpdateDate="2009-06-08T20:37:42" lastUpdateLogin="5806792" enabled="true" obsolete="false" systemMaintained="false" isTimeDimension="false">
      <displayName id="XXBI_CUST_REVENUE_BAND_DIMDisplayNameId">XXBI_CUST_REVENUE_BAND_DIM</displayName>
      <dimensionLevels>
         <dimensionLevel id="XXBI_CUST_REVENUE_BAND_DO" objectName="XXBI_CUST_REVENUE_BAND_DO" application="XXCRM" createdBy="996429" creationDate="2009-06-08T20:37:42" lastUpdatedBy="996429" lastUpdateDate="2009-06-08T20:37:42" lastUpdateLogin="5806792" enabled="true" obsolete="false" systemMaintained="false" graphSortType="VALUE_DESC" allValueLabel="All" compValueLabel="Comparison">
            <displayName id="XXBI_CUST_REVENUE_BAND_DODisplayNameId">XXBI_CUST_REVENUE_BAND_DO</displayName>
            <description id="XXBI_CUST_REVENUE_BAND_DODescriptionId">OD: Customer Revenue Band Dim</description>
            <valueSource>
               <dataSource>
                  <table>XXBI_CUST_REVENUE_BAND_DIM_V</table>
               </dataSource>
               <column columnName="ID"/>
               <prototypeData>
                  <character id="XXBI_CUST_REVENUE_BAND_DOPrototypeData" prefix="XXBI_CUS"/>
               </prototypeData>
            </valueSource>
            <idColumn columnName="ID"/>
            <nameColumn columnName="NAME"/>
            <sortColumn columnName="NAME"/>
            <dimensionLevelRelationships/>
         </dimensionLevel>
      </dimensionLevels>
   </dimension>
   <dimension id="XXBI_USER_ORGNO_DIM" objectName="XXBI_USER_ORGNO_DIM" application="XXCRM" createdBy="539150" creationDate="2010-04-30T15:24:43" lastUpdatedBy="539150" lastUpdateDate="2010-04-30T15:24:43" lastUpdateLogin="11182831" enabled="true" obsolete="false" systemMaintained="false" isTimeDimension="false">
      <displayName id="XXBI_USER_ORGNO_DIMDisplayNameId">XXBI_ORGNO_DIM</displayName>
      <description id="XXBI_USER_ORGNO_DIMDescriptionId">Organization Number Dimesion for Rep Dashboard (Customer and Prospect)</description>
      <dimensionLevels>
         <dimensionLevel id="XXBI_ORG_NUM_DO" objectName="XXBI_ORG_NUM_DO" application="XXCRM" createdBy="539150" creationDate="2010-04-30T15:24:43" lastUpdatedBy="539150" lastUpdateDate="2010-04-30T15:24:43" lastUpdateLogin="11182831" enabled="true" obsolete="false" systemMaintained="false" graphSortType="VALUE_ASC" allValueLabel="All" compValueLabel="Comparison">
            <displayName id="XXBI_ORG_NUM_DODisplayNameId">XXBI_ORG_NUM_DO</displayName>
            <description id="XXBI_ORG_NUM_DODescriptionId">Organization Name Dimension Object for  Customer and Prospect Dashboard</description>
            <valueSource>
               <dataSource>
                  <table>XXBI_USER_ORGNO_DIM_V</table>
               </dataSource>
               <column columnName="ID"/>
               <prototypeData>
                  <character id="XXBI_ORG_NUM_DOPrototypeData" prefix="XXBI_ORG"/>
               </prototypeData>
            </valueSource>
            <idColumn columnName="ID"/>
            <nameColumn columnName="NAME"/>
            <sortColumn columnName="NAME"/>
            <dimensionLevelRelationships/>
         </dimensionLevel>
      </dimensionLevels>
   </dimension>
   <dimension id="BSC_DIM_1688" objectName="BSC_DIM_1688" application="XXCRM" createdBy="539150" creationDate="2010-04-30T15:23:38" lastUpdatedBy="539150" lastUpdateDate="2010-04-30T15:23:38" lastUpdateLogin="11182831" enabled="true" obsolete="false" systemMaintained="false" isTimeDimension="false">
      <displayName id="BSC_DIM_1688DisplayNameId">XXBI_LOC_CITY_DIM</displayName>
      <description id="BSC_DIM_1688DescriptionId">Site Loc City Dimesion for Rep Dashboard (Customer and Prospect)</description>
      <dimensionLevels>
         <dimensionLevel id="BSC_DIM_OBJ_1997" objectName="BSC_DIM_OBJ_1997" application="XXCRM" createdBy="539150" creationDate="2010-04-30T15:23:38" lastUpdatedBy="539150" lastUpdateDate="2010-04-30T15:23:38" lastUpdateLogin="11182831" enabled="true" obsolete="false" systemMaintained="false" graphSortType="VALUE_ASC" allValueLabel="All" compValueLabel="Comparison">
            <displayName id="BSC_DIM_OBJ_1997DisplayNameId">XXBI_SITE_LOC_CITY_DO</displayName>
            <description id="BSC_DIM_OBJ_1997DescriptionId">City Dimesion Object for Rep Dashboard (Customer and Prospect)</description>
            <valueSource>
               <dataSource>
                  <table>XXBI_USER_CITY_DIM_V</table>
               </dataSource>
               <column columnName="ID"/>
               <prototypeData>
                  <character id="BSC_DIM_OBJ_1997PrototypeData" prefix="XXBI_CP"/>
               </prototypeData>
            </valueSource>
            <idColumn columnName="ID"/>
            <nameColumn columnName="NAME"/>
            <sortColumn columnName="NAME"/>
            <dimensionLevelRelationships/>
         </dimensionLevel>
      </dimensionLevels>
   </dimension>
   <dimension id="XXBI_PARTY_SITE_USES_DIM" objectName="XXBI_PARTY_SITE_USES_DIM" application="XXCRM" createdBy="539150" creationDate="2010-04-30T15:08:44" lastUpdatedBy="539150" lastUpdateDate="2010-04-30T15:08:44" lastUpdateLogin="11182831" enabled="true" obsolete="false" systemMaintained="false" isTimeDimension="false">
      <displayName id="XXBI_PARTY_SITE_USES_DIMDisplayNameId">XXBI_PARTY_SITE_USES_DIM</displayName>
      <description id="XXBI_PARTY_SITE_USES_DIMDescriptionId">Shipto/Billto</description>
      <dimensionLevels>
         <dimensionLevel id="XXBI_PARTY_SITE_USES_DO" objectName="XXBI_PARTY_SITE_USES_DO" application="XXCRM" createdBy="539150" creationDate="2010-04-30T15:08:44" lastUpdatedBy="539150" lastUpdateDate="2010-04-30T15:08:45" lastUpdateLogin="11182831" enabled="true" obsolete="false" systemMaintained="false" graphSortType="VALUE_DESC" allValueLabel="All" compValueLabel="Comparison">
            <displayName id="XXBI_PARTY_SITE_USES_DODisplayNameId">XXBI_PARTY_SITE_USES_DO</displayName>
            <description id="XXBI_PARTY_SITE_USES_DODescriptionId">Shipto/Billto</description>
            <valueSource>
               <dataSource>
                  <table>XXBI_PARTY_SITE_USES_DIM_V</table>
               </dataSource>
               <column columnName="ID"/>
               <prototypeData>
                  <character id="XXBI_PARTY_SITE_USES_DOPrototypeData" prefix="XXBI_PAR"/>
               </prototypeData>
            </valueSource>
            <idColumn columnName="ID"/>
            <nameColumn columnName="NAME"/>
            <sortColumn columnName="NAME"/>
            <dimensionLevelRelationships/>
         </dimensionLevel>
      </dimensionLevels>
   </dimension>
   <dimension id="XXBI_CUST_CLASSIFICATION_DIM" objectName="XXBI_CUST_CLASSIFICATION_DIM" application="XXCRM" createdBy="539150" creationDate="2010-04-30T14:38:07" lastUpdatedBy="539150" lastUpdateDate="2010-04-30T14:38:07" lastUpdateLogin="11182831" enabled="true" obsolete="false" systemMaintained="false" isTimeDimension="false">
      <displayName id="XXBI_CUST_CLASSIFICATION_DIMDisplayNameId">XXBI_CUST_CLASSIFICATION_DIM</displayName>
      <description id="XXBI_CUST_CLASSIFICATION_DIMDescriptionId">Customer or Prospect</description>
      <dimensionLevels>
         <dimensionLevel id="XXBI_CUST_CLASSIFICATION_DO" objectName="XXBI_CUST_CLASSIFICATION_DO" application="XXCRM" createdBy="539150" creationDate="2010-04-30T14:38:08" lastUpdatedBy="539150" lastUpdateDate="2010-04-30T14:46:30" lastUpdateLogin="11182831" enabled="true" obsolete="false" systemMaintained="false" graphSortType="VALUE_DESC" allValueLabel="All" compValueLabel="Comparison">
            <displayName id="XXBI_CUST_CLASSIFICATION_DODisplayNameId">Customer/Prospect</displayName>
            <description id="XXBI_CUST_CLASSIFICATION_DODescriptionId">Customer or Prospect</description>
            <valueSource>
               <dataSource>
                  <table>XXBI_CUST_CLASSIFICATION_DIM_V</table>
               </dataSource>
               <column columnName="ID"/>
               <prototypeData>
                  <character id="XXBI_CUST_CLASSIFICATION_DOPrototypeData" prefix="XXBI_CUS"/>
               </prototypeData>
            </valueSource>
            <idColumn columnName="ID"/>
            <nameColumn columnName="NAME"/>
            <sortColumn columnName="NAME"/>
            <dimensionLevelRelationships/>
         </dimensionLevel>
      </dimensionLevels>
   </dimension>
   <dimension id="BSC_DIM_1708" objectName="BSC_DIM_1708" application="XXCRM" createdBy="539150" creationDate="2010-04-30T15:23:36" lastUpdatedBy="539150" lastUpdateDate="2010-04-30T15:23:36" lastUpdateLogin="11182831" enabled="true" obsolete="false" systemMaintained="false" isTimeDimension="false">
      <displayName id="BSC_DIM_1708DisplayNameId">XXBI_LOC_STATE_DIM</displayName>
      <description id="BSC_DIM_1708DescriptionId">Site Loc State Dimesion for Rep Dashboard (Customer and Prospect)</description>
      <dimensionLevels>
         <dimensionLevel id="BSC_DIM_OBJ_2017" objectName="BSC_DIM_OBJ_2017" application="XXCRM" createdBy="539150" creationDate="2010-04-30T15:23:36" lastUpdatedBy="539150" lastUpdateDate="2010-04-30T15:23:36" lastUpdateLogin="11182831" enabled="true" obsolete="false" systemMaintained="false" graphSortType="VALUE_ASC" allValueLabel="All" compValueLabel="Comparison">
            <displayName id="BSC_DIM_OBJ_2017DisplayNameId">XXBI_SITE_LOC_STATE_DO</displayName>
            <description id="BSC_DIM_OBJ_2017DescriptionId">State Dimesion Object for Rep Dashboard (Customer and Prospect)
</description>
            <valueSource>
               <dataSource>
                  <table>XXBI_USER_STATE_DIM_V</table>
               </dataSource>
               <column columnName="ID"/>
               <prototypeData>
                  <character id="BSC_DIM_OBJ_2017PrototypeData" prefix="XXBI_CP"/>
               </prototypeData>
            </valueSource>
            <idColumn columnName="ID"/>
            <nameColumn columnName="NAME"/>
            <sortColumn columnName="NAME"/>
            <dimensionLevelRelationships/>
         </dimensionLevel>
      </dimensionLevels>
   </dimension>
   <dimension id="XXBI_SITE_NAME_DIM" objectName="XXBI_SITE_NAME_DIM" application="XXCRM" createdBy="539150" creationDate="2010-04-30T15:24:44" lastUpdatedBy="539150" lastUpdateDate="2010-04-30T15:24:44" lastUpdateLogin="11182831" enabled="true" obsolete="false" systemMaintained="false" isTimeDimension="false">
      <displayName id="XXBI_SITE_NAME_DIMDisplayNameId">XXBI_SITE_NAME_DIM</displayName>
      <description id="XXBI_SITE_NAME_DIMDescriptionId">Site Name Dimesion for Rep Dashboard (Customer and Prospect)</description>
      <dimensionLevels>
         <dimensionLevel id="BSC_DIM_OBJ_2057" objectName="BSC_DIM_OBJ_2057" application="XXCRM" createdBy="539150" creationDate="2010-04-30T15:24:44" lastUpdatedBy="539150" lastUpdateDate="2010-04-30T15:24:44" lastUpdateLogin="11182831" enabled="true" obsolete="false" systemMaintained="false" graphSortType="VALUE_ASC" allValueLabel="All" compValueLabel="Comparison">
            <displayName id="BSC_DIM_OBJ_2057DisplayNameId">XXBI_SITENAME_DO</displayName>
            <description id="BSC_DIM_OBJ_2057DescriptionId">Site Name DO for Rep/Management Dashboard</description>
            <valueSource>
               <dataSource>
                  <table>XXBI_USER_SITENAME_DIM_V</table>
               </dataSource>
               <column columnName="ID"/>
               <prototypeData>
                  <character id="BSC_DIM_OBJ_2057PrototypeData" prefix="XXBI_CP"/>
               </prototypeData>
            </valueSource>
            <idColumn columnName="ID"/>
            <nameColumn columnName="NAME"/>
            <sortColumn columnName="NAME"/>
            <dimensionLevelRelationships/>
         </dimensionLevel>
      </dimensionLevels>
   </dimension>
   <dimension id="XXBI_CS_POT_MODEL_DIM" objectName="XXBI_CS_POT_MODEL_DIM" application="XXCRM" createdBy="996429" creationDate="2009-06-09T12:18:37" lastUpdatedBy="996429" lastUpdateDate="2009-06-09T12:18:37" lastUpdateLogin="5807056" enabled="true" obsolete="false" systemMaintained="false" isTimeDimension="false">
      <displayName id="XXBI_CS_POT_MODEL_DIMDisplayNameId">XXBI_CS_POT_MODEL_DIM</displayName>
      <description id="XXBI_CS_POT_MODEL_DIMDescriptionId">ODCS: Potential Type Dim</description>
      <dimensionLevels>
         <dimensionLevel id="XXBI_CS_POT_MODEL_DO" objectName="XXBI_CS_POT_MODEL_DO" application="XXCRM" createdBy="996429" creationDate="2009-06-09T12:18:37" lastUpdatedBy="996429" lastUpdateDate="2009-06-09T12:18:37" lastUpdateLogin="5807056" enabled="true" obsolete="false" systemMaintained="false" graphSortType="VALUE_DESC" allValueLabel="All" compValueLabel="Comparison">
            <displayName id="XXBI_CS_POT_MODEL_DODisplayNameId">XXBI_CS_POT_MODEL_DO</displayName>
            <description id="XXBI_CS_POT_MODEL_DODescriptionId">ODCS: Model Dimension</description>
            <valueSource>
               <dataSource>
                  <table>XXBI_CS_POT_MODEL_DIM_V</table>
               </dataSource>
               <column columnName="ID"/>
               <prototypeData>
                  <character id="XXBI_CS_POT_MODEL_DOPrototypeData" prefix="XXBI_CS_"/>
               </prototypeData>
            </valueSource>
            <idColumn columnName="ID"/>
            <nameColumn columnName="NAME"/>
            <sortColumn columnName="NAME"/>
            <dimensionLevelRelationships/>
         </dimensionLevel>
      </dimensionLevels>
   </dimension>
   <dimension id="XXBI_LOC_PCODE_DIM" objectName="XXBI_LOC_PCODE_DIM" application="XXCRM" createdBy="539150" creationDate="2010-04-30T15:23:37" lastUpdatedBy="539150" lastUpdateDate="2010-04-30T15:23:37" lastUpdateLogin="11182831" enabled="true" obsolete="false" systemMaintained="false" isTimeDimension="false">
      <displayName id="XXBI_LOC_PCODE_DIMDisplayNameId">XXBI_LOC_PCODE_DIM</displayName>
      <description id="XXBI_LOC_PCODE_DIMDescriptionId">Site Loc Postal Code Dimesion for Rep Dashboard (Customer and Prospect)</description>
      <dimensionLevels>
         <dimensionLevel id="BSC_DIM_OBJ_2037" objectName="BSC_DIM_OBJ_2037" application="XXCRM" createdBy="539150" creationDate="2010-04-30T15:23:37" lastUpdatedBy="539150" lastUpdateDate="2010-04-30T15:23:37" lastUpdateLogin="11182831" enabled="true" obsolete="false" systemMaintained="false" graphSortType="VALUE_ASC" allValueLabel="All" compValueLabel="Comparison">
            <displayName id="BSC_DIM_OBJ_2037DisplayNameId">XXBI_LOC_POSTCODE_DO</displayName>
            <description id="BSC_DIM_OBJ_2037DescriptionId">Postal Code Dimesion for Rep Dashboard (Customer and Prospect)</description>
            <valueSource>
               <dataSource>
                  <table>XXBI_USER_POSTAL_CODE_DIM_V</table>
               </dataSource>
               <column columnName="ID"/>
               <prototypeData>
                  <character id="BSC_DIM_OBJ_2037PrototypeData" prefix="XXBI_CP"/>
               </prototypeData>
            </valueSource>
            <idColumn columnName="ID"/>
            <nameColumn columnName="NAME"/>
            <sortColumn columnName="NAME"/>
            <dimensionLevelRelationships/>
         </dimensionLevel>
      </dimensionLevels>
   </dimension>
   <dimension id="XXBI_SITE_NUM_DIM" objectName="XXBI_SITE_NUM_DIM" application="XXCRM" createdBy="539150" creationDate="2010-04-30T15:24:44" lastUpdatedBy="539150" lastUpdateDate="2010-04-30T15:24:44" lastUpdateLogin="11182831" enabled="true" obsolete="false" systemMaintained="false" isTimeDimension="false">
      <displayName id="XXBI_SITE_NUM_DIMDisplayNameId">XXBI_SITE_NUM_DIM</displayName>
      <description id="XXBI_SITE_NUM_DIMDescriptionId">Site Number Dimesion for Rep Dashboard (Customer and Prospect) </description>
      <dimensionLevels>
         <dimensionLevel id="BSC_DIM_OBJ_2077" objectName="BSC_DIM_OBJ_2077" application="XXCRM" createdBy="539150" creationDate="2010-04-30T15:24:44" lastUpdatedBy="539150" lastUpdateDate="2010-04-30T15:24:44" lastUpdateLogin="11182831" enabled="true" obsolete="false" systemMaintained="false" graphSortType="VALUE_ASC" allValueLabel="All" compValueLabel="Comparison">
            <displayName id="BSC_DIM_OBJ_2077DisplayNameId">XXBI_SITENUM_DO</displayName>
            <description id="BSC_DIM_OBJ_2077DescriptionId">Site Num DO for Rep/Management Dashboard</description>
            <valueSource>
               <dataSource>
                  <table>XXBI_USER_SITENO_DIM_V</table>
               </dataSource>
               <column columnName="ID"/>
               <prototypeData>
                  <character id="BSC_DIM_OBJ_2077PrototypeData" prefix="XXBI_CP"/>
               </prototypeData>
            </valueSource>
            <idColumn columnName="ID"/>
            <nameColumn columnName="NAME"/>
            <sortColumn columnName="NAME"/>
            <dimensionLevelRelationships/>
         </dimensionLevel>
      </dimensionLevels>
   </dimension>
   <dimension id="XXBI_OD_SIC_GROUP_TYPES_DIM" objectName="XXBI_OD_SIC_GROUP_TYPES_DIM" application="XXCRM" createdBy="539150" creationDate="2010-04-30T15:23:37" lastUpdatedBy="539150" lastUpdateDate="2010-04-30T15:23:37" lastUpdateLogin="11182831" enabled="true" obsolete="false" systemMaintained="false" isTimeDimension="false">
      <displayName id="XXBI_OD_SIC_GROUP_TYPES_DIMDisplayNameId">XXBI_OD_SIC_GROUP_TYPES_DIM</displayName>
      <description id="XXBI_OD_SIC_GROUP_TYPES_DIMDescriptionId">OD SIC Group Types</description>
      <dimensionLevels>
         <dimensionLevel id="XXBI_OD_SIC_GROUP_TYPES_DO" objectName="XXBI_OD_SIC_GROUP_TYPES_DO" application="XXCRM" createdBy="539150" creationDate="2010-04-30T15:23:37" lastUpdatedBy="539150" lastUpdateDate="2010-04-30T15:23:38" lastUpdateLogin="11182831" enabled="true" obsolete="false" systemMaintained="false" graphSortType="VALUE_DESC" allValueLabel="All" compValueLabel="Comparison">
            <displayName id="XXBI_OD_SIC_GROUP_TYPES_DODisplayNameId">XXBI_OD_SIC_GROUP_TYPES_DO</displayName>
            <description id="XXBI_OD_SIC_GROUP_TYPES_DODescriptionId">OD SIC Group Types</description>
            <valueSource>
               <dataSource>
                  <table>XXBI_OD_SIC_GROUP_TYPES_DIM_V</table>
               </dataSource>
               <column columnName="ID"/>
               <prototypeData>
                  <character id="XXBI_OD_SIC_GROUP_TYPES_DOPrototypeData" prefix="XXBI_OD_"/>
               </prototypeData>
            </valueSource>
            <idColumn columnName="ID"/>
            <nameColumn columnName="NAME"/>
            <sortColumn columnName="NAME"/>
            <dimensionLevelRelationships/>
         </dimensionLevel>
      </dimensionLevels>
   </dimension>
   <dimension id="XXBI_CUSTOMER_LOYALTY_DIM" objectName="XXBI_CUSTOMER_LOYALTY_DIM" application="XXCRM" createdBy="539150" creationDate="2010-04-30T15:23:37" lastUpdatedBy="539150" lastUpdateDate="2010-04-30T15:23:37" lastUpdateLogin="11182831" enabled="true" obsolete="false" systemMaintained="false" isTimeDimension="false">
      <displayName id="XXBI_CUSTOMER_LOYALTY_DIMDisplayNameId">XXBI_CUSTOMER_LOYALTY_DIM</displayName>
      <description id="XXBI_CUSTOMER_LOYALTY_DIMDescriptionId">Customer Loyalty Codes</description>
      <dimensionLevels>
         <dimensionLevel id="XXBI_CUSTOMER_LOYALTY_DO" objectName="XXBI_CUSTOMER_LOYALTY_DO" application="XXCRM" createdBy="539150" creationDate="2010-04-30T15:23:37" lastUpdatedBy="539150" lastUpdateDate="2010-04-30T15:23:37" lastUpdateLogin="11182831" enabled="true" obsolete="false" systemMaintained="false" graphSortType="VALUE_DESC" allValueLabel="All" compValueLabel="Comparison">
            <displayName id="XXBI_CUSTOMER_LOYALTY_DODisplayNameId">XXBI_CUSTOMER_LOYALTY_DO</displayName>
            <description id="XXBI_CUSTOMER_LOYALTY_DODescriptionId">Customer Loyalty</description>
            <valueSource>
               <dataSource>
                  <table>XXBI_CUSTOMER_LOYALTY_DIM_V</table>
               </dataSource>
               <column columnName="ID"/>
               <prototypeData>
                  <character id="XXBI_CUSTOMER_LOYALTY_DOPrototypeData" prefix="XXBI_CUS"/>
               </prototypeData>
            </valueSource>
            <idColumn columnName="ID"/>
            <nameColumn columnName="NAME"/>
            <sortColumn columnName="NAME"/>
            <dimensionLevelRelationships/>
         </dimensionLevel>
      </dimensionLevels>
   </dimension>
   <dimension id="XXBI_PARTY_STATUS_DIM" objectName="XXBI_PARTY_STATUS_DIM" application="XXCRM" createdBy="539150" creationDate="2010-04-30T15:23:36" lastUpdatedBy="539150" lastUpdateDate="2010-04-30T15:23:36" lastUpdateLogin="11182831" enabled="true" obsolete="false" systemMaintained="false" isTimeDimension="false">
      <displayName id="XXBI_PARTY_STATUS_DIMDisplayNameId">XXBI_PARTY_STATUS_DIM</displayName>
      <description id="XXBI_PARTY_STATUS_DIMDescriptionId">Active/Inactive</description>
      <dimensionLevels>
         <dimensionLevel id="XXBI_PARTY_STATUS_DO" objectName="XXBI_PARTY_STATUS_DO" application="XXCRM" createdBy="539150" creationDate="2010-04-30T15:23:36" lastUpdatedBy="539150" lastUpdateDate="2010-04-30T15:23:37" lastUpdateLogin="11182831" enabled="true" obsolete="false" systemMaintained="false" graphSortType="VALUE_DESC" allValueLabel="All" compValueLabel="Comparison">
            <displayName id="XXBI_PARTY_STATUS_DODisplayNameId">XXBI_PARTY_STATUS_DO</displayName>
            <description id="XXBI_PARTY_STATUS_DODescriptionId">Active or Inactive</description>
            <valueSource>
               <dataSource>
                  <table>XXBI_PARTY_STATUS_DIM_V</table>
               </dataSource>
               <column columnName="ID"/>
               <prototypeData>
                  <character id="XXBI_PARTY_STATUS_DOPrototypeData" prefix="XXBI_PAR"/>
               </prototypeData>
            </valueSource>
            <idColumn columnName="ID"/>
            <nameColumn columnName="NAME"/>
            <sortColumn columnName="NAME"/>
            <dimensionLevelRelationships/>
         </dimensionLevel>
      </dimensionLevels>
   </dimension>
   <parameterGroups>
      <parameterGroup id="XXBI_ORG_NAME_DIM" objectName="XXBI_ORG_NAME_DIM" enabled="true" obsolete="false">
         <displayName id="XXBI_ORG_NAME_DIMDisplayNameId">XXBI_ORG_NAME_DIM</displayName>
         <description id="XXBI_ORG_NAME_DIMDescriptionId">Organization Name Dimesion for Rep Dashboard (Customer and Prospect)</description>
         <parameters>
            <parameter dimensionName="XXBI_ORG_NAME_DIM" dimensionLevelName="XXBI_ORG_NAME_DO" allEnabled="true" viewByEnabled="true" displayTypeWhenAllValuesInParent="DISPLAY" displayTypeWhenNoValuesAvailable="DISPLAY" whereClause="">
               <defaultValue>
                  <literal>ALL</literal>
               </defaultValue>
            </parameter>
         </parameters>
      </parameterGroup>
      <parameterGroup id="XXBI_CUST_WCW_RANGE_DIM" objectName="XXBI_CUST_WCW_RANGE_DIM" enabled="true" obsolete="false">
         <displayName id="XXBI_CUST_WCW_RANGE_DIMDisplayNameId">XXBI_CUST_WCW_RANGE_DIM</displayName>
         <description id="XXBI_CUST_WCW_RANGE_DIMDescriptionId">Customer white collar worker ranges</description>
         <parameters>
            <parameter dimensionName="XXBI_CUST_WCW_RANGE_DIM" dimensionLevelName="XXBI_CUST_WCW_RANGE_DO" allEnabled="true" viewByEnabled="true" displayTypeWhenAllValuesInParent="DISPLAY" displayTypeWhenNoValuesAvailable="DISPLAY" whereClause="">
               <defaultValue>
                  <literal>ALL</literal>
               </defaultValue>
            </parameter>
         </parameters>
      </parameterGroup>
      <parameterGroup id="XXBI_CUST_REVENUE_BAND_DIM" objectName="XXBI_CUST_REVENUE_BAND_DIM" enabled="true" obsolete="false">
         <displayName id="XXBI_CUST_REVENUE_BAND_DIMDisplayNameId">XXBI_CUST_REVENUE_BAND_DIM</displayName>
         <description id="XXBI_CUST_REVENUE_BAND_DIMDescriptionId"/>
         <parameters>
            <parameter dimensionName="XXBI_CUST_REVENUE_BAND_DIM" dimensionLevelName="XXBI_CUST_REVENUE_BAND_DO" allEnabled="true" viewByEnabled="true" displayTypeWhenAllValuesInParent="DISPLAY" displayTypeWhenNoValuesAvailable="DISPLAY" whereClause="">
               <defaultValue>
                  <literal>ALL</literal>
               </defaultValue>
            </parameter>
         </parameters>
      </parameterGroup>
      <parameterGroup id="XXBI_USER_ORGNO_DIM" objectName="XXBI_USER_ORGNO_DIM" enabled="true" obsolete="false">
         <displayName id="XXBI_USER_ORGNO_DIMDisplayNameId">XXBI_ORGNO_DIM</displayName>
         <description id="XXBI_USER_ORGNO_DIMDescriptionId">Organization Number Dimesion for Rep Dashboard (Customer and Prospect)</description>
         <parameters>
            <parameter dimensionName="XXBI_USER_ORGNO_DIM" dimensionLevelName="XXBI_ORG_NUM_DO" allEnabled="true" viewByEnabled="true" displayTypeWhenAllValuesInParent="DISPLAY" displayTypeWhenNoValuesAvailable="DISPLAY" whereClause="">
               <defaultValue>
                  <literal>ALL</literal>
               </defaultValue>
            </parameter>
         </parameters>
      </parameterGroup>
      <parameterGroup id="BSC_DIM_1688" objectName="BSC_DIM_1688" enabled="true" obsolete="false">
         <displayName id="BSC_DIM_1688DisplayNameId">XXBI_LOC_CITY_DIM</displayName>
         <description id="BSC_DIM_1688DescriptionId">Site Loc City Dimesion for Rep Dashboard (Customer and Prospect)</description>
         <parameters>
            <parameter dimensionName="BSC_DIM_1688" dimensionLevelName="BSC_DIM_OBJ_1997" allEnabled="true" viewByEnabled="true" displayTypeWhenAllValuesInParent="DISPLAY" displayTypeWhenNoValuesAvailable="DISPLAY" whereClause="">
               <defaultValue>
                  <literal>ALL</literal>
               </defaultValue>
            </parameter>
         </parameters>
      </parameterGroup>
      <parameterGroup id="XXBI_PARTY_SITE_USES_DIM" objectName="XXBI_PARTY_SITE_USES_DIM" enabled="true" obsolete="false">
         <displayName id="XXBI_PARTY_SITE_USES_DIMDisplayNameId">XXBI_PARTY_SITE_USES_DIM</displayName>
         <description id="XXBI_PARTY_SITE_USES_DIMDescriptionId">Shipto/Billto</description>
         <parameters>
            <parameter dimensionName="XXBI_PARTY_SITE_USES_DIM" dimensionLevelName="XXBI_PARTY_SITE_USES_DO" allEnabled="true" viewByEnabled="true" displayTypeWhenAllValuesInParent="DISPLAY" displayTypeWhenNoValuesAvailable="DISPLAY" whereClause="">
               <defaultValue>
                  <literal>ALL</literal>
               </defaultValue>
            </parameter>
         </parameters>
      </parameterGroup>
      <parameterGroup id="XXBI_CUST_CLASSIFICATION_DIM" objectName="XXBI_CUST_CLASSIFICATION_DIM" enabled="true" obsolete="false">
         <displayName id="XXBI_CUST_CLASSIFICATION_DIMDisplayNameId">XXBI_CUST_CLASSIFICATION_DIM</displayName>
         <description id="XXBI_CUST_CLASSIFICATION_DIMDescriptionId">Customer or Prospect</description>
         <parameters>
            <parameter dimensionName="XXBI_CUST_CLASSIFICATION_DIM" dimensionLevelName="XXBI_CUST_CLASSIFICATION_DO" allEnabled="true" viewByEnabled="true" displayTypeWhenAllValuesInParent="DISPLAY" displayTypeWhenNoValuesAvailable="DISPLAY" whereClause="">
               <defaultValue>
                  <literal>ALL</literal>
               </defaultValue>
            </parameter>
         </parameters>
      </parameterGroup>
      <parameterGroup id="BSC_DIM_1708" objectName="BSC_DIM_1708" enabled="true" obsolete="false">
         <displayName id="BSC_DIM_1708DisplayNameId">XXBI_LOC_STATE_DIM</displayName>
         <description id="BSC_DIM_1708DescriptionId">Site Loc State Dimesion for Rep Dashboard (Customer and Prospect)</description>
         <parameters>
            <parameter dimensionName="BSC_DIM_1708" dimensionLevelName="BSC_DIM_OBJ_2017" allEnabled="true" viewByEnabled="true" displayTypeWhenAllValuesInParent="DISPLAY" displayTypeWhenNoValuesAvailable="DISPLAY" whereClause="">
               <defaultValue>
                  <literal>ALL</literal>
               </defaultValue>
            </parameter>
         </parameters>
      </parameterGroup>
      <parameterGroup id="XXBI_SITE_NAME_DIM" objectName="XXBI_SITE_NAME_DIM" enabled="true" obsolete="false">
         <displayName id="XXBI_SITE_NAME_DIMDisplayNameId">XXBI_SITE_NAME_DIM</displayName>
         <description id="XXBI_SITE_NAME_DIMDescriptionId">Site Name Dimesion for Rep Dashboard (Customer and Prospect)</description>
         <parameters>
            <parameter dimensionName="XXBI_SITE_NAME_DIM" dimensionLevelName="BSC_DIM_OBJ_2057" allEnabled="true" viewByEnabled="true" displayTypeWhenAllValuesInParent="DISPLAY" displayTypeWhenNoValuesAvailable="DISPLAY" whereClause="">
               <defaultValue>
                  <literal>ALL</literal>
               </defaultValue>
            </parameter>
         </parameters>
      </parameterGroup>
      <parameterGroup id="XXBI_CS_POT_MODEL_DIM" objectName="XXBI_CS_POT_MODEL_DIM" enabled="true" obsolete="false">
         <displayName id="XXBI_CS_POT_MODEL_DIMDisplayNameId">XXBI_CS_POT_MODEL_DIM</displayName>
         <description id="XXBI_CS_POT_MODEL_DIMDescriptionId">ODCS: Potential Type Dim</description>
         <parameters>
            <parameter dimensionName="XXBI_CS_POT_MODEL_DIM" dimensionLevelName="XXBI_CS_POT_MODEL_DO" allEnabled="true" viewByEnabled="true" displayTypeWhenAllValuesInParent="DISPLAY" displayTypeWhenNoValuesAvailable="DISPLAY" whereClause="">
               <defaultValue>
                  <literal>ALL</literal>
               </defaultValue>
            </parameter>
         </parameters>
      </parameterGroup>
      <parameterGroup id="XXBI_LOC_PCODE_DIM" objectName="XXBI_LOC_PCODE_DIM" enabled="true" obsolete="false">
         <displayName id="XXBI_LOC_PCODE_DIMDisplayNameId">XXBI_LOC_PCODE_DIM</displayName>
         <description id="XXBI_LOC_PCODE_DIMDescriptionId">Site Loc Postal Code Dimesion for Rep Dashboard (Customer and Prospect)</description>
         <parameters>
            <parameter dimensionName="XXBI_LOC_PCODE_DIM" dimensionLevelName="BSC_DIM_OBJ_2037" allEnabled="true" viewByEnabled="true" displayTypeWhenAllValuesInParent="DISPLAY" displayTypeWhenNoValuesAvailable="DISPLAY" whereClause="">
               <defaultValue>
                  <literal>ALL</literal>
               </defaultValue>
            </parameter>
         </parameters>
      </parameterGroup>
      <parameterGroup id="XXBI_SITE_NUM_DIM" objectName="XXBI_SITE_NUM_DIM" enabled="true" obsolete="false">
         <displayName id="XXBI_SITE_NUM_DIMDisplayNameId">XXBI_SITE_NUM_DIM</displayName>
         <description id="XXBI_SITE_NUM_DIMDescriptionId">Site Number Dimesion for Rep Dashboard (Customer and Prospect) </description>
         <parameters>
            <parameter dimensionName="XXBI_SITE_NUM_DIM" dimensionLevelName="BSC_DIM_OBJ_2077" allEnabled="true" viewByEnabled="true" displayTypeWhenAllValuesInParent="DISPLAY" displayTypeWhenNoValuesAvailable="DISPLAY" whereClause="">
               <defaultValue>
                  <literal>ALL</literal>
               </defaultValue>
            </parameter>
         </parameters>
      </parameterGroup>
      <parameterGroup id="XXBI_OD_SIC_GROUP_TYPES_DIM" objectName="XXBI_OD_SIC_GROUP_TYPES_DIM" enabled="true" obsolete="false">
         <displayName id="XXBI_OD_SIC_GROUP_TYPES_DIMDisplayNameId">XXBI_OD_SIC_GROUP_TYPES_DIM</displayName>
         <description id="XXBI_OD_SIC_GROUP_TYPES_DIMDescriptionId">OD SIC Group Types</description>
         <parameters>
            <parameter dimensionName="XXBI_OD_SIC_GROUP_TYPES_DIM" dimensionLevelName="XXBI_OD_SIC_GROUP_TYPES_DO" allEnabled="true" viewByEnabled="true" displayTypeWhenAllValuesInParent="DISPLAY" displayTypeWhenNoValuesAvailable="DISPLAY" whereClause="">
               <defaultValue>
                  <literal>ALL</literal>
               </defaultValue>
            </parameter>
         </parameters>
      </parameterGroup>
      <parameterGroup id="XXBI_CUSTOMER_LOYALTY_DIM" objectName="XXBI_CUSTOMER_LOYALTY_DIM" enabled="true" obsolete="false">
         <displayName id="XXBI_CUSTOMER_LOYALTY_DIMDisplayNameId">XXBI_CUSTOMER_LOYALTY_DIM</displayName>
         <description id="XXBI_CUSTOMER_LOYALTY_DIMDescriptionId">Customer Loyalty Codes</description>
         <parameters>
            <parameter dimensionName="XXBI_CUSTOMER_LOYALTY_DIM" dimensionLevelName="XXBI_CUSTOMER_LOYALTY_DO" allEnabled="true" viewByEnabled="true" displayTypeWhenAllValuesInParent="DISPLAY" displayTypeWhenNoValuesAvailable="DISPLAY" whereClause="">
               <defaultValue>
                  <literal>ALL</literal>
               </defaultValue>
            </parameter>
         </parameters>
      </parameterGroup>
      <parameterGroup id="XXBI_PARTY_STATUS_DIM" objectName="XXBI_PARTY_STATUS_DIM" enabled="true" obsolete="false">
         <displayName id="XXBI_PARTY_STATUS_DIMDisplayNameId">XXBI_PARTY_STATUS_DIM</displayName>
         <description id="XXBI_PARTY_STATUS_DIMDescriptionId">Active/Inactive</description>
         <parameters>
            <parameter dimensionName="XXBI_PARTY_STATUS_DIM" dimensionLevelName="XXBI_PARTY_STATUS_DO" allEnabled="true" viewByEnabled="true" displayTypeWhenAllValuesInParent="DISPLAY" displayTypeWhenNoValuesAvailable="DISPLAY" whereClause="">
               <defaultValue>
                  <literal>ALL</literal>
               </defaultValue>
            </parameter>
         </parameters>
      </parameterGroup>
      <parameterGroup id="XXBI_REP_PS_DTL_RPT" objectName="XXBI_REP_PS_DTL_RPT" enabled="true" obsolete="false">
         <displayName id="XXBI_REP_PS_DTL_RPTDisplayNameId">Customers &amp; Prospects Detail 1272655490634</displayName>
         <description id="XXBI_REP_PS_DTL_RPTDescriptionId"/>
         <parameters>
            <parameter dimensionName="XXBI_ORG_NAME_DIM" dimensionLevelName="XXBI_ORG_NAME_DO" allEnabled="true" viewByEnabled="true" displayTypeWhenAllValuesInParent="DISPLAY" displayTypeWhenNoValuesAvailable="DISPLAY" whereClause="">
               <defaultValue>
                  <literal>ALL</literal>
               </defaultValue>
            </parameter>
            <parameter dimensionName="XXBI_CUST_WCW_RANGE_DIM" dimensionLevelName="XXBI_CUST_WCW_RANGE_DO" allEnabled="true" viewByEnabled="true" displayTypeWhenAllValuesInParent="DISPLAY" displayTypeWhenNoValuesAvailable="DISPLAY" whereClause="">
               <defaultValue>
                  <literal>ALL</literal>
               </defaultValue>
            </parameter>
            <parameter dimensionName="XXBI_CUST_REVENUE_BAND_DIM" dimensionLevelName="XXBI_CUST_REVENUE_BAND_DO" allEnabled="true" viewByEnabled="true" displayTypeWhenAllValuesInParent="DISPLAY" displayTypeWhenNoValuesAvailable="DISPLAY" whereClause="">
               <defaultValue>
                  <literal>ALL</literal>
               </defaultValue>
            </parameter>
            <parameter dimensionName="XXBI_USER_ORGNO_DIM" dimensionLevelName="XXBI_ORG_NUM_DO" allEnabled="true" viewByEnabled="true" displayTypeWhenAllValuesInParent="DISPLAY" displayTypeWhenNoValuesAvailable="DISPLAY" whereClause="">
               <defaultValue>
                  <literal>ALL</literal>
               </defaultValue>
            </parameter>
            <parameter dimensionName="BSC_DIM_1688" dimensionLevelName="BSC_DIM_OBJ_1997" allEnabled="true" viewByEnabled="true" displayTypeWhenAllValuesInParent="DISPLAY" displayTypeWhenNoValuesAvailable="DISPLAY" whereClause="">
               <defaultValue>
                  <literal>ALL</literal>
               </defaultValue>
            </parameter>
            <parameter dimensionName="XXBI_PARTY_SITE_USES_DIM" dimensionLevelName="XXBI_PARTY_SITE_USES_DO" allEnabled="true" viewByEnabled="true" displayTypeWhenAllValuesInParent="DISPLAY" displayTypeWhenNoValuesAvailable="DISPLAY" whereClause="">
               <defaultValue>
                  <literal>ALL</literal>
               </defaultValue>
            </parameter>
            <parameter dimensionName="XXBI_CUST_CLASSIFICATION_DIM" dimensionLevelName="XXBI_CUST_CLASSIFICATION_DO" allEnabled="true" viewByEnabled="true" displayTypeWhenAllValuesInParent="DISPLAY" displayTypeWhenNoValuesAvailable="DISPLAY" whereClause="">
               <defaultValue>
                  <literal>ALL</literal>
               </defaultValue>
            </parameter>
            <parameter dimensionName="BSC_DIM_1708" dimensionLevelName="BSC_DIM_OBJ_2017" allEnabled="true" viewByEnabled="true" displayTypeWhenAllValuesInParent="DISPLAY" displayTypeWhenNoValuesAvailable="DISPLAY" whereClause="">
               <defaultValue>
                  <literal>ALL</literal>
               </defaultValue>
            </parameter>
            <parameter dimensionName="XXBI_SITE_NAME_DIM" dimensionLevelName="BSC_DIM_OBJ_2057" allEnabled="true" viewByEnabled="true" displayTypeWhenAllValuesInParent="DISPLAY" displayTypeWhenNoValuesAvailable="DISPLAY" whereClause="">
               <defaultValue>
                  <literal>ALL</literal>
               </defaultValue>
            </parameter>
            <parameter dimensionName="XXBI_CS_POT_MODEL_DIM" dimensionLevelName="XXBI_CS_POT_MODEL_DO" allEnabled="true" viewByEnabled="true" displayTypeWhenAllValuesInParent="DISPLAY" displayTypeWhenNoValuesAvailable="DISPLAY" whereClause="">
               <defaultValue>
                  <literal>ALL</literal>
               </defaultValue>
            </parameter>
            <parameter dimensionName="XXBI_LOC_PCODE_DIM" dimensionLevelName="BSC_DIM_OBJ_2037" allEnabled="true" viewByEnabled="true" displayTypeWhenAllValuesInParent="DISPLAY" displayTypeWhenNoValuesAvailable="DISPLAY" whereClause="">
               <defaultValue>
                  <literal>ALL</literal>
               </defaultValue>
            </parameter>
            <parameter dimensionName="XXBI_SITE_NUM_DIM" dimensionLevelName="BSC_DIM_OBJ_2077" allEnabled="true" viewByEnabled="true" displayTypeWhenAllValuesInParent="DISPLAY" displayTypeWhenNoValuesAvailable="DISPLAY" whereClause="">
               <defaultValue>
                  <literal>ALL</literal>
               </defaultValue>
            </parameter>
            <parameter dimensionName="XXBI_OD_SIC_GROUP_TYPES_DIM" dimensionLevelName="XXBI_OD_SIC_GROUP_TYPES_DO" allEnabled="true" viewByEnabled="true" displayTypeWhenAllValuesInParent="DISPLAY" displayTypeWhenNoValuesAvailable="DISPLAY" whereClause="">
               <defaultValue>
                  <literal>ALL</literal>
               </defaultValue>
            </parameter>
            <parameter dimensionName="XXBI_CUSTOMER_LOYALTY_DIM" dimensionLevelName="XXBI_CUSTOMER_LOYALTY_DO" allEnabled="true" viewByEnabled="true" displayTypeWhenAllValuesInParent="DISPLAY" displayTypeWhenNoValuesAvailable="DISPLAY" whereClause="">
               <defaultValue>
                  <literal>ALL</literal>
               </defaultValue>
            </parameter>
            <parameter dimensionName="XXBI_PARTY_STATUS_DIM" dimensionLevelName="XXBI_PARTY_STATUS_DO" allEnabled="true" viewByEnabled="true" displayTypeWhenAllValuesInParent="DISPLAY" displayTypeWhenNoValuesAvailable="DISPLAY" whereClause="">
               <defaultValue>
                  <literal>ALL</literal>
               </defaultValue>
            </parameter>
         </parameters>
      </parameterGroup>
   </parameterGroups>
</dimensions>
