<?xml version = '1.0' encoding = 'UTF-8'?>
<BPELSuitcase>
   <BPELProcess id="I0030_CARTONIZATION_EBS_IN" src="I0030_CARTONIZATION_EBS_IN.bpel">
      <partnerLinkBindings>
         <partnerLinkBinding name="client">
            <property name="wsdlLocation">I0030_CARTONIZATION_EBS_IN.wsdl</property>
         </partnerLinkBinding>
         <partnerLinkBinding name="Cartonization">
            <property name="wsdlLocation">Cartonization.wsdl</property>
            <property name="retryInterval">60</property>
         </partnerLinkBinding>
         <partnerLinkBinding name="ShipmentUnitDetails">
            <property name="wsdlLocation">ShipmentUnitDetails.wsdl</property>
            <property name="retryInterval">60</property>
         </partnerLinkBinding>
         <partnerLinkBinding name="WMOS_DUMMY">
            <property name="wsdlLocation">http://chilsoa02d.na.odcorp.net:7777/orabpel/otm/WMOS_DUMMY/WMOS_DUMMY?wsdl</property>
         </partnerLinkBinding>
         <partnerLinkBinding name="ShipmentUnitDetails4WMS">
            <property name="wsdlLocation">ShipmentUnitDetails4WMS.wsdl</property>
            <property name="retryInterval">60</property>
         </partnerLinkBinding>
         <partnerLinkBinding name="Cartonization4WMS">
            <property name="wsdlLocation">Cartonization4WMS.wsdl</property>
            <property name="retryInterval">60</property>
         </partnerLinkBinding>
         <partnerLinkBinding name="WMS">
            <property name="wsdlLocation">WMS.wsdl</property>
            <property name="retryInterval">60</property>
         </partnerLinkBinding>
      </partnerLinkBindings>
      <activationAgents>
         <activationAgent className="oracle.tip.adapter.fw.agent.jca.JCAActivationAgent" partnerLink="WMS">
            <property name="portType">Dequeue_ptt</property>
         </activationAgent>
      </activationAgents>
   </BPELProcess>
</BPELSuitcase>
