<?xml version = '1.0' encoding = 'UTF-8'?>
<graphics>
   <partnerlink_locations>
      <partnerlink name="client" x="15" y="483" side="left"/>
      <partnerlink name="Cartonization" x="1318" y="762" side="right" image="db_adapter_palette.png"/>
      <partnerlink name="WMOS_DUMMY" x="1318" y="549" side="right"/>
      <partnerlink name="Cartonization4WMS" x="1318" y="980" side="right" image="db_adapter_palette.png"/>
      <partnerlink name="ShipmentUnitDetails" x="1318" y="377" side="right" image="db_adapter_palette.png"/>
      <partnerlink name="ShipmentUnitDetails4WMS" x="1318" y="440" side="right" image="db_adapter_palette.png"/>
      <partnerlink name="WMS" x="1318" y="699" side="right" image="mq_adapter_palette.png"/>
   </partnerlink_locations>
   <diagram popupeditor="false" fixed_width_swimlanes="true" rounded_partnerlinks="true" centerzoom="true" validateonload="true" confirmbeforedelete="true" SELECTED_PARTNERLINK_COLOR="0,0,153" SWIMLANE_BACKGROUND="240,240,240" SWIMLANE_DIVIDER_BACKGROUND="218,218,218" GRAPH_BACKGROUND="255,255,255" SELECTED_BORDER_BACKGROUND="0,153,153" CONNECTED_PARTNERLINK_COLOR="204,204,255" CONNECTABLE_PARTNERLINK_COLOR="0,0,255" UNCONNECTED_PARTNERLINK_COLOR="192,192,192"/>
   <graph_layout viewport="0,250,623,419" show_swimlanes="true">
      <layout_item collapsed="false" xpath="/process/process" type="Process" showhandlers="true"/>
      <layout_item collapsed="false" xpath="/process/faultHandlers/catch[1]" type="Catch"/>
      <layout_item collapsed="false" xpath="/process/faultHandlers/catch[1]/sequence" type="Sequence"/>
      <layout_item collapsed="false" xpath="/process/faultHandlers/catch[2]" type="Catch"/>
      <layout_item collapsed="false" xpath="/process/faultHandlers/catch[2]/sequence" type="Sequence"/>
      <layout_item collapsed="false" xpath="/process/sequence" type="Sequence"/>
      <layout_item collapsed="false" xpath="/process/sequence/switch" type="Switch"/>
      <layout_item collapsed="false" xpath="/process/sequence/switch/case" type="Case"/>
      <layout_item collapsed="false" xpath="/process/sequence/switch/case/sequence" type="Sequence"/>
      <layout_item collapsed="false" xpath="/process/sequence/switch/otherwise" type="Default"/>
      <layout_item collapsed="false" xpath="/process/sequence/switch/otherwise/sequence" type="Sequence"/>
   </graph_layout>
   <iconize assign="no" invoke="no" receive="no" reply="no" transform="no" terminate="no" wait="no" compensate="no" empty="no" java_embed="no" throw="no" validate="no" dropzones="no" sequences="no" scopes="no" picks="no" whiles="no" flows="no" optimize="no"/>
   <bookmarks>
      <bookmark name="Initiate Activity" xpath="/process/sequence/receive" type="1"/>
   </bookmarks>
</graphics>
