<?xml version = '1.0' encoding = 'UTF-8'?>
<dimensions xmlns="http://xmlns.oracle.com/metadata" xml:lang="en-US">
   <dimension id="XXBI_CUST_REVENUE_BAND_DIM" objectName="XXBI_CUST_REVENUE_BAND_DIM" application="XXCRM" createdBy="537503" creationDate="2009-03-27T12:51:42" lastUpdatedBy="537503" lastUpdateDate="2009-03-27T12:51:42" lastUpdateLogin="4876097" enabled="true" obsolete="false" systemMaintained="false" isTimeDimension="false">
      <displayName id="XXBI_CUST_REVENUE_BAND_DIMDisplayNameId">XXBI_CUST_REVENUE_BAND_DIM</displayName>
      <dimensionLevels>
         <dimensionLevel id="XXBI_CUST_REVENUE_BAND_DO" objectName="XXBI_CUST_REVENUE_BAND_DO" application="XXCRM" createdBy="537503" creationDate="2009-03-27T12:51:44" lastUpdatedBy="537503" lastUpdateDate="2009-03-27T12:51:45" lastUpdateLogin="4876097" enabled="true" obsolete="false" systemMaintained="false" graphSortType="VALUE_DESC" allValueLabel="All" compValueLabel="Comparison">
            <displayName id="XXBI_CUST_REVENUE_BAND_DODisplayNameId">XXBI_CUST_REVENUE_BAND_DO</displayName>
            <description id="XXBI_CUST_REVENUE_BAND_DODescriptionId">OD: Customer Revenue Band Dim</description>
            <valueSource>
               <dataSource>
                  <table>XXBI_CUST_REVENUE_BAND_DIM_V</table>
               </dataSource>
               <column columnName="ID"/>
               <prototypeData>
                  <character id="XXBI_CUST_REVENUE_BAND_DOPrototypeData" prefix="XXBI_CUS"/>
               </prototypeData>
            </valueSource>
            <idColumn columnName="ID"/>
            <nameColumn columnName="NAME"/>
            <sortColumn columnName="NAME"/>
            <dimensionLevelRelationships/>
         </dimensionLevel>
      </dimensionLevels>
   </dimension>
   <dimension id="XXBI_CS_POT_CITY_DIM" objectName="XXBI_CS_POT_CITY_DIM" application="XXCRM" createdBy="537503" creationDate="2009-03-27T12:51:47" lastUpdatedBy="537503" lastUpdateDate="2009-03-27T12:51:47" lastUpdateLogin="4876097" enabled="true" obsolete="false" systemMaintained="false" isTimeDimension="false">
      <displayName id="XXBI_CS_POT_CITY_DIMDisplayNameId">XXBI_CS_POT_CITY_DIM</displayName>
      <description id="XXBI_CS_POT_CITY_DIMDescriptionId">ODCS: City Dimension</description>
      <dimensionLevels>
         <dimensionLevel id="XXBI_CS_POT_CITY_DO" objectName="XXBI_CS_POT_CITY_DO" application="XXCRM" createdBy="537503" creationDate="2009-03-27T12:51:47" lastUpdatedBy="537503" lastUpdateDate="2009-03-27T12:51:47" lastUpdateLogin="4876097" enabled="true" obsolete="false" systemMaintained="false" graphSortType="VALUE_DESC" allValueLabel="All" compValueLabel="Comparison">
            <displayName id="XXBI_CS_POT_CITY_DODisplayNameId">XXBI_CS_POT_CITY_DO</displayName>
            <description id="XXBI_CS_POT_CITY_DODescriptionId">ODCS: City</description>
            <valueSource>
               <dataSource>
                  <table>XXBI_CS_POT_CITY_DIM_V</table>
               </dataSource>
               <column columnName="ID"/>
               <prototypeData>
                  <character id="XXBI_CS_POT_CITY_DOPrototypeData" prefix="XXBI_CS_"/>
               </prototypeData>
            </valueSource>
            <idColumn columnName="ID"/>
            <nameColumn columnName="NAME"/>
            <sortColumn columnName="NAME"/>
            <dimensionLevelRelationships/>
         </dimensionLevel>
      </dimensionLevels>
   </dimension>
   <dimension id="XXBI_CS_POT_STATE_PROV_DIM" objectName="XXBI_CS_POT_STATE_PROV_DIM" application="XXCRM" createdBy="537503" creationDate="2009-03-27T12:51:47" lastUpdatedBy="537503" lastUpdateDate="2009-03-27T12:51:47" lastUpdateLogin="4876097" enabled="true" obsolete="false" systemMaintained="false" isTimeDimension="false">
      <displayName id="XXBI_CS_POT_STATE_PROV_DIMDisplayNameId">XXBI_CS_POT_STATE_PROV_DIM</displayName>
      <description id="XXBI_CS_POT_STATE_PROV_DIMDescriptionId">ODCS: State Province Dimension</description>
      <dimensionLevels>
         <dimensionLevel id="XXBI_CS_POT_STATE_PROV_DO" objectName="XXBI_CS_POT_STATE_PROV_DO" application="XXCRM" createdBy="537503" creationDate="2009-03-27T12:51:47" lastUpdatedBy="537503" lastUpdateDate="2009-03-27T12:51:47" lastUpdateLogin="4876097" enabled="true" obsolete="false" systemMaintained="false" graphSortType="VALUE_DESC" allValueLabel="All" compValueLabel="Comparison">
            <displayName id="XXBI_CS_POT_STATE_PROV_DODisplayNameId">XXBI_CS_POT_STATE_PROV_DO</displayName>
            <description id="XXBI_CS_POT_STATE_PROV_DODescriptionId">ODCS: State Province Dimension</description>
            <valueSource>
               <dataSource>
                  <table>XXBI_CS_POT_STATE_PROV_DIM_V</table>
               </dataSource>
               <column columnName="ID"/>
               <prototypeData>
                  <character id="XXBI_CS_POT_STATE_PROV_DOPrototypeData" prefix="XXBI_CS_"/>
               </prototypeData>
            </valueSource>
            <idColumn columnName="ID"/>
            <nameColumn columnName="NAME"/>
            <sortColumn columnName="NAME"/>
            <dimensionLevelRelationships/>
         </dimensionLevel>
      </dimensionLevels>
   </dimension>
   <dimension id="XXBI_CS_POT_PCODE_DIM" objectName="XXBI_CS_POT_PCODE_DIM" application="XXCRM" createdBy="537503" creationDate="2009-03-27T12:51:48" lastUpdatedBy="537503" lastUpdateDate="2009-03-27T12:51:48" lastUpdateLogin="4876097" enabled="true" obsolete="false" systemMaintained="false" isTimeDimension="false">
      <displayName id="XXBI_CS_POT_PCODE_DIMDisplayNameId">XXBI_CS_POT_PCODE_DIM</displayName>
      <description id="XXBI_CS_POT_PCODE_DIMDescriptionId">ODCS: Postal Code Dimension</description>
      <dimensionLevels>
         <dimensionLevel id="XXBI_CS_POT_PCODE_DO" objectName="XXBI_CS_POT_PCODE_DO" application="XXCRM" createdBy="537503" creationDate="2009-03-27T12:51:48" lastUpdatedBy="537503" lastUpdateDate="2009-03-27T12:51:48" lastUpdateLogin="4876097" enabled="true" obsolete="false" systemMaintained="false" graphSortType="VALUE_DESC" allValueLabel="All" compValueLabel="Comparison">
            <displayName id="XXBI_CS_POT_PCODE_DODisplayNameId">XXBI_CS_POT_PCODE_DO</displayName>
            <description id="XXBI_CS_POT_PCODE_DODescriptionId">ODCS: Postal Code Dimension</description>
            <valueSource>
               <dataSource>
                  <table>XXBI_CS_POT_PCODE_DIM_V</table>
               </dataSource>
               <column columnName="ID"/>
               <prototypeData>
                  <character id="XXBI_CS_POT_PCODE_DOPrototypeData" prefix="XXBI_CS_"/>
               </prototypeData>
            </valueSource>
            <idColumn columnName="ID"/>
            <nameColumn columnName="NAME"/>
            <sortColumn columnName="NAME"/>
            <dimensionLevelRelationships/>
         </dimensionLevel>
      </dimensionLevels>
   </dimension>
   <dimension id="XXBI_CS_POT_MODEL_DIM" objectName="XXBI_CS_POT_MODEL_DIM" application="XXCRM" createdBy="537503" creationDate="2009-03-27T12:51:48" lastUpdatedBy="537503" lastUpdateDate="2009-03-27T12:51:48" lastUpdateLogin="4876097" enabled="true" obsolete="false" systemMaintained="false" isTimeDimension="false">
      <displayName id="XXBI_CS_POT_MODEL_DIMDisplayNameId">XXBI_CS_POT_MODEL_DIM</displayName>
      <description id="XXBI_CS_POT_MODEL_DIMDescriptionId">ODCS: Potential Type Dim</description>
      <dimensionLevels>
         <dimensionLevel id="XXBI_CS_POT_MODEL_DO" objectName="XXBI_CS_POT_MODEL_DO" application="XXCRM" createdBy="537503" creationDate="2009-03-27T12:51:48" lastUpdatedBy="537503" lastUpdateDate="2009-03-27T12:51:48" lastUpdateLogin="4876097" enabled="true" obsolete="false" systemMaintained="false" graphSortType="VALUE_DESC" allValueLabel="All" compValueLabel="Comparison">
            <displayName id="XXBI_CS_POT_MODEL_DODisplayNameId">XXBI_CS_POT_MODEL_DO</displayName>
            <description id="XXBI_CS_POT_MODEL_DODescriptionId">ODCS: Model Dimension</description>
            <valueSource>
               <dataSource>
                  <table>XXBI_CS_POT_MODEL_DIM_V</table>
               </dataSource>
               <column columnName="ID"/>
               <prototypeData>
                  <character id="XXBI_CS_POT_MODEL_DOPrototypeData" prefix="XXBI_CS_"/>
               </prototypeData>
            </valueSource>
            <idColumn columnName="ID"/>
            <nameColumn columnName="NAME"/>
            <sortColumn columnName="NAME"/>
            <dimensionLevelRelationships/>
         </dimensionLevel>
      </dimensionLevels>
   </dimension>
   <dimension id="XXBI_CS_POT_CUST_DIM" objectName="XXBI_CS_POT_CUST_DIM" application="XXCRM" createdBy="537503" creationDate="2009-03-27T12:51:48" lastUpdatedBy="537503" lastUpdateDate="2009-03-27T12:51:48" lastUpdateLogin="4876097" enabled="true" obsolete="false" systemMaintained="false" isTimeDimension="false">
      <displayName id="XXBI_CS_POT_CUST_DIMDisplayNameId">XXBI_CS_POT_CUST_DIM</displayName>
      <description id="XXBI_CS_POT_CUST_DIMDescriptionId">ODCS: Customer Dimension</description>
      <dimensionLevels>
         <dimensionLevel id="XXBI_CS_POT_CUST_DO" objectName="XXBI_CS_POT_CUST_DO" application="XXCRM" createdBy="537503" creationDate="2009-03-27T12:51:48" lastUpdatedBy="537503" lastUpdateDate="2009-03-27T12:51:48" lastUpdateLogin="4876097" enabled="true" obsolete="false" systemMaintained="false" graphSortType="VALUE_DESC" allValueLabel="All" compValueLabel="Comparison">
            <displayName id="XXBI_CS_POT_CUST_DODisplayNameId">XXBI_CS_POT_CUST_DO</displayName>
            <description id="XXBI_CS_POT_CUST_DODescriptionId">ODCS: Customer Dimension</description>
            <valueSource>
               <dataSource>
                  <table>XXBI_CS_POT_CUST_DIM_V</table>
               </dataSource>
               <column columnName="ID"/>
               <prototypeData>
                  <character id="XXBI_CS_POT_CUST_DOPrototypeData" prefix="XXBI_CS_"/>
               </prototypeData>
            </valueSource>
            <idColumn columnName="ID"/>
            <nameColumn columnName="NAME"/>
            <sortColumn columnName="NAME"/>
            <dimensionLevelRelationships/>
         </dimensionLevel>
      </dimensionLevels>
   </dimension>
   <dimension id="XXBI_CS_POT_CUST_SITE_DIM" objectName="XXBI_CS_POT_CUST_SITE_DIM" application="XXCRM" createdBy="537503" creationDate="2009-03-27T12:51:48" lastUpdatedBy="537503" lastUpdateDate="2009-03-27T12:51:48" lastUpdateLogin="4876097" enabled="true" obsolete="false" systemMaintained="false" isTimeDimension="false">
      <displayName id="XXBI_CS_POT_CUST_SITE_DIMDisplayNameId">XXBI_CS_POT_CUST_SITE_DIM</displayName>
      <description id="XXBI_CS_POT_CUST_SITE_DIMDescriptionId">ODCS: Site Dimension</description>
      <dimensionLevels>
         <dimensionLevel id="XXBI_CS_POT_CUST_SITE_DO" objectName="XXBI_CS_POT_CUST_SITE_DO" application="XXCRM" createdBy="537503" creationDate="2009-03-27T12:51:48" lastUpdatedBy="537503" lastUpdateDate="2009-03-27T12:51:48" lastUpdateLogin="4876097" enabled="true" obsolete="false" systemMaintained="false" graphSortType="VALUE_DESC" allValueLabel="All" compValueLabel="Comparison">
            <displayName id="XXBI_CS_POT_CUST_SITE_DODisplayNameId">XXBI_CS_POT_CUST_SITE_DO</displayName>
            <description id="XXBI_CS_POT_CUST_SITE_DODescriptionId">ODCS: Customer Site Dimension</description>
            <valueSource>
               <dataSource>
                  <table>XXBI_CS_POT_CUST_SITE_DIM_V</table>
               </dataSource>
               <column columnName="ID"/>
               <prototypeData>
                  <character id="XXBI_CS_POT_CUST_SITE_DOPrototypeData" prefix="XXBI_CS_"/>
               </prototypeData>
            </valueSource>
            <idColumn columnName="ID"/>
            <nameColumn columnName="NAME"/>
            <sortColumn columnName="NAME"/>
            <dimensionLevelRelationships/>
         </dimensionLevel>
      </dimensionLevels>
   </dimension>
   <parameterGroups>
      <parameterGroup id="XXBI_CUST_REVENUE_BAND_DIM" objectName="XXBI_CUST_REVENUE_BAND_DIM" enabled="true" obsolete="false">
         <displayName id="XXBI_CUST_REVENUE_BAND_DIMDisplayNameId">XXBI_CUST_REVENUE_BAND_DIM</displayName>
         <description id="XXBI_CUST_REVENUE_BAND_DIMDescriptionId"/>
         <parameters>
            <parameter dimensionName="XXBI_CUST_REVENUE_BAND_DIM" dimensionLevelName="XXBI_CUST_REVENUE_BAND_DO" allEnabled="true" viewByEnabled="true" displayTypeWhenAllValuesInParent="DISPLAY" displayTypeWhenNoValuesAvailable="DISPLAY" whereClause="">
               <defaultValue>
                  <literal>ALL</literal>
               </defaultValue>
            </parameter>
         </parameters>
      </parameterGroup>
      <parameterGroup id="XXBI_CS_POT_CITY_DIM" objectName="XXBI_CS_POT_CITY_DIM" enabled="true" obsolete="false">
         <displayName id="XXBI_CS_POT_CITY_DIMDisplayNameId">XXBI_CS_POT_CITY_DIM</displayName>
         <description id="XXBI_CS_POT_CITY_DIMDescriptionId">ODCS: City Dimension</description>
         <parameters>
            <parameter dimensionName="XXBI_CS_POT_CITY_DIM" dimensionLevelName="XXBI_CS_POT_CITY_DO" allEnabled="true" viewByEnabled="true" displayTypeWhenAllValuesInParent="DISPLAY" displayTypeWhenNoValuesAvailable="DISPLAY" whereClause="">
               <defaultValue>
                  <literal>ALL</literal>
               </defaultValue>
            </parameter>
         </parameters>
      </parameterGroup>
      <parameterGroup id="XXBI_CS_POT_STATE_PROV_DIM" objectName="XXBI_CS_POT_STATE_PROV_DIM" enabled="true" obsolete="false">
         <displayName id="XXBI_CS_POT_STATE_PROV_DIMDisplayNameId">XXBI_CS_POT_STATE_PROV_DIM</displayName>
         <description id="XXBI_CS_POT_STATE_PROV_DIMDescriptionId">ODCS: State Province Dimension</description>
         <parameters>
            <parameter dimensionName="XXBI_CS_POT_STATE_PROV_DIM" dimensionLevelName="XXBI_CS_POT_STATE_PROV_DO" allEnabled="true" viewByEnabled="true" displayTypeWhenAllValuesInParent="DISPLAY" displayTypeWhenNoValuesAvailable="DISPLAY" whereClause="">
               <defaultValue>
                  <literal>ALL</literal>
               </defaultValue>
            </parameter>
         </parameters>
      </parameterGroup>
      <parameterGroup id="XXBI_CS_POT_PCODE_DIM" objectName="XXBI_CS_POT_PCODE_DIM" enabled="true" obsolete="false">
         <displayName id="XXBI_CS_POT_PCODE_DIMDisplayNameId">XXBI_CS_POT_PCODE_DIM</displayName>
         <description id="XXBI_CS_POT_PCODE_DIMDescriptionId">ODCS: Postal Code Dimension</description>
         <parameters>
            <parameter dimensionName="XXBI_CS_POT_PCODE_DIM" dimensionLevelName="XXBI_CS_POT_PCODE_DO" allEnabled="true" viewByEnabled="true" displayTypeWhenAllValuesInParent="DISPLAY" displayTypeWhenNoValuesAvailable="DISPLAY" whereClause="">
               <defaultValue>
                  <literal>ALL</literal>
               </defaultValue>
            </parameter>
         </parameters>
      </parameterGroup>
      <parameterGroup id="XXBI_CS_POT_MODEL_DIM" objectName="XXBI_CS_POT_MODEL_DIM" enabled="true" obsolete="false">
         <displayName id="XXBI_CS_POT_MODEL_DIMDisplayNameId">XXBI_CS_POT_MODEL_DIM</displayName>
         <description id="XXBI_CS_POT_MODEL_DIMDescriptionId">ODCS: Potential Type Dim</description>
         <parameters>
            <parameter dimensionName="XXBI_CS_POT_MODEL_DIM" dimensionLevelName="XXBI_CS_POT_MODEL_DO" allEnabled="true" viewByEnabled="true" displayTypeWhenAllValuesInParent="DISPLAY" displayTypeWhenNoValuesAvailable="DISPLAY" whereClause="">
               <defaultValue>
                  <literal>ALL</literal>
               </defaultValue>
            </parameter>
         </parameters>
      </parameterGroup>
      <parameterGroup id="XXBI_CS_POT_CUST_DIM" objectName="XXBI_CS_POT_CUST_DIM" enabled="true" obsolete="false">
         <displayName id="XXBI_CS_POT_CUST_DIMDisplayNameId">XXBI_CS_POT_CUST_DIM</displayName>
         <description id="XXBI_CS_POT_CUST_DIMDescriptionId">ODCS: Customer Dimension</description>
         <parameters>
            <parameter dimensionName="XXBI_CS_POT_CUST_DIM" dimensionLevelName="XXBI_CS_POT_CUST_DO" allEnabled="true" viewByEnabled="true" displayTypeWhenAllValuesInParent="DISPLAY" displayTypeWhenNoValuesAvailable="DISPLAY" whereClause="">
               <defaultValue>
                  <literal>ALL</literal>
               </defaultValue>
            </parameter>
         </parameters>
      </parameterGroup>
      <parameterGroup id="XXBI_CS_POT_CUST_SITE_DIM" objectName="XXBI_CS_POT_CUST_SITE_DIM" enabled="true" obsolete="false">
         <displayName id="XXBI_CS_POT_CUST_SITE_DIMDisplayNameId">XXBI_CS_POT_CUST_SITE_DIM</displayName>
         <description id="XXBI_CS_POT_CUST_SITE_DIMDescriptionId">ODCS: Site Dimension</description>
         <parameters>
            <parameter dimensionName="XXBI_CS_POT_CUST_SITE_DIM" dimensionLevelName="XXBI_CS_POT_CUST_SITE_DO" allEnabled="true" viewByEnabled="true" displayTypeWhenAllValuesInParent="DISPLAY" displayTypeWhenNoValuesAvailable="DISPLAY" whereClause="">
               <defaultValue>
                  <literal>ALL</literal>
               </defaultValue>
            </parameter>
         </parameters>
      </parameterGroup>
      <parameterGroup id="XXBI_REP_POTENTIAL_SUM_RPT" objectName="XXBI_REP_POTENTIAL_SUM_RPT" enabled="true" obsolete="false">
         <displayName id="XXBI_REP_POTENTIAL_SUM_RPTDisplayNameId">My Customers 1238178358070</displayName>
         <description id="XXBI_REP_POTENTIAL_SUM_RPTDescriptionId"/>
         <parameters>
            <parameter dimensionName="XXBI_CUST_REVENUE_BAND_DIM" dimensionLevelName="XXBI_CUST_REVENUE_BAND_DO" allEnabled="true" viewByEnabled="true" displayTypeWhenAllValuesInParent="DISPLAY" displayTypeWhenNoValuesAvailable="DISPLAY" whereClause="">
               <defaultValue>
                  <literal>ALL</literal>
               </defaultValue>
            </parameter>
            <parameter dimensionName="XXBI_CS_POT_CITY_DIM" dimensionLevelName="XXBI_CS_POT_CITY_DO" allEnabled="true" viewByEnabled="true" displayTypeWhenAllValuesInParent="DISPLAY" displayTypeWhenNoValuesAvailable="DISPLAY" whereClause="">
               <defaultValue>
                  <literal>ALL</literal>
               </defaultValue>
            </parameter>
            <parameter dimensionName="XXBI_CS_POT_STATE_PROV_DIM" dimensionLevelName="XXBI_CS_POT_STATE_PROV_DO" allEnabled="true" viewByEnabled="true" displayTypeWhenAllValuesInParent="DISPLAY" displayTypeWhenNoValuesAvailable="DISPLAY" whereClause="">
               <defaultValue>
                  <literal>ALL</literal>
               </defaultValue>
            </parameter>
            <parameter dimensionName="XXBI_CS_POT_PCODE_DIM" dimensionLevelName="XXBI_CS_POT_PCODE_DO" allEnabled="true" viewByEnabled="true" displayTypeWhenAllValuesInParent="DISPLAY" displayTypeWhenNoValuesAvailable="DISPLAY" whereClause="">
               <defaultValue>
                  <literal>ALL</literal>
               </defaultValue>
            </parameter>
            <parameter dimensionName="XXBI_CS_POT_MODEL_DIM" dimensionLevelName="XXBI_CS_POT_MODEL_DO" allEnabled="true" viewByEnabled="true" displayTypeWhenAllValuesInParent="DISPLAY" displayTypeWhenNoValuesAvailable="DISPLAY" whereClause="">
               <defaultValue>
                  <literal>ALL</literal>
               </defaultValue>
            </parameter>
            <parameter dimensionName="XXBI_CS_POT_CUST_DIM" dimensionLevelName="XXBI_CS_POT_CUST_DO" allEnabled="true" viewByEnabled="true" displayTypeWhenAllValuesInParent="DISPLAY" displayTypeWhenNoValuesAvailable="DISPLAY" whereClause="">
               <defaultValue>
                  <literal>ALL</literal>
               </defaultValue>
            </parameter>
            <parameter dimensionName="XXBI_CS_POT_CUST_SITE_DIM" dimensionLevelName="XXBI_CS_POT_CUST_SITE_DO" allEnabled="true" viewByEnabled="true" displayTypeWhenAllValuesInParent="DISPLAY" displayTypeWhenNoValuesAvailable="DISPLAY" whereClause="">
               <defaultValue>
                  <literal>ALL</literal>
               </defaultValue>
            </parameter>
         </parameters>
      </parameterGroup>
   </parameterGroups>
</dimensions>
