<?xml version="1.0" encoding="UTF-8" ?>
<MTServer xmlns:xsi="http://www.w3.org/2001/XMLSchema-instance"
          xsi:noNamespaceSchemaLocation="">
    <ListenToPort>7779</ListenToPort>
    <Thread>
    <Parent>
        <Max>50</Max>
        <Min>10</Min>
    </Parent>
    <Worker>
        <Max>5</Max>
        <Min>2</Min>
    </Worker>
    </Thread>
    <AppServerConfig>
        <ProviderUrl>opmn:ormi://chilsoa02d.na.odcorp.net:6003:oc4j_om/POCEJB</ProviderUrl>
        <InitialContext>oracle.j2ee.rmi.RMIInitialContextFactory</InitialContext>
        <UserName>omadmin</UserName>
        <Password>omadmin123</Password>
    </AppServerConfig>
</MTServer>
