<?xml version = '1.0' encoding = 'UTF-8'?>
<dimensions xmlns="http://xmlns.oracle.com/metadata" xml:lang="en-US">
   <dimension id="XXBI_TASKS_USER_CRTD_BY_DIM" objectName="XXBI_TASKS_USER_CRTD_BY_DIM" application="XXCRM" createdBy="539150" creationDate="2010-04-30T15:08:43" lastUpdatedBy="539150" lastUpdateDate="2010-04-30T15:08:43" lastUpdateLogin="11182831" enabled="true" obsolete="false" systemMaintained="false" isTimeDimension="false">
      <displayName id="XXBI_TASKS_USER_CRTD_BY_DIMDisplayNameId">XXBI_TASKS_USER_CRTD_BY_DIM</displayName>
      <description id="XXBI_TASKS_USER_CRTD_BY_DIMDescriptionId">Task Created By</description>
      <dimensionLevels>
         <dimensionLevel id="XXBI_TASKS_USER_CRTD_BY_DO" objectName="XXBI_TASKS_USER_CRTD_BY_DO" application="XXCRM" createdBy="539150" creationDate="2010-04-30T15:08:43" lastUpdatedBy="539150" lastUpdateDate="2010-04-30T15:08:43" lastUpdateLogin="11182831" enabled="true" obsolete="false" systemMaintained="false" graphSortType="VALUE_DESC" allValueLabel="All" compValueLabel="Comparison">
            <displayName id="XXBI_TASKS_USER_CRTD_BY_DODisplayNameId">XXBI_TASKS_USER_CRTD_BY_DO</displayName>
            <description id="XXBI_TASKS_USER_CRTD_BY_DODescriptionId">Task Created By Dimension Object</description>
            <valueSource>
               <dataSource>
                  <viewObjectName>XXBI_TASKS_USER_CRTD_BY_V</viewObjectName>
                  <table>XXBI_TASKS_USER_CRTD_BY_DIM_V</table>
               </dataSource>
               <column columnName="ID"/>
               <prototypeData>
                  <character id="XXBI_TASKS_USER_CRTD_BY_DOPrototypeData" prefix="XXBI_TAS"/>
               </prototypeData>
            </valueSource>
            <idColumn columnName="ID"/>
            <nameColumn columnName="NAME"/>
            <sortColumn columnName="NAME"/>
            <dimensionLevelRelationships/>
         </dimensionLevel>
      </dimensionLevels>
   </dimension>
   <dimension id="XXBI_TASKS_TASK_TYPES_DIM" objectName="XXBI_TASKS_TASK_TYPES_DIM" application="XXCRM" createdBy="539150" creationDate="2010-04-30T15:08:45" lastUpdatedBy="539150" lastUpdateDate="2010-04-30T15:08:45" lastUpdateLogin="11182831" enabled="true" obsolete="false" systemMaintained="false" isTimeDimension="false">
      <displayName id="XXBI_TASKS_TASK_TYPES_DIMDisplayNameId">XXBI_TASKS_TASK_TYPES_DIM</displayName>
      <description id="XXBI_TASKS_TASK_TYPES_DIMDescriptionId">List of Task Types</description>
      <dimensionLevels>
         <dimensionLevel id="XXBI_TASKS_TASK_TYPES_DO" objectName="XXBI_TASKS_TASK_TYPES_DO" application="XXCRM" createdBy="539150" creationDate="2010-04-30T15:08:45" lastUpdatedBy="539150" lastUpdateDate="2010-04-30T15:08:45" lastUpdateLogin="11182831" enabled="true" obsolete="false" systemMaintained="false" graphSortType="VALUE_DESC" allValueLabel="All" compValueLabel="Comparison">
            <displayName id="XXBI_TASKS_TASK_TYPES_DODisplayNameId">XXBI_TASKS_TASK_TYPES_DO</displayName>
            <description id="XXBI_TASKS_TASK_TYPES_DODescriptionId">Dimension object for list of task types</description>
            <valueSource>
               <dataSource>
                  <viewObjectName>XXBI_TASKS_TASK_TYPES_DIM_V</viewObjectName>
                  <table>XXBI_TASKS_TASK_TYPES_DIM_V</table>
               </dataSource>
               <column columnName="ID"/>
               <prototypeData>
                  <character id="XXBI_TASKS_TASK_TYPES_DOPrototypeData" prefix="XXBI_TAS"/>
               </prototypeData>
            </valueSource>
            <idColumn columnName="ID"/>
            <nameColumn columnName="NAME"/>
            <sortColumn columnName="NAME"/>
            <dimensionLevelRelationships/>
         </dimensionLevel>
      </dimensionLevels>
   </dimension>
   <dimension id="XXBI_TASKS_USER_ENT_TYPS_DIM" objectName="XXBI_TASKS_USER_ENT_TYPS_DIM" application="XXCRM" createdBy="539150" creationDate="2010-04-30T15:08:44" lastUpdatedBy="539150" lastUpdateDate="2010-04-30T15:08:44" lastUpdateLogin="11182831" enabled="true" obsolete="false" systemMaintained="false" isTimeDimension="false">
      <displayName id="XXBI_TASKS_USER_ENT_TYPS_DIMDisplayNameId">XXBI_TASKS_USER_ENT_TYPS_DIM</displayName>
      <description id="XXBI_TASKS_USER_ENT_TYPS_DIMDescriptionId">List of Entity Types</description>
      <dimensionLevels>
         <dimensionLevel id="XXBI_TASKS_USER_ENT_TYPS_DO" objectName="XXBI_TASKS_USER_ENT_TYPS_DO" application="XXCRM" createdBy="539150" creationDate="2010-04-30T15:08:44" lastUpdatedBy="539150" lastUpdateDate="2010-04-30T15:08:44" lastUpdateLogin="11182831" enabled="true" obsolete="false" systemMaintained="false" graphSortType="VALUE_DESC" allValueLabel="All" compValueLabel="Comparison">
            <displayName id="XXBI_TASKS_USER_ENT_TYPS_DODisplayNameId">XXBI_TASKS_USER_ENT_TYPS_DO</displayName>
            <description id="XXBI_TASKS_USER_ENT_TYPS_DODescriptionId">Dimension object for list of entity types</description>
            <valueSource>
               <dataSource>
                  <viewObjectName>XXBI_TASKS_USER_ENT_TYPS_DIM_V</viewObjectName>
                  <table>XXBI_TASKS_USER_ENT_TYPS_DIM_V</table>
               </dataSource>
               <column columnName="ID"/>
               <prototypeData>
                  <character id="XXBI_TASKS_USER_ENT_TYPS_DOPrototypeData" prefix="XXBI_TAS"/>
               </prototypeData>
            </valueSource>
            <idColumn columnName="ID"/>
            <nameColumn columnName="NAME"/>
            <sortColumn columnName="NAME"/>
            <dimensionLevelRelationships/>
         </dimensionLevel>
      </dimensionLevels>
   </dimension>
   <dimension id="XXBI_TASKS_USER_SITEOWN_DIM" objectName="XXBI_TASKS_USER_SITEOWN_DIM" application="XXCRM" createdBy="539150" creationDate="2010-04-30T15:08:43" lastUpdatedBy="539150" lastUpdateDate="2010-04-30T15:08:43" lastUpdateLogin="11182831" enabled="true" obsolete="false" systemMaintained="false" isTimeDimension="false">
      <displayName id="XXBI_TASKS_USER_SITEOWN_DIMDisplayNameId">XXBI_TASKS_USER_SITEOWN_DIM</displayName>
      <description id="XXBI_TASKS_USER_SITEOWN_DIMDescriptionId">List of site owners</description>
      <dimensionLevels>
         <dimensionLevel id="XXBI_TASKS_USER_SITEOWN_DO" objectName="XXBI_TASKS_USER_SITEOWN_DO" application="XXCRM" createdBy="539150" creationDate="2010-04-30T15:08:44" lastUpdatedBy="539150" lastUpdateDate="2010-04-30T15:08:44" lastUpdateLogin="11182831" enabled="true" obsolete="false" systemMaintained="false" graphSortType="VALUE_DESC" allValueLabel="All" compValueLabel="Comparison">
            <displayName id="XXBI_TASKS_USER_SITEOWN_DODisplayNameId">XXBI_TASKS_USER_SITEOWN_DO</displayName>
            <description id="XXBI_TASKS_USER_SITEOWN_DODescriptionId">Dimension object for the list of site owners</description>
            <valueSource>
               <dataSource>
                  <viewObjectName>XXBI_TASKS_USER_SITEOWN_DIM_V</viewObjectName>
                  <table>XXBI_TASKS_USER_SITEOWN_DIM_V</table>
               </dataSource>
               <column columnName="ID"/>
               <prototypeData>
                  <character id="XXBI_TASKS_USER_SITEOWN_DOPrototypeData" prefix="XXBI_TAS"/>
               </prototypeData>
            </valueSource>
            <idColumn columnName="ID"/>
            <nameColumn columnName="NAME"/>
            <sortColumn columnName="NAME"/>
            <dimensionLevelRelationships/>
         </dimensionLevel>
      </dimensionLevels>
   </dimension>
   <dimension id="XXBI_WEEK_NUMBERS_DIM" objectName="XXBI_WEEK_NUMBERS_DIM" application="XXCRM" createdBy="539150" creationDate="2010-04-30T14:41:15" lastUpdatedBy="539150" lastUpdateDate="2010-04-30T14:41:15" lastUpdateLogin="11182831" enabled="true" obsolete="false" systemMaintained="false" isTimeDimension="false">
      <displayName id="XXBI_WEEK_NUMBERS_DIMDisplayNameId">XXBI_WEEK_NUMBERS_DIM</displayName>
      <description id="XXBI_WEEK_NUMBERS_DIMDescriptionId">Weeks in a year (1-53)</description>
      <dimensionLevels>
         <dimensionLevel id="XXBI_WEEK_NUMBERS_DO" objectName="XXBI_WEEK_NUMBERS_DO" application="XXCRM" createdBy="539150" creationDate="2010-04-30T14:41:15" lastUpdatedBy="515570" lastUpdateDate="2010-05-03T09:54:59" lastUpdateLogin="11197823" enabled="true" obsolete="false" systemMaintained="false" largeLOV="true" graphSortType="VALUE_DESC" allValueLabel="All" compValueLabel="Comparison">
            <displayName id="XXBI_WEEK_NUMBERS_DODisplayNameId">Week#</displayName>
            <description id="XXBI_WEEK_NUMBERS_DODescriptionId">Weeks Numbers</description>
            <valueSource>
               <dataSource>
                  <table>XXBI_WEEK_NUMBERS_DIM_V</table>
               </dataSource>
               <column columnName="ID"/>
               <prototypeData>
                  <character id="XXBI_WEEK_NUMBERS_DOPrototypeData" prefix="XXBI_WEE"/>
               </prototypeData>
            </valueSource>
            <idColumn columnName="ID"/>
            <nameColumn columnName="NAME"/>
            <sortColumn columnName="NAME"/>
            <defaultValue>
               <plsqlFunction>xxcrm_task_dashboard_helper.get_current_week_number</plsqlFunction>
            </defaultValue>
            <dimensionLevelRelationships/>
         </dimensionLevel>
      </dimensionLevels>
   </dimension>
   <dimension id="XXBI_PARTY_SITE_USES_DIM" objectName="XXBI_PARTY_SITE_USES_DIM" application="XXCRM" createdBy="539150" creationDate="2010-04-30T15:08:44" lastUpdatedBy="539150" lastUpdateDate="2010-04-30T15:08:44" lastUpdateLogin="11182831" enabled="true" obsolete="false" systemMaintained="false" isTimeDimension="false">
      <displayName id="XXBI_PARTY_SITE_USES_DIMDisplayNameId">XXBI_PARTY_SITE_USES_DIM</displayName>
      <description id="XXBI_PARTY_SITE_USES_DIMDescriptionId">Shipto/Billto</description>
      <dimensionLevels>
         <dimensionLevel id="XXBI_PARTY_SITE_USES_DO" objectName="XXBI_PARTY_SITE_USES_DO" application="XXCRM" createdBy="539150" creationDate="2010-04-30T15:08:44" lastUpdatedBy="539150" lastUpdateDate="2010-04-30T15:08:45" lastUpdateLogin="11182831" enabled="true" obsolete="false" systemMaintained="false" graphSortType="VALUE_DESC" allValueLabel="All" compValueLabel="Comparison">
            <displayName id="XXBI_PARTY_SITE_USES_DODisplayNameId">XXBI_PARTY_SITE_USES_DO</displayName>
            <description id="XXBI_PARTY_SITE_USES_DODescriptionId">Shipto/Billto</description>
            <valueSource>
               <dataSource>
                  <table>XXBI_PARTY_SITE_USES_DIM_V</table>
               </dataSource>
               <column columnName="ID"/>
               <prototypeData>
                  <character id="XXBI_PARTY_SITE_USES_DOPrototypeData" prefix="XXBI_PAR"/>
               </prototypeData>
            </valueSource>
            <idColumn columnName="ID"/>
            <nameColumn columnName="NAME"/>
            <sortColumn columnName="NAME"/>
            <dimensionLevelRelationships/>
         </dimensionLevel>
      </dimensionLevels>
   </dimension>
   <dimension id="XXBI_CUST_CLASSIFICATION_DIM" objectName="XXBI_CUST_CLASSIFICATION_DIM" application="XXCRM" createdBy="539150" creationDate="2010-04-30T14:38:07" lastUpdatedBy="539150" lastUpdateDate="2010-04-30T14:38:07" lastUpdateLogin="11182831" enabled="true" obsolete="false" systemMaintained="false" isTimeDimension="false">
      <displayName id="XXBI_CUST_CLASSIFICATION_DIMDisplayNameId">XXBI_CUST_CLASSIFICATION_DIM</displayName>
      <description id="XXBI_CUST_CLASSIFICATION_DIMDescriptionId">Customer or Prospect</description>
      <dimensionLevels>
         <dimensionLevel id="XXBI_CUST_CLASSIFICATION_DO" objectName="XXBI_CUST_CLASSIFICATION_DO" application="XXCRM" createdBy="539150" creationDate="2010-04-30T14:38:08" lastUpdatedBy="539150" lastUpdateDate="2010-04-30T14:46:30" lastUpdateLogin="11182831" enabled="true" obsolete="false" systemMaintained="false" graphSortType="VALUE_DESC" allValueLabel="All" compValueLabel="Comparison">
            <displayName id="XXBI_CUST_CLASSIFICATION_DODisplayNameId">Customer/Prospect</displayName>
            <description id="XXBI_CUST_CLASSIFICATION_DODescriptionId">Customer or Prospect</description>
            <valueSource>
               <dataSource>
                  <table>XXBI_CUST_CLASSIFICATION_DIM_V</table>
               </dataSource>
               <column columnName="ID"/>
               <prototypeData>
                  <character id="XXBI_CUST_CLASSIFICATION_DOPrototypeData" prefix="XXBI_CUS"/>
               </prototypeData>
            </valueSource>
            <idColumn columnName="ID"/>
            <nameColumn columnName="NAME"/>
            <sortColumn columnName="NAME"/>
            <dimensionLevelRelationships/>
         </dimensionLevel>
      </dimensionLevels>
   </dimension>
   <dimension id="XXBI_FISCAL_YEAR_DIM" objectName="XXBI_FISCAL_YEAR_DIM" application="XXCRM" createdBy="539150" creationDate="2010-04-30T14:41:16" lastUpdatedBy="539150" lastUpdateDate="2010-04-30T14:41:16" lastUpdateLogin="11182831" enabled="true" obsolete="false" systemMaintained="false" isTimeDimension="false">
      <displayName id="XXBI_FISCAL_YEAR_DIMDisplayNameId">XXBI_FISCAL_YEAR_DIM</displayName>
      <description id="XXBI_FISCAL_YEAR_DIMDescriptionId">OD fiscal years</description>
      <dimensionLevels>
         <dimensionLevel id="XXBI_FISCAL_YEAR_DO" objectName="XXBI_FISCAL_YEAR_DO" application="XXCRM" createdBy="539150" creationDate="2010-04-30T14:41:16" lastUpdatedBy="515570" lastUpdateDate="2010-05-03T09:56:24" lastUpdateLogin="11197823" enabled="true" obsolete="false" systemMaintained="false" graphSortType="VALUE_DESC" allValueLabel="All" compValueLabel="Comparison">
            <displayName id="XXBI_FISCAL_YEAR_DODisplayNameId">Year</displayName>
            <description id="XXBI_FISCAL_YEAR_DODescriptionId">OD Fiscal Year</description>
            <valueSource>
               <dataSource>
                  <table>XXBI_FISCAL_YEAR_DIM_V</table>
               </dataSource>
               <column columnName="ID"/>
               <prototypeData>
                  <character id="XXBI_FISCAL_YEAR_DOPrototypeData" prefix="XXBI_FIS"/>
               </prototypeData>
            </valueSource>
            <idColumn columnName="ID"/>
            <nameColumn columnName="NAME"/>
            <sortColumn columnName="NAME"/>
            <defaultValue>
               <plsqlFunction>xxcrm_task_dashboard_helper.get_current_year_id</plsqlFunction>
            </defaultValue>
            <dimensionLevelRelationships/>
         </dimensionLevel>
      </dimensionLevels>
   </dimension>
   <dimension id="XXBI_TASKS_TASK_STATUSES_DIM" objectName="XXBI_TASKS_TASK_STATUSES_DIM" application="XXCRM" createdBy="539150" creationDate="2010-04-30T15:08:45" lastUpdatedBy="539150" lastUpdateDate="2010-04-30T15:08:45" lastUpdateLogin="11182831" enabled="true" obsolete="false" systemMaintained="false" isTimeDimension="false">
      <displayName id="XXBI_TASKS_TASK_STATUSES_DIMDisplayNameId">XXBI_TASKS_TASK_STATUSES_DIM</displayName>
      <description id="XXBI_TASKS_TASK_STATUSES_DIMDescriptionId">List of Task Statuses</description>
      <dimensionLevels>
         <dimensionLevel id="XXBI_TASKS_TASK_STATUSES_DO" objectName="XXBI_TASKS_TASK_STATUSES_DO" application="XXCRM" createdBy="539150" creationDate="2010-04-30T15:08:45" lastUpdatedBy="539150" lastUpdateDate="2010-05-05T10:27:51" lastUpdateLogin="11210781" enabled="true" obsolete="false" systemMaintained="false" graphSortType="VALUE_DESC" allValueLabel="All" compValueLabel="Comparison">
            <displayName id="XXBI_TASKS_TASK_STATUSES_DODisplayNameId">Status</displayName>
            <description id="XXBI_TASKS_TASK_STATUSES_DODescriptionId">Dimension object for list of statuses</description>
            <valueSource>
               <dataSource>
                  <viewObjectName>XXBI_TASKS_TASK_STATUSES_DIM_V</viewObjectName>
                  <table>XXBI_TASKS_TASK_STATUSES_DIM_V</table>
               </dataSource>
               <column columnName="ID"/>
               <prototypeData>
                  <character id="XXBI_TASKS_TASK_STATUSES_DOPrototypeData" prefix="XXBI_TAS"/>
               </prototypeData>
            </valueSource>
            <idColumn columnName="ID"/>
            <nameColumn columnName="NAME"/>
            <sortColumn columnName="NAME"/>
            <dimensionLevelRelationships/>
         </dimensionLevel>
      </dimensionLevels>
   </dimension>
   <parameterGroups>
      <parameterGroup id="XXBI_TASKS_USER_CRTD_BY_DIM" objectName="XXBI_TASKS_USER_CRTD_BY_DIM" enabled="true" obsolete="false">
         <displayName id="XXBI_TASKS_USER_CRTD_BY_DIMDisplayNameId">XXBI_TASKS_USER_CRTD_BY_DIM</displayName>
         <description id="XXBI_TASKS_USER_CRTD_BY_DIMDescriptionId">Task Created By</description>
         <parameters>
            <parameter dimensionName="XXBI_TASKS_USER_CRTD_BY_DIM" dimensionLevelName="XXBI_TASKS_USER_CRTD_BY_DO" allEnabled="true" viewByEnabled="true" displayTypeWhenAllValuesInParent="DISPLAY" displayTypeWhenNoValuesAvailable="DISPLAY" whereClause="">
               <defaultValue>
                  <literal>ALL</literal>
               </defaultValue>
            </parameter>
         </parameters>
      </parameterGroup>
      <parameterGroup id="XXBI_TASKS_TASK_TYPES_DIM" objectName="XXBI_TASKS_TASK_TYPES_DIM" enabled="true" obsolete="false">
         <displayName id="XXBI_TASKS_TASK_TYPES_DIMDisplayNameId">XXBI_TASKS_TASK_TYPES_DIM</displayName>
         <description id="XXBI_TASKS_TASK_TYPES_DIMDescriptionId">List of Task Types</description>
         <parameters>
            <parameter dimensionName="XXBI_TASKS_TASK_TYPES_DIM" dimensionLevelName="XXBI_TASKS_TASK_TYPES_DO" allEnabled="true" viewByEnabled="true" displayTypeWhenAllValuesInParent="DISPLAY" displayTypeWhenNoValuesAvailable="DISPLAY" whereClause="">
               <defaultValue>
                  <literal>ALL</literal>
               </defaultValue>
            </parameter>
         </parameters>
      </parameterGroup>
      <parameterGroup id="XXBI_TASKS_USER_ENT_TYPS_DIM" objectName="XXBI_TASKS_USER_ENT_TYPS_DIM" enabled="true" obsolete="false">
         <displayName id="XXBI_TASKS_USER_ENT_TYPS_DIMDisplayNameId">XXBI_TASKS_USER_ENT_TYPS_DIM</displayName>
         <description id="XXBI_TASKS_USER_ENT_TYPS_DIMDescriptionId">List of Entity Types</description>
         <parameters>
            <parameter dimensionName="XXBI_TASKS_USER_ENT_TYPS_DIM" dimensionLevelName="XXBI_TASKS_USER_ENT_TYPS_DO" allEnabled="true" viewByEnabled="true" displayTypeWhenAllValuesInParent="DISPLAY" displayTypeWhenNoValuesAvailable="DISPLAY" whereClause="">
               <defaultValue>
                  <literal>ALL</literal>
               </defaultValue>
            </parameter>
         </parameters>
      </parameterGroup>
      <parameterGroup id="XXBI_TASKS_USER_SITEOWN_DIM" objectName="XXBI_TASKS_USER_SITEOWN_DIM" enabled="true" obsolete="false">
         <displayName id="XXBI_TASKS_USER_SITEOWN_DIMDisplayNameId">XXBI_TASKS_USER_SITEOWN_DIM</displayName>
         <description id="XXBI_TASKS_USER_SITEOWN_DIMDescriptionId">List of site owners</description>
         <parameters>
            <parameter dimensionName="XXBI_TASKS_USER_SITEOWN_DIM" dimensionLevelName="XXBI_TASKS_USER_SITEOWN_DO" allEnabled="true" viewByEnabled="true" displayTypeWhenAllValuesInParent="DISPLAY" displayTypeWhenNoValuesAvailable="DISPLAY" whereClause="">
               <defaultValue>
                  <literal>ALL</literal>
               </defaultValue>
            </parameter>
         </parameters>
      </parameterGroup>
      <parameterGroup id="XXBI_WEEK_NUMBERS_DIM" objectName="XXBI_WEEK_NUMBERS_DIM" enabled="true" obsolete="false">
         <displayName id="XXBI_WEEK_NUMBERS_DIMDisplayNameId">XXBI_WEEK_NUMBERS_DIM</displayName>
         <description id="XXBI_WEEK_NUMBERS_DIMDescriptionId">Weeks in a year (1-53)</description>
         <parameters>
            <parameter dimensionName="XXBI_WEEK_NUMBERS_DIM" dimensionLevelName="XXBI_WEEK_NUMBERS_DO" allEnabled="true" viewByEnabled="true" displayTypeWhenAllValuesInParent="DISPLAY" displayTypeWhenNoValuesAvailable="DISPLAY" whereClause="">
               <defaultValue>
                  <literal>ALL</literal>
               </defaultValue>
            </parameter>
         </parameters>
      </parameterGroup>
      <parameterGroup id="XXBI_PARTY_SITE_USES_DIM" objectName="XXBI_PARTY_SITE_USES_DIM" enabled="true" obsolete="false">
         <displayName id="XXBI_PARTY_SITE_USES_DIMDisplayNameId">XXBI_PARTY_SITE_USES_DIM</displayName>
         <description id="XXBI_PARTY_SITE_USES_DIMDescriptionId">Shipto/Billto</description>
         <parameters>
            <parameter dimensionName="XXBI_PARTY_SITE_USES_DIM" dimensionLevelName="XXBI_PARTY_SITE_USES_DO" allEnabled="true" viewByEnabled="true" displayTypeWhenAllValuesInParent="DISPLAY" displayTypeWhenNoValuesAvailable="DISPLAY" whereClause="">
               <defaultValue>
                  <literal>ALL</literal>
               </defaultValue>
            </parameter>
         </parameters>
      </parameterGroup>
      <parameterGroup id="XXBI_CUST_CLASSIFICATION_DIM" objectName="XXBI_CUST_CLASSIFICATION_DIM" enabled="true" obsolete="false">
         <displayName id="XXBI_CUST_CLASSIFICATION_DIMDisplayNameId">XXBI_CUST_CLASSIFICATION_DIM</displayName>
         <description id="XXBI_CUST_CLASSIFICATION_DIMDescriptionId">Customer or Prospect</description>
         <parameters>
            <parameter dimensionName="XXBI_CUST_CLASSIFICATION_DIM" dimensionLevelName="XXBI_CUST_CLASSIFICATION_DO" allEnabled="true" viewByEnabled="true" displayTypeWhenAllValuesInParent="DISPLAY" displayTypeWhenNoValuesAvailable="DISPLAY" whereClause="">
               <defaultValue>
                  <literal>ALL</literal>
               </defaultValue>
            </parameter>
         </parameters>
      </parameterGroup>
      <parameterGroup id="XXBI_FISCAL_YEAR_DIM" objectName="XXBI_FISCAL_YEAR_DIM" enabled="true" obsolete="false">
         <displayName id="XXBI_FISCAL_YEAR_DIMDisplayNameId">XXBI_FISCAL_YEAR_DIM</displayName>
         <description id="XXBI_FISCAL_YEAR_DIMDescriptionId">OD fiscal years</description>
         <parameters>
            <parameter dimensionName="XXBI_FISCAL_YEAR_DIM" dimensionLevelName="XXBI_FISCAL_YEAR_DO" allEnabled="false" viewByEnabled="false" displayTypeWhenAllValuesInParent="DISPLAY" displayTypeWhenNoValuesAvailable="DISPLAY" whereClause="">
               <defaultValue>
                  <literal>ALL</literal>
               </defaultValue>
            </parameter>
         </parameters>
      </parameterGroup>
      <parameterGroup id="XXBI_TASKS_TASK_STATUSES_DIM" objectName="XXBI_TASKS_TASK_STATUSES_DIM" enabled="true" obsolete="false">
         <displayName id="XXBI_TASKS_TASK_STATUSES_DIMDisplayNameId">XXBI_TASKS_TASK_STATUSES_DIM</displayName>
         <description id="XXBI_TASKS_TASK_STATUSES_DIMDescriptionId">List of Task Statuses</description>
         <parameters>
            <parameter dimensionName="XXBI_TASKS_TASK_STATUSES_DIM" dimensionLevelName="XXBI_TASKS_TASK_STATUSES_DO" allEnabled="true" viewByEnabled="true" displayTypeWhenAllValuesInParent="DISPLAY" displayTypeWhenNoValuesAvailable="DISPLAY" whereClause="">
               <defaultValue>
                  <literal>ALL</literal>
               </defaultValue>
            </parameter>
         </parameters>
      </parameterGroup>
      <parameterGroup id="XXBI_REP_TASKS_SUM_RPT" objectName="XXBI_REP_TASKS_SUM_RPT" enabled="true" obsolete="false">
         <displayName id="XXBI_REP_TASKS_SUM_RPTDisplayNameId">Tasks Summary 1272654640912</displayName>
         <description id="XXBI_REP_TASKS_SUM_RPTDescriptionId"/>
         <parameters>
            <parameter dimensionName="XXBI_TASKS_USER_CRTD_BY_DIM" dimensionLevelName="XXBI_TASKS_USER_CRTD_BY_DO" allEnabled="true" viewByEnabled="true" displayTypeWhenAllValuesInParent="DISPLAY" displayTypeWhenNoValuesAvailable="DISPLAY" whereClause="">
               <defaultValue>
                  <literal>ALL</literal>
               </defaultValue>
            </parameter>
            <parameter dimensionName="XXBI_TASKS_TASK_TYPES_DIM" dimensionLevelName="XXBI_TASKS_TASK_TYPES_DO" allEnabled="true" viewByEnabled="true" displayTypeWhenAllValuesInParent="DISPLAY" displayTypeWhenNoValuesAvailable="DISPLAY" whereClause="">
               <defaultValue>
                  <literal>ALL</literal>
               </defaultValue>
            </parameter>
            <parameter dimensionName="XXBI_TASKS_USER_ENT_TYPS_DIM" dimensionLevelName="XXBI_TASKS_USER_ENT_TYPS_DO" allEnabled="true" viewByEnabled="true" displayTypeWhenAllValuesInParent="DISPLAY" displayTypeWhenNoValuesAvailable="DISPLAY" whereClause="">
               <defaultValue>
                  <literal>ALL</literal>
               </defaultValue>
            </parameter>
            <parameter dimensionName="XXBI_TASKS_USER_SITEOWN_DIM" dimensionLevelName="XXBI_TASKS_USER_SITEOWN_DO" allEnabled="true" viewByEnabled="true" displayTypeWhenAllValuesInParent="DISPLAY" displayTypeWhenNoValuesAvailable="DISPLAY" whereClause="">
               <defaultValue>
                  <literal>ALL</literal>
               </defaultValue>
            </parameter>
            <parameter dimensionName="XXBI_WEEK_NUMBERS_DIM" dimensionLevelName="XXBI_WEEK_NUMBERS_DO" allEnabled="true" viewByEnabled="true" displayTypeWhenAllValuesInParent="DISPLAY" displayTypeWhenNoValuesAvailable="DISPLAY" whereClause="">
               <defaultValue>
                  <literal>ALL</literal>
               </defaultValue>
            </parameter>
            <parameter dimensionName="XXBI_PARTY_SITE_USES_DIM" dimensionLevelName="XXBI_PARTY_SITE_USES_DO" allEnabled="true" viewByEnabled="true" displayTypeWhenAllValuesInParent="DISPLAY" displayTypeWhenNoValuesAvailable="DISPLAY" whereClause="">
               <defaultValue>
                  <literal>ALL</literal>
               </defaultValue>
            </parameter>
            <parameter dimensionName="XXBI_CUST_CLASSIFICATION_DIM" dimensionLevelName="XXBI_CUST_CLASSIFICATION_DO" allEnabled="true" viewByEnabled="true" displayTypeWhenAllValuesInParent="DISPLAY" displayTypeWhenNoValuesAvailable="DISPLAY" whereClause="">
               <defaultValue>
                  <literal>ALL</literal>
               </defaultValue>
            </parameter>
            <parameter dimensionName="XXBI_FISCAL_YEAR_DIM" dimensionLevelName="XXBI_FISCAL_YEAR_DO" allEnabled="false" viewByEnabled="true" displayTypeWhenAllValuesInParent="DISPLAY" displayTypeWhenNoValuesAvailable="DISPLAY" whereClause="">
               <defaultValue>
                  <literal>ALL</literal>
               </defaultValue>
            </parameter>
            <parameter dimensionName="XXBI_TASKS_TASK_STATUSES_DIM" dimensionLevelName="XXBI_TASKS_TASK_STATUSES_DO" allEnabled="true" viewByEnabled="true" displayTypeWhenAllValuesInParent="DISPLAY" displayTypeWhenNoValuesAvailable="DISPLAY" whereClause="">
               <defaultValue>
                  <literal>ALL</literal>
               </defaultValue>
            </parameter>
         </parameters>
      </parameterGroup>
   </parameterGroups>
</dimensions>
