<?xml version = '1.0' encoding = 'UTF-8'?>
<page xmlns:jrad="http://xmlns.oracle.com/jrad" xmlns:oa="http://xmlns.oracle.com/oa" xmlns:ui="http://xmlns.oracle.com/uix/ui" version="9.0.3.8.10_1080" xml:lang="en-US" xmlns:user="http://xmlns.oracle.com/jrad/user" xmlns="http://xmlns.oracle.com/jrad" file-version="$Header$">
   <content>
      <oa:pageLayout id="CustDocPLRN" amDefName="od.oracle.apps.xxcrm.cdh.ebl.custdocs.server.ODCustDocAM" controllerClass="od.oracle.apps.xxcrm.cdh.ebl.custdocs.webui.ODEBillDocumentsCO">
         <ui:corporateBranding>
            <oa:image id="corporateBrandingImage" source="/OA_MEDIA/FNDSSCORP.gif"/>
         </ui:corporateBranding>
         <ui:contents>
            <oa:spacer id="Spacer1" height="2"/>
            <oa:messageComponentLayout id="CustDocHdr" rows="1" columns="5" width="100%">
               <ui:contents>
                  <oa:messageStyledText id="CustomerName" dataType="VARCHAR2" prompt="Customer Name" viewName="ODEBillCustDocHeaderVO" viewAttr="CustomerName" maximumLength="240" styleClass="OraDataText" columns="30" cellNoWrapFormat="true"/>
                  <oa:messageStyledText id="BillingID" dataType="NUMBER" prompt="Billing ID" viewName="ODEBillCustDocHeaderVO" viewAttr="BillingId" maximumLength="15" rendered="true" styleClass="OraDataText"/>
                  <oa:messageStyledText id="CustAccountId1" dataType="NUMBER" prompt="CustAccountId" viewName="ODEBillCustDocHeaderVO" viewAttr="CustAccountId" maximumLength="15" rendered="false"/>
                  <oa:messageStyledText id="AopsNumber" dataType="VARCHAR2" prompt="AOPS Number" viewName="ODEBillCustDocHeaderVO" viewAttr="AopsNumber" maximumLength="24" styleClass="OraDataText" columns="8"/>
                  <oa:messageStyledText id="CustomerType" dataType="VARCHAR2" prompt="Customer Type" viewName="ODEBillCustDocHeaderVO" viewAttr="CustomerType" maximumLength="150" styleClass="OraDataText" columns="10"/>
                  <oa:messageStyledText id="AbFlag" dataType="VARCHAR2" prompt="AB Flag" viewName="ODEBillCustDocHeaderVO" viewAttr="AbFlag" maximumLength="3" styleClass="OraDataText" columns="3"/>
               </ui:contents>
            </oa:messageComponentLayout>
            <oa:separator id="seperator"/>
            <oa:spacer id="Spacer2" height="2"/>
            <oa:advancedTable id="EbillCustDocAdvTblRN" viewName="ODEbillCustDocVO" text="" detailViewAttr="HideShow" alternateText="No Customer Document Found" width="100%">
               <ui:contents>
                  <oa:column id="CustDocCol" cellNoWrapFormat="true">
                     <ui:columnHeader>
                        <oa:sortableHeader id="CustDocIDSortHDR" prompt="Customer Doc ID"/>
                     </ui:columnHeader>
                     <ui:contents>
                        <oa:messageStyledText id="CustDocId" viewAttr="NExtAttr2" prompt="Customer Doc ID"/>
                        <oa:formValue id="CustAccountId" viewAttr="CustAccountId"/>
                     </ui:contents>
                  </oa:column>
                  <oa:column id="DocIdCol">
                     <ui:columnHeader>
                        <oa:sortableHeader id="mbsDocIDColHDR" prompt="MBS Doc ID" required="yes"/>
                     </ui:columnHeader>
                     <ui:contents>
                        <oa:messageLovInput id="DocId" viewAttr="NExtAttr1" externalListOfValues="/od/oracle/apps/xxcrm/cdh/ebl/lov/webui/ODEBillDocIdRN" required="no" disabled="${oa.current.Readonlyflag}">
                           <lovMappings>
                              <lovMap id="DocIDMap" lovItem="DocumentId" resultTo="DocId" criteriaFrom="DocId" useForValidation="default"/>
                              <lovMap id="DocTypeMap" lovItem="DocType" resultTo="DocType"/>
                              <lovMap id="DocTypeFVMap" lovItem="DocType" resultTo="DocTypeFV"/>
                           </lovMappings>
                        </oa:messageLovInput>
                     </ui:contents>
                  </oa:column>
                  <oa:column id="DocTypeCol">
                     <ui:columnHeader>
                        <oa:sortableHeader id="sortableHeader2" prompt="Document Type"/>
                     </ui:columnHeader>
                     <ui:contents>
                        <oa:messageStyledText id="DocType" viewAttr="CExtAttr1" prompt=""/>
                     </ui:contents>
                  </oa:column>
                  <oa:column id="PayDocIndicatorCol">
                     <ui:columnHeader>
                        <oa:sortableHeader id="sortableHeader3" prompt="Pay Doc"/>
                     </ui:columnHeader>
                     <ui:contents>
                        <oa:messageCheckBox id="PayDocIndicator" viewAttr="CExtAttr2" text="" prompt="" disabled="${oa.current.Readonlyflag}"/>
                     </ui:contents>
                  </oa:column>
                  <oa:column id="DeliveryMethodCol">
                     <ui:columnHeader>
                        <oa:sortableHeader id="sortableHeader4" prompt="Delivery Method" required="yes"/>
                     </ui:columnHeader>
                     <ui:contents>
                        <oa:messageChoice id="DeliveryMethod" viewAttr="CExtAttr3" prompt="Delivery Method" pickListViewName="ODEBillDelyMethodPVO" pickListDispAttr="Description" pickListValAttr="Code" required="yes" disabled="${oa.current.Readonlyflag}" defaultValue="">
                           <ui:primaryClientAction>
                              <ui:firePartialAction event="DelyMtdUpdate">
                                 <ui:parameters>
                                    <ui:parameter key="DelyMtdUpdate" value="${oa.current.CExtAttr3}"/>
                                    <ui:parameter key="CustDocId" value="${oa.current.NExtAttr2}"/>
                                 </ui:parameters>
                              </ui:firePartialAction>
                           </ui:primaryClientAction>
                        </oa:messageChoice>
                     </ui:contents>
                  </oa:column>
                  <oa:column id="DeleteCol" rendered="false">
                     <ui:columnHeader>
                        <oa:sortableHeader id="sortableHeader6" prompt="Delete"/>
                     </ui:columnHeader>
                     <ui:contents>
                        <oa:image id="DeleteCustDoc" source="/OA_MEDIA/deleteicon_enabled.gif" rendered="false"/>
                     </ui:contents>
                  </oa:column>
                  <oa:column id="EBillDetCol">
                     <ui:columnHeader>
                        <oa:sortableHeader id="sortableHeader7" prompt="eBill Main"/>
                     </ui:columnHeader>
                     <ui:contents>
                        <oa:switcher id="EBillDetSwitcher" viewAttr="Ebilldet">
                           <ui:case name="N">
                              <oa:image id="N" destination="" source="/OA_MEDIA/updateicon_disabled.gif"/>
                           </ui:case>
                           <ui:case name="Y">
                              <oa:image id="Y" destination="OA.jsp?page=/od/oracle/apps/xxcrm/cdh/ebl/eblmain/webui/ODEBillMainPG&amp;custAccountId={@CustAccountId}&amp;custDocId={@NExtAttr2}&amp;deliveryMethod={@CExtAttr3}&amp;retainAM=N&amp;addBreadCrumb=Y" source="/OA_MEDIA/updateicon_enabled.gif">
                                 <ui:primaryClientAction>
                                    <ui:fireAction event="Navigate">
                                       <ui:parameters>
                                          <ui:parameter key="CustDocID" value="${oa.current.NExtAttr2}"/>
                                          <ui:parameter key="DlyMtd" value="${oa.current.CExtAttr3}"/>
                                       </ui:parameters>
                                    </ui:fireAction>
                                 </ui:primaryClientAction>
                              </oa:image>
                           </ui:case>
                        </oa:switcher>
                     </ui:contents>
                  </oa:column>
                  <oa:formValue id="DocTypeFV" viewAttr="CExtAttr1"/>
                  <oa:formValue id="TermIDFV" dataType="NUMBER" viewAttr="NExtAttr18"/>
                  <oa:formValue id="ParentDocFV" viewAttr="NExtAttr15" dataType="NUMBER"/>
                  <oa:formValue id="PayFreqFV" viewAttr="Frequency"/>
                  <oa:formValue id="ParentCustDocFV" dataType="NUMBER" viewAttr="ParentCustDocID"/>
                  <oa:formValue id="frequencyFV" viewAttr="Frequency"/>
                  <oa:formValue id="PaymentTermFV" viewAttr="CExtAttr14"/>
               </ui:contents>
               <ui:tableActions>
                  <oa:flowLayout id="ButtonLayout">
                     <ui:contents>
                        <oa:submitButton id="AddRowButton" text="Add Row" prompt="Add Row">
                           <ui:primaryClientAction>
                              <ui:fireAction event="AddRow"/>
                           </ui:primaryClientAction>
                        </oa:submitButton>
                        <oa:submitButton id="Save" text="Save" prompt="Save">
                           <ui:primaryClientAction>
                              <ui:fireAction event="Save" id="fireAction2">
                                 <ui:parameters>
                                    <ui:parameter key="Save" value="Y"/>
                                 </ui:parameters>
                              </ui:fireAction>
                           </ui:primaryClientAction>
                        </oa:submitButton>
                        <oa:button id="Cancel" text="Cancel" prompt="Cancel">
                           <ui:primaryClientAction>
                              <ui:fireAction event="Cancel" unvalidated="true" id="fireAction1"/>
                           </ui:primaryClientAction>
                        </oa:button>
                        <oa:button id="Exceptions" prompt="Exceptions" destination="" rendered="true">
                           <ui:primaryClientAction>
                              <ui:fireAction event="Exception"/>
                           </ui:primaryClientAction>
                        </oa:button>
                        <oa:button id="Contact" destination="OA.jsp?page=/od/oracle/apps/xxcrm/asn/common/customer/webui/ODCtctCreatePG&amp;OAFunc=ASN_CTCTCREATEPG&amp;ASNReqFrmCustName=ARCH+COAL&amp;ASNReqFrmPgMode=CREATE&amp;ASNReqFrmFuncName=ASN_CTCTCREATEPG&amp;ASNReqFrmCustId=2753726&amp;retainAM=N&amp;addBreadCrumb=S" text="Contact" prompt="Contact" rendered="false"/>
                     </ui:contents>
                  </oa:flowLayout>
               </ui:tableActions>
               <ui:detail>
                  <oa:stackLayout id="CustDocDtlStkRN" rendered="true">
                     <ui:contents>
                        <oa:messageComponentLayout id="CustDocDetailsRN" columns="3" rows="4">
                           <ui:contents>
                              <oa:messageChoice id="DirectDoc" viewName="ODEbillCustDocVO" viewAttr="CExtAttr7" prompt="Direct Document" defaultValue="" pickListViewName="ODEBillCharYesNo" pickListDispAttr="Description" pickListValAttr="Code" disabled="${oa.current.Readonlyflag}" allowBlankValue="false"/>
                              <oa:messageLovInput id="PaymentTerm" viewName="ODEbillCustDocVO" viewAttr="CExtAttr14" prompt="Payment Term String" externalListOfValues="/od/oracle/apps/xxcrm/cdh/ebl/lov/webui/ODEBillPaymentTermLOVRN" required="no" disabled="${oa.current.Readonlyflag}">
                                 <lovMappings>
                                    <lovMap id="PaymentTermMap" lovItem="TermName" resultTo="PaymentTerm" criteriaFrom="PaymentTerm" useForValidation="default"/>
                                    <lovMap id="TermIDMap" lovItem="TermId" resultTo="Term" useForValidation="default"/>
                                    <lovMap id="FreqencyMap" lovItem="Attribute1" resultTo="frequencyFV"/>
                                    <lovMap id="ReportDayMap" lovItem="Attribute2" resultTo="ReportDay"/>
                                    <lovMap id="TermIDFVMap" lovItem="TermId" resultTo="TermIDFV"/>
                                    <lovMap id="FreqFVMap" lovItem="Attribute1" resultTo="PayFreqFV"/>
                                    <lovMap id="freqComboMap" lovItem="Attribute1" resultTo="FrequencyCombo"/>
                                    <lovMap id="payTermMap" lovItem="Attribute5" resultTo="PayTerm"/>
                                    <lovMap id="PaymentTermFVMap" lovItem="TermName" resultTo="PaymentTermFV" useForValidation="yes"/>
                                 </lovMappings>
                              </oa:messageLovInput>
                              <oa:messageStyledText id="PayTerm" prompt="Payment Term" styleClass="OraDataText" viewName="ODEbillCustDocVO" viewAttr="PayTerm"/>
                              <oa:messageTextInput id="Term" prompt="Payment Term" styleClass="OraDataText" dataType="NUMBER" viewName="ODEbillCustDocVO" viewAttr="NExtAttr18" disabled="${oa.current.Readonlyflag}" readOnly="true" rendered="false"/>
                              <oa:messageStyledText id="Frequency" prompt="Frequency" styleClass="OraDataText" viewName="ODEbillCustDocVO" viewAttr="Frequency" rendered="false"/>
                              <oa:messageChoice id="FrequencyCombo" prompt="Frequency" styleClass="OraDataText" viewName="ODEbillCustDocVO" viewAttr="Frequency" pickListViewName="ODEBillPaymentFreqPVO" pickListDispAttr="Description" pickListValAttr="Code" readOnly="true"/>
                              <oa:messageStyledText id="ReportDay" prompt="Report Day" styleClass="OraDataText" viewName="ODEbillCustDocVO" viewAttr="ReportDay"/>
                              <oa:messageTextInput id="Comments1" viewName="ODEbillCustDocVO" viewAttr="CExtAttr17" prompt="Comments 1" disabled="false" rendered="false"/>
                              <oa:messageTextInput id="Comments2" viewName="ODEbillCustDocVO" viewAttr="CExtAttr18" prompt="Comments 2" rendered="false"/>
                              <oa:messageTextInput id="Comments3" viewName="ODEbillCustDocVO" viewAttr="CExtAttr19" prompt="Comments 3" rendered="false"/>
                              <oa:messageTextInput id="Comments4" viewName="ODEbillCustDocVO" viewAttr="CExtAttr20" prompt="Comments 4" rendered="false"/>
                              <oa:messageTextInput id="SpecialHandling" viewName="ODEbillCustDocVO" viewAttr="CExtAttr4" prompt="Special Handling" disabled="${oa.current.Readonlyflag}"/>
                              <oa:messageChoice id="IsParent" viewName="ODEbillCustDocVO" viewAttr="NExtAttr17" prompt="Is Parent" dataType="NUMBER" defaultValue="0" disabled="${oa.current.Readonlyflag}" pickListViewName="ODEBillNumYesNoPVO" pickListDispAttr="Description" pickListValAttr="Code" allowBlankValue="false"/>
                              <oa:messageChoice id="SendToParent" viewName="ODEbillCustDocVO" viewAttr="NExtAttr16" prompt="Send To Parent" defaultValue="0" dataType="NUMBER" disabled="${oa.current.Readonlyflag}" pickListViewName="ODEBillNumYesNoPVO" pickListDispAttr="Description" pickListValAttr="Code" allowBlankValue="false">
                                 <ui:primaryClientAction>
                                    <ui:firePartialAction/>
                                 </ui:primaryClientAction>
                              </oa:messageChoice>
                              <oa:messageLovInput id="ParentDocument" viewName="ODEbillCustDocVO" viewAttr="NExtAttr15" prompt="Parent Doc ID" rendered="true" dataType="NUMBER" externalListOfValues="/od/oracle/apps/xxcrm/cdh/ebl/lov/webui/ODEBillParentIdLOVRN" disabled="${oa.current.Readonlyflag}" columns="12">
                                 <lovMappings>
                                    <lovMap id="ParentDocIDMap" lovItem="CustDocId" resultTo="ParentDocument" criteriaFrom="ParentDocument"/>
                                    <lovMap id="ParentDocFVmap" lovItem="CustDocId" resultTo="ParentDocFV"/>
                                    <lovMap id="ParentCustDocFVMap" lovItem="CustAccountId" resultTo="ParentCustDocFV"/>
                                 </lovMappings>
                              </oa:messageLovInput>
                              <oa:messageChoice id="ComboType" viewName="ODEbillCustDocVO" viewAttr="CExtAttr13" prompt="Combo Type" pickListViewName="ODEBillComboPVO" pickListViewDef="" pickListDispAttr="Description" pickListValAttr="Code" disabled="${oa.current.Readonlyflag}"/>
                              <oa:messageTextInput id="MailToAttention" viewName="ODEbillCustDocVO" viewAttr="CExtAttr15" prompt="Mail To Attention" disabled="false"/>
                              <oa:messageChoice id="EbillStatus" dataType="VARCHAR2" prompt="Status" viewName="ODEbillCustDocVO" viewAttr="CExtAttr16" rendered="true" pickListViewName="ODEBillDocStatusPVO" pickListDispAttr="Meaning" pickListValAttr="Code" disabled="false" readOnly="true" styleClass="OraDataText"/>
                              <oa:messageTextInput id="CustReqStartDate" viewName="ODEbillCustDocVO" dataType="DATE" viewAttr="DExtAttr9" prompt="Request Start Date" disabled="${oa.current.Readonlyflag}" required="yes"/>
                              <oa:messageTextInput id="CustReqEndDate" viewName="ODEbillCustDocVO" dataType="DATE" viewAttr="DExtAttr10" prompt="Request End Date" disabled="${oa.current.Paydocind}"/>
                              <oa:messageTextInput id="EffFromDate" dataType="DATE" viewName="ODEbillCustDocVO" viewAttr="DExtAttr1" prompt="Effective Start Date" readOnly="false" disabled="${oa.current.Supusr}"/>
                              <oa:messageTextInput id="EffToDate" dataType="DATE" viewName="ODEbillCustDocVO" viewAttr="DExtAttr2" prompt="Effective End Date" readOnly="false" disabled="${oa.current.Supusrend}"/>
                           </ui:contents>
                        </oa:messageComponentLayout>
                     </ui:contents>
                  </oa:stackLayout>
               </ui:detail>
               <ui:footer>
                  <oa:tableFooter id="tableFooter1">
                     <ui:contents>
                        <oa:rawText id="item1" text="* Indicates Required Field"/>
                     </ui:contents>
                  </oa:tableFooter>
               </ui:footer>
            </oa:advancedTable>
         </ui:contents>
      </oa:pageLayout>
   </content>
</page>
