<?xml version = '1.0' encoding = 'UTF-8'?>
<dimensions xmlns="http://xmlns.oracle.com/metadata" xml:lang="en-US">
   <dimension id="XXBI_CUST_CLASSIFICATION_DIM" objectName="XXBI_CUST_CLASSIFICATION_DIM" application="XXCRM" createdBy="539150" creationDate="2010-04-30T14:38:07" lastUpdatedBy="539150" lastUpdateDate="2010-04-30T14:38:07" lastUpdateLogin="11182831" enabled="true" obsolete="false" systemMaintained="false" isTimeDimension="false">
      <displayName id="XXBI_CUST_CLASSIFICATION_DIMDisplayNameId">XXBI_CUST_CLASSIFICATION_DIM</displayName>
      <description id="XXBI_CUST_CLASSIFICATION_DIMDescriptionId">Customer or Prospect</description>
      <dimensionLevels>
         <dimensionLevel id="XXBI_CUST_CLASSIFICATION_DO" objectName="XXBI_CUST_CLASSIFICATION_DO" application="XXCRM" createdBy="539150" creationDate="2010-04-30T14:38:08" lastUpdatedBy="539150" lastUpdateDate="2010-04-30T14:46:30" lastUpdateLogin="11182831" enabled="true" obsolete="false" systemMaintained="false" graphSortType="VALUE_DESC" allValueLabel="All" compValueLabel="Comparison">
            <displayName id="XXBI_CUST_CLASSIFICATION_DODisplayNameId">Customer/Prospect</displayName>
            <description id="XXBI_CUST_CLASSIFICATION_DODescriptionId">Customer or Prospect</description>
            <valueSource>
               <dataSource>
                  <table>XXBI_CUST_CLASSIFICATION_DIM_V</table>
               </dataSource>
               <column columnName="ID"/>
               <prototypeData>
                  <character id="XXBI_CUST_CLASSIFICATION_DOPrototypeData" prefix="XXBI_CUS"/>
               </prototypeData>
            </valueSource>
            <idColumn columnName="ID"/>
            <nameColumn columnName="NAME"/>
            <sortColumn columnName="NAME"/>
            <dimensionLevelRelationships/>
         </dimensionLevel>
      </dimensionLevels>
   </dimension>
   <dimension id="XXBI_OPPTY_AMT_RANGES_DIM" objectName="XXBI_OPPTY_AMT_RANGES_DIM" application="XXCRM" createdBy="539150" creationDate="2010-04-30T15:05:05" lastUpdatedBy="539150" lastUpdateDate="2010-04-30T15:05:05" lastUpdateLogin="11182831" enabled="true" obsolete="false" systemMaintained="false" isTimeDimension="false">
      <displayName id="XXBI_OPPTY_AMT_RANGES_DIMDisplayNameId">XXBI_OPPTY_AMT_RANGES_DIM</displayName>
      <description id="XXBI_OPPTY_AMT_RANGES_DIMDescriptionId">Opportunity Amount Ranges</description>
      <dimensionLevels>
         <dimensionLevel id="XXBI_OPPTY_AMT_RANGES_DO" objectName="XXBI_OPPTY_AMT_RANGES_DO" application="XXCRM" createdBy="539150" creationDate="2010-04-30T15:05:05" lastUpdatedBy="539150" lastUpdateDate="2010-04-30T15:05:05" lastUpdateLogin="11182831" enabled="true" obsolete="false" systemMaintained="false" graphSortType="VALUE_ASC" allValueLabel="All" compValueLabel="Comparison">
            <displayName id="XXBI_OPPTY_AMT_RANGES_DODisplayNameId">XXBI_OPPTY_AMT_RANGES_DO</displayName>
            <description id="XXBI_OPPTY_AMT_RANGES_DODescriptionId">Opportunity Amount Ranges</description>
            <valueSource>
               <dataSource>
                  <table>XXBI_OPPTY_AMT_RANGES_DIM_V</table>
               </dataSource>
               <column columnName="ID"/>
               <prototypeData>
                  <character id="XXBI_OPPTY_AMT_RANGES_DOPrototypeData" prefix="XXBI_OPP"/>
               </prototypeData>
            </valueSource>
            <idColumn columnName="ID"/>
            <nameColumn columnName="NAME"/>
            <sortColumn columnName="NAME"/>
            <dimensionLevelRelationships/>
         </dimensionLevel>
      </dimensionLevels>
   </dimension>
   <dimension id="XXBI_OPPTY_CLOSE_REASON_DIM" objectName="XXBI_OPPTY_CLOSE_REASON_DIM" application="XXCRM" createdBy="996429" creationDate="2009-06-09T12:16:30" lastUpdatedBy="996429" lastUpdateDate="2009-06-09T12:16:30" lastUpdateLogin="5807056" enabled="true" obsolete="false" systemMaintained="false" isTimeDimension="false">
      <displayName id="XXBI_OPPTY_CLOSE_REASON_DIMDisplayNameId">XXBI_OPPTY_CLOSE_REASON_DIM</displayName>
      <description id="XXBI_OPPTY_CLOSE_REASON_DIMDescriptionId">OD: Opportunity Close Reasons</description>
      <dimensionLevels>
         <dimensionLevel id="XXBI_OPPTY_CLOSE_REASON_DO" objectName="XXBI_OPPTY_CLOSE_REASON_DO" application="XXCRM" createdBy="996429" creationDate="2009-06-09T12:16:30" lastUpdatedBy="996429" lastUpdateDate="2009-06-09T12:16:30" lastUpdateLogin="5807056" enabled="true" obsolete="false" systemMaintained="false" graphSortType="VALUE_DESC" allValueLabel="All" compValueLabel="Comparison">
            <displayName id="XXBI_OPPTY_CLOSE_REASON_DODisplayNameId">XXBI_OPPTY_CLOSE_REASON_DO</displayName>
            <description id="XXBI_OPPTY_CLOSE_REASON_DODescriptionId">OD: Opportunity Close Reasons DO</description>
            <valueSource>
               <dataSource>
                  <table>XXBI_OPPTY_CLOSE_REASON_DIM_V</table>
               </dataSource>
               <column columnName="ID"/>
               <prototypeData>
                  <character id="XXBI_OPPTY_CLOSE_REASON_DOPrototypeData" prefix="XXBI_OPP"/>
               </prototypeData>
            </valueSource>
            <idColumn columnName="ID"/>
            <nameColumn columnName="NAME"/>
            <sortColumn columnName="NAME"/>
            <dimensionLevelRelationships/>
         </dimensionLevel>
      </dimensionLevels>
   </dimension>
   <dimension id="XXBI_OPPTY_AGE_BUCKETS_DIM" objectName="XXBI_OPPTY_AGE_BUCKETS_DIM" application="XXCRM" createdBy="996429" creationDate="2009-06-09T12:16:30" lastUpdatedBy="996429" lastUpdateDate="2009-06-09T12:16:30" lastUpdateLogin="5807056" enabled="true" obsolete="false" systemMaintained="false" isTimeDimension="false">
      <displayName id="XXBI_OPPTY_AGE_BUCKETS_DIMDisplayNameId">XXBI_OPPTY_AGE_BUCKETS_DIM</displayName>
      <description id="XXBI_OPPTY_AGE_BUCKETS_DIMDescriptionId">OD: Opportunity Age Buckets Dim</description>
      <dimensionLevels>
         <dimensionLevel id="XXBI_OPPTY_AGE_BUCKETS_DO" objectName="XXBI_OPPTY_AGE_BUCKETS_DO" application="XXCRM" createdBy="996429" creationDate="2009-06-09T12:16:30" lastUpdatedBy="996429" lastUpdateDate="2009-06-09T12:16:30" lastUpdateLogin="5807056" enabled="true" obsolete="false" systemMaintained="false" graphSortType="VALUE_DESC" allValueLabel="All" compValueLabel="Comparison">
            <displayName id="XXBI_OPPTY_AGE_BUCKETS_DODisplayNameId">XXBI_OPPTY_AGE_BUCKETS_DO</displayName>
            <description id="XXBI_OPPTY_AGE_BUCKETS_DODescriptionId">OD: Opportunity Age Buckets Dimension Object
</description>
            <valueSource>
               <dataSource>
                  <table>XXBI_OPPTY_AGE_BUCKETS_MV</table>
               </dataSource>
               <column columnName="ID"/>
               <prototypeData>
                  <character id="XXBI_OPPTY_AGE_BUCKETS_DOPrototypeData" prefix="XXBI_OPP"/>
               </prototypeData>
            </valueSource>
            <idColumn columnName="ID"/>
            <nameColumn columnName="NAME"/>
            <sortColumn columnName="NAME"/>
            <dimensionLevelRelationships/>
         </dimensionLevel>
      </dimensionLevels>
   </dimension>
   <dimension id="XXBI_SOURCE_PROMOTIONS_DIM" objectName="XXBI_SOURCE_PROMOTIONS_DIM" application="XXCRM" createdBy="996429" creationDate="2009-06-09T12:14:24" lastUpdatedBy="996429" lastUpdateDate="2009-06-09T12:14:24" lastUpdateLogin="5807056" enabled="true" obsolete="false" systemMaintained="false" isTimeDimension="false">
      <displayName id="XXBI_SOURCE_PROMOTIONS_DIMDisplayNameId">XXBI_SOURCE_PROMOTIONS_DIM</displayName>
      <dimensionLevels>
         <dimensionLevel id="XXBI_SOURCE_PROMOTIONS_DO" objectName="XXBI_SOURCE_PROMOTIONS_DO" application="XXCRM" createdBy="996429" creationDate="2009-06-09T12:14:24" lastUpdatedBy="996429" lastUpdateDate="2009-06-09T12:14:24" lastUpdateLogin="5807056" enabled="true" obsolete="false" systemMaintained="false" graphSortType="VALUE_DESC" allValueLabel="All" compValueLabel="Comparison">
            <displayName id="XXBI_SOURCE_PROMOTIONS_DODisplayNameId">XXBI_SOURCE_PROMOTIONS_DO</displayName>
            <description id="XXBI_SOURCE_PROMOTIONS_DODescriptionId">Source Promotion Dimension For Leads
</description>
            <valueSource>
               <dataSource>
                  <table>XXBI_SOURCE_PROMOTIONS_DIM_V</table>
               </dataSource>
               <column columnName="ID"/>
               <prototypeData>
                  <character id="XXBI_SOURCE_PROMOTIONS_DOPrototypeData" prefix="XXBI_SOU"/>
               </prototypeData>
            </valueSource>
            <idColumn columnName="ID"/>
            <nameColumn columnName="NAME"/>
            <sortColumn columnName="NAME"/>
            <dimensionLevelRelationships/>
         </dimensionLevel>
      </dimensionLevels>
   </dimension>
   <dimension id="XXBI_OPPTY_STATUS_DIM" objectName="XXBI_OPPTY_STATUS_DIM" application="XXCRM" createdBy="996429" creationDate="2009-06-09T12:16:30" lastUpdatedBy="996429" lastUpdateDate="2009-06-09T12:16:30" lastUpdateLogin="5807056" enabled="true" obsolete="false" systemMaintained="false" isTimeDimension="false">
      <displayName id="XXBI_OPPTY_STATUS_DIMDisplayNameId">XXBI_OPPTY_STATUS_DIM</displayName>
      <description id="XXBI_OPPTY_STATUS_DIMDescriptionId">OD: Opportunity Status Dim</description>
      <dimensionLevels>
         <dimensionLevel id="XXBI_OPPTY_STATUS_DO" objectName="XXBI_OPPTY_STATUS_DO" application="XXCRM" createdBy="996429" creationDate="2009-06-09T12:16:30" lastUpdatedBy="996429" lastUpdateDate="2009-06-09T12:16:30" lastUpdateLogin="5807056" enabled="true" obsolete="false" systemMaintained="false" graphSortType="VALUE_DESC" allValueLabel="All" compValueLabel="Comparison">
            <displayName id="XXBI_OPPTY_STATUS_DODisplayNameId">XXBI_OPPTY_STATUS_DO</displayName>
            <description id="XXBI_OPPTY_STATUS_DODescriptionId">OD: Opportunity Status DO</description>
            <valueSource>
               <dataSource>
                  <table>XXBI_OPPTY_STATUS_DIM_V</table>
               </dataSource>
               <column columnName="ID"/>
               <prototypeData>
                  <character id="XXBI_OPPTY_STATUS_DOPrototypeData" prefix="XXBI_OPP"/>
               </prototypeData>
            </valueSource>
            <idColumn columnName="ID"/>
            <nameColumn columnName="NAME"/>
            <sortColumn columnName="NAME"/>
            <dimensionLevelRelationships/>
         </dimensionLevel>
      </dimensionLevels>
   </dimension>
   <dimension id="XXBI_OPPTY_WIN_PRBLT_DIM" objectName="XXBI_OPPTY_WIN_PRBLT_DIM" application="XXCRM" createdBy="539150" creationDate="2010-04-30T15:05:05" lastUpdatedBy="539150" lastUpdateDate="2010-04-30T15:05:05" lastUpdateLogin="11182831" enabled="true" obsolete="false" systemMaintained="false" isTimeDimension="false">
      <displayName id="XXBI_OPPTY_WIN_PRBLT_DIMDisplayNameId">XXBI_OPPTY_WIN_PRBLT_DIM</displayName>
      <description id="XXBI_OPPTY_WIN_PRBLT_DIMDescriptionId">Opportunity Win Probability</description>
      <dimensionLevels>
         <dimensionLevel id="XXBI_OPPTY_WIN_PRBLT_DO" objectName="XXBI_OPPTY_WIN_PRBLT_DO" application="XXCRM" createdBy="539150" creationDate="2010-04-30T15:05:05" lastUpdatedBy="539150" lastUpdateDate="2010-04-30T15:05:05" lastUpdateLogin="11182831" enabled="true" obsolete="false" systemMaintained="false" graphSortType="VALUE_DESC" allValueLabel="All" compValueLabel="Comparison">
            <displayName id="XXBI_OPPTY_WIN_PRBLT_DODisplayNameId">XXBI_OPPTY_WIN_PRBLT_DO</displayName>
            <description id="XXBI_OPPTY_WIN_PRBLT_DODescriptionId">Opportunity Win Probability</description>
            <valueSource>
               <dataSource>
                  <table>XXBI_OPPTY_WIN_PRBLT_V</table>
               </dataSource>
               <column columnName="ID"/>
               <prototypeData>
                  <character id="XXBI_OPPTY_WIN_PRBLT_DOPrototypeData" prefix="XXBI_OPP"/>
               </prototypeData>
            </valueSource>
            <idColumn columnName="ID"/>
            <nameColumn columnName="NAME"/>
            <sortColumn columnName="NAME"/>
            <dimensionLevelRelationships/>
         </dimensionLevel>
      </dimensionLevels>
   </dimension>
   <parameterGroups>
      <parameterGroup id="XXBI_CUST_CLASSIFICATION_DIM" objectName="XXBI_CUST_CLASSIFICATION_DIM" enabled="true" obsolete="false">
         <displayName id="XXBI_CUST_CLASSIFICATION_DIMDisplayNameId">XXBI_CUST_CLASSIFICATION_DIM</displayName>
         <description id="XXBI_CUST_CLASSIFICATION_DIMDescriptionId">Customer or Prospect</description>
         <parameters>
            <parameter dimensionName="XXBI_CUST_CLASSIFICATION_DIM" dimensionLevelName="XXBI_CUST_CLASSIFICATION_DO" allEnabled="true" viewByEnabled="true" displayTypeWhenAllValuesInParent="DISPLAY" displayTypeWhenNoValuesAvailable="DISPLAY" whereClause="">
               <defaultValue>
                  <literal>ALL</literal>
               </defaultValue>
            </parameter>
         </parameters>
      </parameterGroup>
      <parameterGroup id="XXBI_OPPTY_AMT_RANGES_DIM" objectName="XXBI_OPPTY_AMT_RANGES_DIM" enabled="true" obsolete="false">
         <displayName id="XXBI_OPPTY_AMT_RANGES_DIMDisplayNameId">XXBI_OPPTY_AMT_RANGES_DIM</displayName>
         <description id="XXBI_OPPTY_AMT_RANGES_DIMDescriptionId">Opportunity Amount Ranges</description>
         <parameters>
            <parameter dimensionName="XXBI_OPPTY_AMT_RANGES_DIM" dimensionLevelName="XXBI_OPPTY_AMT_RANGES_DO" allEnabled="true" viewByEnabled="true" displayTypeWhenAllValuesInParent="DISPLAY" displayTypeWhenNoValuesAvailable="DISPLAY" whereClause="">
               <defaultValue>
                  <literal>ALL</literal>
               </defaultValue>
            </parameter>
         </parameters>
      </parameterGroup>
      <parameterGroup id="XXBI_OPPTY_CLOSE_REASON_DIM" objectName="XXBI_OPPTY_CLOSE_REASON_DIM" enabled="true" obsolete="false">
         <displayName id="XXBI_OPPTY_CLOSE_REASON_DIMDisplayNameId">XXBI_OPPTY_CLOSE_REASON_DIM</displayName>
         <description id="XXBI_OPPTY_CLOSE_REASON_DIMDescriptionId">OD: Opportunity Close Reasons</description>
         <parameters>
            <parameter dimensionName="XXBI_OPPTY_CLOSE_REASON_DIM" dimensionLevelName="XXBI_OPPTY_CLOSE_REASON_DO" allEnabled="true" viewByEnabled="true" displayTypeWhenAllValuesInParent="DISPLAY" displayTypeWhenNoValuesAvailable="DISPLAY" whereClause="">
               <defaultValue>
                  <literal>ALL</literal>
               </defaultValue>
            </parameter>
         </parameters>
      </parameterGroup>
      <parameterGroup id="XXBI_OPPTY_AGE_BUCKETS_DIM" objectName="XXBI_OPPTY_AGE_BUCKETS_DIM" enabled="true" obsolete="false">
         <displayName id="XXBI_OPPTY_AGE_BUCKETS_DIMDisplayNameId">XXBI_OPPTY_AGE_BUCKETS_DIM</displayName>
         <description id="XXBI_OPPTY_AGE_BUCKETS_DIMDescriptionId">OD: Opportunity Age Buckets Dim</description>
         <parameters>
            <parameter dimensionName="XXBI_OPPTY_AGE_BUCKETS_DIM" dimensionLevelName="XXBI_OPPTY_AGE_BUCKETS_DO" allEnabled="true" viewByEnabled="true" displayTypeWhenAllValuesInParent="DISPLAY" displayTypeWhenNoValuesAvailable="DISPLAY" whereClause="">
               <defaultValue>
                  <literal>ALL</literal>
               </defaultValue>
            </parameter>
         </parameters>
      </parameterGroup>
      <parameterGroup id="XXBI_SOURCE_PROMOTIONS_DIM" objectName="XXBI_SOURCE_PROMOTIONS_DIM" enabled="true" obsolete="false">
         <displayName id="XXBI_SOURCE_PROMOTIONS_DIMDisplayNameId">XXBI_SOURCE_PROMOTIONS_DIM</displayName>
         <description id="XXBI_SOURCE_PROMOTIONS_DIMDescriptionId"/>
         <parameters>
            <parameter dimensionName="XXBI_SOURCE_PROMOTIONS_DIM" dimensionLevelName="XXBI_SOURCE_PROMOTIONS_DO" allEnabled="true" viewByEnabled="true" displayTypeWhenAllValuesInParent="DISPLAY" displayTypeWhenNoValuesAvailable="DISPLAY" whereClause="">
               <defaultValue>
                  <literal>ALL</literal>
               </defaultValue>
            </parameter>
         </parameters>
      </parameterGroup>
      <parameterGroup id="XXBI_OPPTY_STATUS_DIM" objectName="XXBI_OPPTY_STATUS_DIM" enabled="true" obsolete="false">
         <displayName id="XXBI_OPPTY_STATUS_DIMDisplayNameId">XXBI_OPPTY_STATUS_DIM</displayName>
         <description id="XXBI_OPPTY_STATUS_DIMDescriptionId">OD: Opportunity Status Dim</description>
         <parameters>
            <parameter dimensionName="XXBI_OPPTY_STATUS_DIM" dimensionLevelName="XXBI_OPPTY_STATUS_DO" allEnabled="true" viewByEnabled="true" displayTypeWhenAllValuesInParent="DISPLAY" displayTypeWhenNoValuesAvailable="DISPLAY" whereClause="">
               <defaultValue>
                  <literal>ALL</literal>
               </defaultValue>
            </parameter>
         </parameters>
      </parameterGroup>
      <parameterGroup id="XXBI_OPPTY_WIN_PRBLT_DIM" objectName="XXBI_OPPTY_WIN_PRBLT_DIM" enabled="true" obsolete="false">
         <displayName id="XXBI_OPPTY_WIN_PRBLT_DIMDisplayNameId">XXBI_OPPTY_WIN_PRBLT_DIM</displayName>
         <description id="XXBI_OPPTY_WIN_PRBLT_DIMDescriptionId">Opportunity Win Probability</description>
         <parameters>
            <parameter dimensionName="XXBI_OPPTY_WIN_PRBLT_DIM" dimensionLevelName="XXBI_OPPTY_WIN_PRBLT_DO" allEnabled="true" viewByEnabled="true" displayTypeWhenAllValuesInParent="DISPLAY" displayTypeWhenNoValuesAvailable="DISPLAY" whereClause="">
               <defaultValue>
                  <literal>ALL</literal>
               </defaultValue>
            </parameter>
         </parameters>
      </parameterGroup>
      <parameterGroup id="XXBI_OPPTY_RPRT_SMRY_REP" objectName="XXBI_OPPTY_RPRT_SMRY_REP" enabled="true" obsolete="false">
         <displayName id="XXBI_OPPTY_RPRT_SMRY_REPDisplayNameId">Opportunities Summary 1272654497358</displayName>
         <description id="XXBI_OPPTY_RPRT_SMRY_REPDescriptionId"/>
         <parameters>
            <parameter dimensionName="XXBI_CUST_CLASSIFICATION_DIM" dimensionLevelName="XXBI_CUST_CLASSIFICATION_DO" allEnabled="true" viewByEnabled="true" displayTypeWhenAllValuesInParent="DISPLAY" displayTypeWhenNoValuesAvailable="DISPLAY" whereClause="">
               <defaultValue>
                  <literal>ALL</literal>
               </defaultValue>
            </parameter>
            <parameter dimensionName="XXBI_OPPTY_AMT_RANGES_DIM" dimensionLevelName="XXBI_OPPTY_AMT_RANGES_DO" allEnabled="true" viewByEnabled="true" displayTypeWhenAllValuesInParent="DISPLAY" displayTypeWhenNoValuesAvailable="DISPLAY" whereClause="">
               <defaultValue>
                  <literal>ALL</literal>
               </defaultValue>
            </parameter>
            <parameter dimensionName="XXBI_OPPTY_CLOSE_REASON_DIM" dimensionLevelName="XXBI_OPPTY_CLOSE_REASON_DO" allEnabled="true" viewByEnabled="true" displayTypeWhenAllValuesInParent="DISPLAY" displayTypeWhenNoValuesAvailable="DISPLAY" whereClause="">
               <defaultValue>
                  <literal>ALL</literal>
               </defaultValue>
            </parameter>
            <parameter dimensionName="XXBI_OPPTY_AGE_BUCKETS_DIM" dimensionLevelName="XXBI_OPPTY_AGE_BUCKETS_DO" allEnabled="true" viewByEnabled="true" displayTypeWhenAllValuesInParent="DISPLAY" displayTypeWhenNoValuesAvailable="DISPLAY" whereClause="">
               <defaultValue>
                  <literal>ALL</literal>
               </defaultValue>
            </parameter>
            <parameter dimensionName="XXBI_SOURCE_PROMOTIONS_DIM" dimensionLevelName="XXBI_SOURCE_PROMOTIONS_DO" allEnabled="true" viewByEnabled="true" displayTypeWhenAllValuesInParent="DISPLAY" displayTypeWhenNoValuesAvailable="DISPLAY" whereClause="">
               <defaultValue>
                  <literal>ALL</literal>
               </defaultValue>
            </parameter>
            <parameter dimensionName="XXBI_OPPTY_STATUS_DIM" dimensionLevelName="XXBI_OPPTY_STATUS_DO" allEnabled="true" viewByEnabled="true" displayTypeWhenAllValuesInParent="DISPLAY" displayTypeWhenNoValuesAvailable="DISPLAY" whereClause="">
               <defaultValue>
                  <literal>ALL</literal>
               </defaultValue>
            </parameter>
            <parameter dimensionName="XXBI_OPPTY_WIN_PRBLT_DIM" dimensionLevelName="XXBI_OPPTY_WIN_PRBLT_DO" allEnabled="true" viewByEnabled="true" displayTypeWhenAllValuesInParent="DISPLAY" displayTypeWhenNoValuesAvailable="DISPLAY" whereClause="">
               <defaultValue>
                  <literal>ALL</literal>
               </defaultValue>
            </parameter>
         </parameters>
      </parameterGroup>
   </parameterGroups>
</dimensions>
