<?xml version="1.0" encoding='windows-1252'?>
<!DOCTYPE ViewObject SYSTEM "jbo_03_01.dtd">

<ViewObject
   Name="ODEBillStdAggrDtlVO"
   SelectList="ODEBillStdAggrDtlEO.EBL_AGGR_ID, 
       ODEBillStdAggrDtlEO.CUST_DOC_ID, 

       ODEBillStdAggrDtlEO.AGGR_FUN, 
       ODEBillStdAggrDtlEO.AGGR_FIELD_ID, 

       ODEBillStdAggrDtlEO.CHANGE_FIELD_ID, 
       ODEBillStdAggrDtlEO.LABEL_ON_FILE, 

       ODEBillStdAggrDtlEO.ATTRIBUTE1, 
       ODEBillStdAggrDtlEO.ATTRIBUTE2, 

       ODEBillStdAggrDtlEO.ATTRIBUTE3, 
       ODEBillStdAggrDtlEO.ATTRIBUTE4, 

       ODEBillStdAggrDtlEO.ATTRIBUTE5, 
       ODEBillStdAggrDtlEO.ATTRIBUTE6, 

       ODEBillStdAggrDtlEO.ATTRIBUTE7, 
       ODEBillStdAggrDtlEO.ATTRIBUTE8, 

       ODEBillStdAggrDtlEO.ATTRIBUTE9, 
       ODEBillStdAggrDtlEO.ATTRIBUTE10, 

       ODEBillStdAggrDtlEO.ATTRIBUTE11, 
       ODEBillStdAggrDtlEO.ATTRIBUTE12, 

       ODEBillStdAggrDtlEO.ATTRIBUTE13, 
       ODEBillStdAggrDtlEO.ATTRIBUTE14, 

       ODEBillStdAggrDtlEO.ATTRIBUTE15, 
       ODEBillStdAggrDtlEO.ATTRIBUTE16, 

       ODEBillStdAggrDtlEO.ATTRIBUTE17, 
       ODEBillStdAggrDtlEO.ATTRIBUTE18, 

       ODEBillStdAggrDtlEO.ATTRIBUTE19, 
       ODEBillStdAggrDtlEO.ATTRIBUTE20"
   FromList="XX_CDH_EBL_STD_AGGR_DTL ODEBillStdAggrDtlEO"
   BindingStyle="Oracle"
   CustomQuery="false"
   RowClass="od.oracle.apps.xxcrm.cdh.ebl.eblmain.server.ODEBillStdAggrDtlVORowImpl"
   ComponentClass="oracle.apps.fnd.framework.server.OAViewObjectImpl"
   MsgBundleClass="oracle.jbo.common.JboResourceBundle"
   UseGlueCode="false" >
   <DesignTime>
      <Attr Name="_isCodegen" Value="true" />
      <Attr Name="_version" Value="9.0.3.12.53" />
      <Attr Name="_CodeGenFlagNew" Value="4" />
   </DesignTime>
   <EntityUsage
      Name="ODEBillStdAggrDtlEO"
      Entity="od.oracle.apps.xxcrm.cdh.ebl.eblmain.schema.server.ODEBillStdAggrDtlEO" >
      <DesignTime>
         <Attr Name="_EntireObjectTable" Value="false" />
         <Attr Name="_queryClause" Value="false" />
      </DesignTime>
   </EntityUsage>
   <ViewAttribute
      Name="EblAggrId"
      IsNotNull="true"
      EntityAttrName="EblAggrId"
      EntityUsage="ODEBillStdAggrDtlEO"
      AliasName="EBL_AGGR_ID"
      ColumnType="VARCHAR2" >
   </ViewAttribute>
   <ViewAttribute
      Name="CustDocId"
      IsNotNull="true"
      EntityAttrName="CustDocId"
      EntityUsage="ODEBillStdAggrDtlEO"
      AliasName="CUST_DOC_ID"
      ColumnType="VARCHAR2" >
   </ViewAttribute>
   <ViewAttribute
      Name="AggrFun"
      IsNotNull="true"
      EntityAttrName="AggrFun"
      EntityUsage="ODEBillStdAggrDtlEO"
      AliasName="AGGR_FUN"
      ColumnType="VARCHAR2" >
   </ViewAttribute>
   <ViewAttribute
      Name="AggrFieldId"
      IsNotNull="true"
      EntityAttrName="AggrFieldId"
      EntityUsage="ODEBillStdAggrDtlEO"
      AliasName="AGGR_FIELD_ID"
      ColumnType="VARCHAR2" >
   </ViewAttribute>
   <ViewAttribute
      Name="ChangeFieldId"
      EntityAttrName="ChangeFieldId"
      EntityUsage="ODEBillStdAggrDtlEO"
      AliasName="CHANGE_FIELD_ID"
      ColumnType="VARCHAR2" >
   </ViewAttribute>
   <ViewAttribute
      Name="LabelOnFile"
      EntityAttrName="LabelOnFile"
      EntityUsage="ODEBillStdAggrDtlEO"
      AliasName="LABEL_ON_FILE"
      ColumnType="VARCHAR2" >
   </ViewAttribute>
   <ViewAttribute
      Name="Attribute1"
      EntityAttrName="Attribute1"
      EntityUsage="ODEBillStdAggrDtlEO"
      AliasName="ATTRIBUTE1"
      ColumnType="VARCHAR2" >
   </ViewAttribute>
   <ViewAttribute
      Name="Attribute2"
      EntityAttrName="Attribute2"
      EntityUsage="ODEBillStdAggrDtlEO"
      AliasName="ATTRIBUTE2"
      ColumnType="VARCHAR2" >
   </ViewAttribute>
   <ViewAttribute
      Name="Attribute3"
      EntityAttrName="Attribute3"
      EntityUsage="ODEBillStdAggrDtlEO"
      AliasName="ATTRIBUTE3"
      ColumnType="VARCHAR2" >
   </ViewAttribute>
   <ViewAttribute
      Name="Attribute4"
      EntityAttrName="Attribute4"
      EntityUsage="ODEBillStdAggrDtlEO"
      AliasName="ATTRIBUTE4"
      ColumnType="VARCHAR2" >
   </ViewAttribute>
   <ViewAttribute
      Name="Attribute5"
      EntityAttrName="Attribute5"
      EntityUsage="ODEBillStdAggrDtlEO"
      AliasName="ATTRIBUTE5"
      ColumnType="VARCHAR2" >
   </ViewAttribute>
   <ViewAttribute
      Name="Attribute6"
      EntityAttrName="Attribute6"
      EntityUsage="ODEBillStdAggrDtlEO"
      AliasName="ATTRIBUTE6"
      ColumnType="VARCHAR2" >
   </ViewAttribute>
   <ViewAttribute
      Name="Attribute7"
      EntityAttrName="Attribute7"
      EntityUsage="ODEBillStdAggrDtlEO"
      AliasName="ATTRIBUTE7"
      ColumnType="VARCHAR2" >
   </ViewAttribute>
   <ViewAttribute
      Name="Attribute8"
      EntityAttrName="Attribute8"
      EntityUsage="ODEBillStdAggrDtlEO"
      AliasName="ATTRIBUTE8"
      ColumnType="VARCHAR2" >
   </ViewAttribute>
   <ViewAttribute
      Name="Attribute9"
      EntityAttrName="Attribute9"
      EntityUsage="ODEBillStdAggrDtlEO"
      AliasName="ATTRIBUTE9"
      ColumnType="VARCHAR2" >
   </ViewAttribute>
   <ViewAttribute
      Name="Attribute10"
      EntityAttrName="Attribute10"
      EntityUsage="ODEBillStdAggrDtlEO"
      AliasName="ATTRIBUTE10"
      ColumnType="VARCHAR2" >
   </ViewAttribute>
   <ViewAttribute
      Name="Attribute11"
      EntityAttrName="Attribute11"
      EntityUsage="ODEBillStdAggrDtlEO"
      AliasName="ATTRIBUTE11"
      ColumnType="VARCHAR2" >
   </ViewAttribute>
   <ViewAttribute
      Name="Attribute12"
      EntityAttrName="Attribute12"
      EntityUsage="ODEBillStdAggrDtlEO"
      AliasName="ATTRIBUTE12"
      ColumnType="VARCHAR2" >
   </ViewAttribute>
   <ViewAttribute
      Name="Attribute13"
      EntityAttrName="Attribute13"
      EntityUsage="ODEBillStdAggrDtlEO"
      AliasName="ATTRIBUTE13"
      ColumnType="VARCHAR2" >
   </ViewAttribute>
   <ViewAttribute
      Name="Attribute14"
      EntityAttrName="Attribute14"
      EntityUsage="ODEBillStdAggrDtlEO"
      AliasName="ATTRIBUTE14"
      ColumnType="VARCHAR2" >
   </ViewAttribute>
   <ViewAttribute
      Name="Attribute15"
      EntityAttrName="Attribute15"
      EntityUsage="ODEBillStdAggrDtlEO"
      AliasName="ATTRIBUTE15"
      ColumnType="VARCHAR2" >
   </ViewAttribute>
   <ViewAttribute
      Name="Attribute16"
      EntityAttrName="Attribute16"
      EntityUsage="ODEBillStdAggrDtlEO"
      AliasName="ATTRIBUTE16"
      ColumnType="VARCHAR2" >
   </ViewAttribute>
   <ViewAttribute
      Name="Attribute17"
      EntityAttrName="Attribute17"
      EntityUsage="ODEBillStdAggrDtlEO"
      AliasName="ATTRIBUTE17"
      ColumnType="VARCHAR2" >
   </ViewAttribute>
   <ViewAttribute
      Name="Attribute18"
      EntityAttrName="Attribute18"
      EntityUsage="ODEBillStdAggrDtlEO"
      AliasName="ATTRIBUTE18"
      ColumnType="VARCHAR2" >
   </ViewAttribute>
   <ViewAttribute
      Name="Attribute19"
      EntityAttrName="Attribute19"
      EntityUsage="ODEBillStdAggrDtlEO"
      AliasName="ATTRIBUTE19"
      ColumnType="VARCHAR2" >
   </ViewAttribute>
   <ViewAttribute
      Name="Attribute20"
      EntityAttrName="Attribute20"
      EntityUsage="ODEBillStdAggrDtlEO"
      AliasName="ATTRIBUTE20"
      ColumnType="VARCHAR2" >
   </ViewAttribute>
</ViewObject>
