<?xml version="1.0" encoding='windows-1252'?>
<!DOCTYPE ViewObject SYSTEM "jbo_03_01.dtd">

<ViewObject
   Name="ODEblEtxtFunctionsVO"
   BindingStyle="Oracle"
   CustomQuery="true"
   RowClass="od.oracle.apps.xxcrm.cdh.ebl.eblmain.server.ODEblEtxtFunctionsVORowImpl"
   ComponentClass="od.oracle.apps.xxcrm.cdh.ebl.eblmain.server.ODEblEtxtFunctionsVOImpl"
   MsgBundleClass="oracle.jbo.common.JboResourceBundle"
   UseGlueCode="false" >
   <SQLQuery><![CDATA[
SELECT ODEblEtxtFunctionsEO.EBL_FUNC_ID, 
       ODEblEtxtFunctionsEO.CUST_DOC_ID, 
       ODEblEtxtFunctionsEO.EBL_FUNC_ORDER_SEQ, 
       ODEblEtxtFunctionsEO.EBL_FUNCTION, 
       ODEblEtxtFunctionsEO.FIELD_ID1, 
       ODEblEtxtFunctionsEO.CONSTANT_VALUE1, 
       ODEblEtxtFunctionsEO.FIELD_ID2, 
       ODEblEtxtFunctionsEO.CONSTANT_VALUE2, 
       ODEblEtxtFunctionsEO.FIELD_ID3, 
       ODEblEtxtFunctionsEO.CONSTANT_VALUE3, 
       ODEblEtxtFunctionsEO.FIELD_ID4, 
       ODEblEtxtFunctionsEO.CONSTANT_VALUE4, 
       ODEblEtxtFunctionsEO.FIELD_ID5, 
       ODEblEtxtFunctionsEO.CONSTANT_VALUE5, 
       ODEblEtxtFunctionsEO.FIELD_ID6, 
       ODEblEtxtFunctionsEO.CONSTANT_VALUE6, 
       ODEblEtxtFunctionsEO.FIELD_ID7, 
       ODEblEtxtFunctionsEO.CONSTANT_VALUE7, 
       ODEblEtxtFunctionsEO.FIELD_ID8, 
       ODEblEtxtFunctionsEO.CONSTANT_VALUE8, 
       ODEblEtxtFunctionsEO.FIELD_ID9, 
       ODEblEtxtFunctionsEO.CONSTANT_VALUE9, 
       ODEblEtxtFunctionsEO.FIELD_ID10, 
       ODEblEtxtFunctionsEO.CONSTANT_VALUE10, 
       ODEblEtxtFunctionsEO.ATTRIBUTE1, 
       ODEblEtxtFunctionsEO.ATTRIBUTE2, 
       ODEblEtxtFunctionsEO.ATTRIBUTE3, 
       ODEblEtxtFunctionsEO.ATTRIBUTE4, 
       ODEblEtxtFunctionsEO.ATTRIBUTE5, 
       ODEblEtxtFunctionsEO.ATTRIBUTE6, 
       ODEblEtxtFunctionsEO.ATTRIBUTE7, 
       ODEblEtxtFunctionsEO.ATTRIBUTE8, 
       ODEblEtxtFunctionsEO.ATTRIBUTE9, 
       ODEblEtxtFunctionsEO.ATTRIBUTE10, 
       ODEblEtxtFunctionsEO.ATTRIBUTE11, 
       ODEblEtxtFunctionsEO.ATTRIBUTE12, 
       ODEblEtxtFunctionsEO.ATTRIBUTE13, 
       ODEblEtxtFunctionsEO.ATTRIBUTE14, 
       ODEblEtxtFunctionsEO.ATTRIBUTE15, 
       ODEblEtxtFunctionsEO.ATTRIBUTE16, 
       ODEblEtxtFunctionsEO.ATTRIBUTE17, 
       ODEblEtxtFunctionsEO.ATTRIBUTE18, 
       ODEblEtxtFunctionsEO.ATTRIBUTE19, 
       ODEblEtxtFunctionsEO.ATTRIBUTE20, 
       ODEblEtxtFunctionsEO.REQUEST_ID, 
       ODEblEtxtFunctionsEO.CREATION_DATE, 
       ODEblEtxtFunctionsEO.CREATED_BY, 
       ODEblEtxtFunctionsEO.LAST_UPDATE_BY, 
       ODEblEtxtFunctionsEO.LAST_UPDATE_DATE, 
       ODEblEtxtFunctionsEO.LAST_UPDATE_LOGIN, 
       ODEblEtxtFunctionsEO.ROWID
FROM XX_CDH_EBL_ETXT_FUNCTIONS ODEblEtxtFunctionsEO
   ]]></SQLQuery>
   <DesignTime>
      <Attr Name="_isCodegen" Value="true" />
      <Attr Name="_version" Value="9.0.3.12.53" />
      <Attr Name="_CodeGenFlagNew" Value="36" />
   </DesignTime>
   <EntityUsage
      Name="ODEblEtxtFunctionsEO"
      Entity="od.oracle.apps.xxcrm.cdh.ebl.eblmain.schema.server.ODEblEtxtFunctionsEO" >
      <DesignTime>
         <Attr Name="_EntireObjectTable" Value="false" />
         <Attr Name="_queryClause" Value="false" />
      </DesignTime>
   </EntityUsage>
   <ViewAttribute
      Name="EblFuncId"
      EntityAttrName="EblFuncId"
      EntityUsage="ODEblEtxtFunctionsEO"
      AliasName="EBL_FUNC_ID"
      ColumnType="VARCHAR2" >
   </ViewAttribute>
   <ViewAttribute
      Name="CustDocId"
      EntityAttrName="CustDocId"
      EntityUsage="ODEblEtxtFunctionsEO"
      AliasName="CUST_DOC_ID"
      ColumnType="VARCHAR2" >
   </ViewAttribute>
   <ViewAttribute
      Name="EblFuncOrderSeq"
      EntityAttrName="EblFuncOrderSeq"
      EntityUsage="ODEblEtxtFunctionsEO"
      AliasName="EBL_FUNC_ORDER_SEQ"
      ColumnType="VARCHAR2" >
   </ViewAttribute>
   <ViewAttribute
      Name="EblFunction"
      EntityAttrName="EblFunction"
      EntityUsage="ODEblEtxtFunctionsEO"
      AliasName="EBL_FUNCTION"
      ColumnType="VARCHAR2" >
   </ViewAttribute>
   <ViewAttribute
      Name="FieldId1"
      EntityAttrName="FieldId1"
      EntityUsage="ODEblEtxtFunctionsEO"
      AliasName="FIELD_ID1"
      ColumnType="VARCHAR2" >
   </ViewAttribute>
   <ViewAttribute
      Name="ConstantValue1"
      EntityAttrName="ConstantValue1"
      EntityUsage="ODEblEtxtFunctionsEO"
      AliasName="CONSTANT_VALUE1"
      ColumnType="VARCHAR2" >
   </ViewAttribute>
   <ViewAttribute
      Name="FieldId2"
      EntityAttrName="FieldId2"
      EntityUsage="ODEblEtxtFunctionsEO"
      AliasName="FIELD_ID2"
      ColumnType="VARCHAR2" >
   </ViewAttribute>
   <ViewAttribute
      Name="ConstantValue2"
      EntityAttrName="ConstantValue2"
      EntityUsage="ODEblEtxtFunctionsEO"
      AliasName="CONSTANT_VALUE2"
      ColumnType="VARCHAR2" >
   </ViewAttribute>
   <ViewAttribute
      Name="FieldId3"
      EntityAttrName="FieldId3"
      EntityUsage="ODEblEtxtFunctionsEO"
      AliasName="FIELD_ID3"
      ColumnType="VARCHAR2" >
   </ViewAttribute>
   <ViewAttribute
      Name="ConstantValue3"
      EntityAttrName="ConstantValue3"
      EntityUsage="ODEblEtxtFunctionsEO"
      AliasName="CONSTANT_VALUE3"
      ColumnType="VARCHAR2" >
   </ViewAttribute>
   <ViewAttribute
      Name="FieldId4"
      EntityAttrName="FieldId4"
      EntityUsage="ODEblEtxtFunctionsEO"
      AliasName="FIELD_ID4"
      ColumnType="VARCHAR2" >
   </ViewAttribute>
   <ViewAttribute
      Name="ConstantValue4"
      EntityAttrName="ConstantValue4"
      EntityUsage="ODEblEtxtFunctionsEO"
      AliasName="CONSTANT_VALUE4"
      ColumnType="VARCHAR2" >
   </ViewAttribute>
   <ViewAttribute
      Name="FieldId5"
      EntityAttrName="FieldId5"
      EntityUsage="ODEblEtxtFunctionsEO"
      AliasName="FIELD_ID5"
      ColumnType="VARCHAR2" >
   </ViewAttribute>
   <ViewAttribute
      Name="ConstantValue5"
      EntityAttrName="ConstantValue5"
      EntityUsage="ODEblEtxtFunctionsEO"
      AliasName="CONSTANT_VALUE5"
      ColumnType="VARCHAR2" >
   </ViewAttribute>
   <ViewAttribute
      Name="FieldId6"
      EntityAttrName="FieldId6"
      EntityUsage="ODEblEtxtFunctionsEO"
      AliasName="FIELD_ID6"
      ColumnType="VARCHAR2" >
   </ViewAttribute>
   <ViewAttribute
      Name="ConstantValue6"
      EntityAttrName="ConstantValue6"
      EntityUsage="ODEblEtxtFunctionsEO"
      AliasName="CONSTANT_VALUE6"
      ColumnType="VARCHAR2" >
   </ViewAttribute>
   <ViewAttribute
      Name="FieldId7"
      EntityAttrName="FieldId7"
      EntityUsage="ODEblEtxtFunctionsEO"
      AliasName="FIELD_ID7"
      ColumnType="VARCHAR2" >
   </ViewAttribute>
   <ViewAttribute
      Name="ConstantValue7"
      EntityAttrName="ConstantValue7"
      EntityUsage="ODEblEtxtFunctionsEO"
      AliasName="CONSTANT_VALUE7"
      ColumnType="VARCHAR2" >
   </ViewAttribute>
   <ViewAttribute
      Name="FieldId8"
      EntityAttrName="FieldId8"
      EntityUsage="ODEblEtxtFunctionsEO"
      AliasName="FIELD_ID8"
      ColumnType="VARCHAR2" >
   </ViewAttribute>
   <ViewAttribute
      Name="ConstantValue8"
      EntityAttrName="ConstantValue8"
      EntityUsage="ODEblEtxtFunctionsEO"
      AliasName="CONSTANT_VALUE8"
      ColumnType="VARCHAR2" >
   </ViewAttribute>
   <ViewAttribute
      Name="FieldId9"
      EntityAttrName="FieldId9"
      EntityUsage="ODEblEtxtFunctionsEO"
      AliasName="FIELD_ID9"
      ColumnType="VARCHAR2" >
   </ViewAttribute>
   <ViewAttribute
      Name="ConstantValue9"
      EntityAttrName="ConstantValue9"
      EntityUsage="ODEblEtxtFunctionsEO"
      AliasName="CONSTANT_VALUE9"
      ColumnType="VARCHAR2" >
   </ViewAttribute>
   <ViewAttribute
      Name="FieldId10"
      EntityAttrName="FieldId10"
      EntityUsage="ODEblEtxtFunctionsEO"
      AliasName="FIELD_ID10"
      ColumnType="VARCHAR2" >
   </ViewAttribute>
   <ViewAttribute
      Name="ConstantValue10"
      EntityAttrName="ConstantValue10"
      EntityUsage="ODEblEtxtFunctionsEO"
      AliasName="CONSTANT_VALUE10"
      ColumnType="VARCHAR2" >
   </ViewAttribute>
   <ViewAttribute
      Name="Attribute1"
      EntityAttrName="Attribute1"
      EntityUsage="ODEblEtxtFunctionsEO"
      AliasName="ATTRIBUTE1"
      ColumnType="VARCHAR2" >
   </ViewAttribute>
   <ViewAttribute
      Name="Attribute2"
      EntityAttrName="Attribute2"
      EntityUsage="ODEblEtxtFunctionsEO"
      AliasName="ATTRIBUTE2"
      ColumnType="VARCHAR2" >
   </ViewAttribute>
   <ViewAttribute
      Name="Attribute3"
      EntityAttrName="Attribute3"
      EntityUsage="ODEblEtxtFunctionsEO"
      AliasName="ATTRIBUTE3"
      ColumnType="VARCHAR2" >
   </ViewAttribute>
   <ViewAttribute
      Name="Attribute4"
      EntityAttrName="Attribute4"
      EntityUsage="ODEblEtxtFunctionsEO"
      AliasName="ATTRIBUTE4"
      ColumnType="VARCHAR2" >
   </ViewAttribute>
   <ViewAttribute
      Name="Attribute5"
      EntityAttrName="Attribute5"
      EntityUsage="ODEblEtxtFunctionsEO"
      AliasName="ATTRIBUTE5"
      ColumnType="VARCHAR2" >
   </ViewAttribute>
   <ViewAttribute
      Name="Attribute6"
      EntityAttrName="Attribute6"
      EntityUsage="ODEblEtxtFunctionsEO"
      AliasName="ATTRIBUTE6"
      ColumnType="VARCHAR2" >
   </ViewAttribute>
   <ViewAttribute
      Name="Attribute7"
      EntityAttrName="Attribute7"
      EntityUsage="ODEblEtxtFunctionsEO"
      AliasName="ATTRIBUTE7"
      ColumnType="VARCHAR2" >
   </ViewAttribute>
   <ViewAttribute
      Name="Attribute8"
      EntityAttrName="Attribute8"
      EntityUsage="ODEblEtxtFunctionsEO"
      AliasName="ATTRIBUTE8"
      ColumnType="VARCHAR2" >
   </ViewAttribute>
   <ViewAttribute
      Name="Attribute9"
      EntityAttrName="Attribute9"
      EntityUsage="ODEblEtxtFunctionsEO"
      AliasName="ATTRIBUTE9"
      ColumnType="VARCHAR2" >
   </ViewAttribute>
   <ViewAttribute
      Name="Attribute10"
      EntityAttrName="Attribute10"
      EntityUsage="ODEblEtxtFunctionsEO"
      AliasName="ATTRIBUTE10"
      ColumnType="VARCHAR2" >
   </ViewAttribute>
   <ViewAttribute
      Name="Attribute11"
      EntityAttrName="Attribute11"
      EntityUsage="ODEblEtxtFunctionsEO"
      AliasName="ATTRIBUTE11"
      ColumnType="VARCHAR2" >
   </ViewAttribute>
   <ViewAttribute
      Name="Attribute12"
      EntityAttrName="Attribute12"
      EntityUsage="ODEblEtxtFunctionsEO"
      AliasName="ATTRIBUTE12"
      ColumnType="VARCHAR2" >
   </ViewAttribute>
   <ViewAttribute
      Name="Attribute13"
      EntityAttrName="Attribute13"
      EntityUsage="ODEblEtxtFunctionsEO"
      AliasName="ATTRIBUTE13"
      ColumnType="VARCHAR2" >
   </ViewAttribute>
   <ViewAttribute
      Name="Attribute14"
      EntityAttrName="Attribute14"
      EntityUsage="ODEblEtxtFunctionsEO"
      AliasName="ATTRIBUTE14"
      ColumnType="VARCHAR2" >
   </ViewAttribute>
   <ViewAttribute
      Name="Attribute15"
      EntityAttrName="Attribute15"
      EntityUsage="ODEblEtxtFunctionsEO"
      AliasName="ATTRIBUTE15"
      ColumnType="VARCHAR2" >
   </ViewAttribute>
   <ViewAttribute
      Name="Attribute16"
      EntityAttrName="Attribute16"
      EntityUsage="ODEblEtxtFunctionsEO"
      AliasName="ATTRIBUTE16"
      ColumnType="VARCHAR2" >
   </ViewAttribute>
   <ViewAttribute
      Name="Attribute17"
      EntityAttrName="Attribute17"
      EntityUsage="ODEblEtxtFunctionsEO"
      AliasName="ATTRIBUTE17"
      ColumnType="VARCHAR2" >
   </ViewAttribute>
   <ViewAttribute
      Name="Attribute18"
      EntityAttrName="Attribute18"
      EntityUsage="ODEblEtxtFunctionsEO"
      AliasName="ATTRIBUTE18"
      ColumnType="VARCHAR2" >
   </ViewAttribute>
   <ViewAttribute
      Name="Attribute19"
      EntityAttrName="Attribute19"
      EntityUsage="ODEblEtxtFunctionsEO"
      AliasName="ATTRIBUTE19"
      ColumnType="VARCHAR2" >
   </ViewAttribute>
   <ViewAttribute
      Name="Attribute20"
      EntityAttrName="Attribute20"
      EntityUsage="ODEblEtxtFunctionsEO"
      AliasName="ATTRIBUTE20"
      ColumnType="VARCHAR2" >
   </ViewAttribute>
   <ViewAttribute
      Name="RequestId"
      EntityAttrName="RequestId"
      EntityUsage="ODEblEtxtFunctionsEO"
      AliasName="REQUEST_ID"
      ColumnType="VARCHAR2" >
   </ViewAttribute>
   <ViewAttribute
      Name="CreationDate"
      EntityAttrName="CreationDate"
      EntityUsage="ODEblEtxtFunctionsEO"
      AliasName="CREATION_DATE"
      ColumnType="VARCHAR2" >
   </ViewAttribute>
   <ViewAttribute
      Name="CreatedBy"
      EntityAttrName="CreatedBy"
      EntityUsage="ODEblEtxtFunctionsEO"
      AliasName="CREATED_BY"
      ColumnType="VARCHAR2" >
   </ViewAttribute>
   <ViewAttribute
      Name="LastUpdateBy"
      EntityAttrName="LastUpdateBy"
      EntityUsage="ODEblEtxtFunctionsEO"
      AliasName="LAST_UPDATE_BY"
      ColumnType="VARCHAR2" >
   </ViewAttribute>
   <ViewAttribute
      Name="LastUpdateDate"
      EntityAttrName="LastUpdateDate"
      EntityUsage="ODEblEtxtFunctionsEO"
      AliasName="LAST_UPDATE_DATE"
      ColumnType="VARCHAR2" >
   </ViewAttribute>
   <ViewAttribute
      Name="LastUpdateLogin"
      EntityAttrName="LastUpdateLogin"
      EntityUsage="ODEblEtxtFunctionsEO"
      AliasName="LAST_UPDATE_LOGIN"
      ColumnType="VARCHAR2" >
   </ViewAttribute>
   <ViewAttribute
      Name="RowID"
      IsUpdateable="false"
      EntityAttrName="RowID"
      EntityUsage="ODEblEtxtFunctionsEO"
      AliasName="ROWID"
      ColumnType="VARCHAR2" >
   </ViewAttribute>
</ViewObject>
