<?xml version="1.0" encoding='windows-1252'?>
<!DOCTYPE ViewObject SYSTEM "jbo_03_01.dtd">

<ViewObject
   Name="ODEBillTemplDtlVO"
   OrderBy="ATTRIBUTE1 desc,SEQ"
   BindingStyle="Oracle"
   CustomQuery="true"
   RowClass="od.oracle.apps.xxcrm.cdh.ebl.eblmain.server.ODEBillTemplDtlVORowImpl"
   ComponentClass="oracle.apps.fnd.framework.server.OAViewObjectImpl"
   MsgBundleClass="oracle.jbo.common.JboResourceBundle"
   UseGlueCode="false" >
   <SQLQuery><![CDATA[
SELECT ODEBillTemplDtlEO.EBL_TEMPL_ID, 
       ODEBillTemplDtlEO.CUST_DOC_ID, 
       ODEBillTemplDtlEO.RECORD_TYPE, 
       ODEBillTemplDtlEO.SEQ, 
       ODEBillTemplDtlEO.FIELD_ID, 
       ODEBillTemplDtlEO.LABEL, 
       ODEBillTemplDtlEO.START_POS, 
       ODEBillTemplDtlEO.FIELD_LEN, 
       ODEBillTemplDtlEO.DATA_FORMAT, 
       ODEBillTemplDtlEO.STRING_FUN, 
       ODEBillTemplDtlEO.SORT_ORDER, 
       ODEBillTemplDtlEO.SORT_TYPE, 
       ODEBillTemplDtlEO.MANDATORY, 
       ODEBillTemplDtlEO.SEQ_START_VAL, 
       ODEBillTemplDtlEO.SEQ_INC_VAL, 
       ODEBillTemplDtlEO.SEQ_RESET_FIELD, 
       ODEBillTemplDtlEO.CONSTANT_VALUE, 
       ODEBillTemplDtlEO.ALIGNMENT, 
       ODEBillTemplDtlEO.PADDING_CHAR, 
       ODEBillTemplDtlEO.DEFAULT_IF_NULL, 
       ODEBillTemplDtlEO.COMMENTS, 
       ODEBillTemplDtlEO.ATTRIBUTE1, 
       ODEBillTemplDtlEO.ATTRIBUTE2, 
       ODEBillTemplDtlEO.ATTRIBUTE3, 
       ODEBillTemplDtlEO.ATTRIBUTE4, 
       ODEBillTemplDtlEO.ATTRIBUTE5, 
       ODEBillTemplDtlEO.ATTRIBUTE6, 
       ODEBillTemplDtlEO.ATTRIBUTE7, 
       ODEBillTemplDtlEO.ATTRIBUTE8, 
       ODEBillTemplDtlEO.ATTRIBUTE9, 
       ODEBillTemplDtlEO.ATTRIBUTE10, 
       ODEBillTemplDtlEO.ATTRIBUTE11, 
       ODEBillTemplDtlEO.ATTRIBUTE12, 
       ODEBillTemplDtlEO.ATTRIBUTE13, 
       ODEBillTemplDtlEO.ATTRIBUTE14, 
       ODEBillTemplDtlEO.ATTRIBUTE15, 
       ODEBillTemplDtlEO.ATTRIBUTE16, 
       ODEBillTemplDtlEO.ATTRIBUTE17, 
       ODEBillTemplDtlEO.ATTRIBUTE18, 
       ODEBillTemplDtlEO.ATTRIBUTE19, 
       ODEBillTemplDtlEO.ATTRIBUTE20
FROM xx_cdh_ebl_templ_dtl ODEBillTemplDtlEO
   ]]></SQLQuery>
   <DesignTime>
      <Attr Name="_isCodegen" Value="true" />
      <Attr Name="_version" Value="9.0.3.12.53" />
      <Attr Name="_CodeGenFlagNew" Value="4" />
   </DesignTime>
   <EntityUsage
      Name="ODEBillTemplDtlEO"
      Entity="od.oracle.apps.xxcrm.cdh.ebl.eblmain.schema.server.ODEBillTemplDtlEO" >
      <DesignTime>
         <Attr Name="_EntireObjectTable" Value="false" />
         <Attr Name="_queryClause" Value="false" />
      </DesignTime>
   </EntityUsage>
   <ViewAttribute
      Name="EblTemplId"
      EntityAttrName="EblTemplId"
      EntityUsage="ODEBillTemplDtlEO"
      AliasName="EBL_TEMPL_ID"
      ColumnType="VARCHAR2" >
   </ViewAttribute>
   <ViewAttribute
      Name="CustDocId"
      EntityAttrName="CustDocId"
      EntityUsage="ODEBillTemplDtlEO"
      AliasName="CUST_DOC_ID"
      ColumnType="VARCHAR2" >
   </ViewAttribute>
   <ViewAttribute
      Name="RecordType"
      EntityAttrName="RecordType"
      EntityUsage="ODEBillTemplDtlEO"
      AliasName="RECORD_TYPE"
      ColumnType="VARCHAR2" >
   </ViewAttribute>
   <ViewAttribute
      Name="Seq"
      EntityAttrName="Seq"
      EntityUsage="ODEBillTemplDtlEO"
      AliasName="SEQ"
      ColumnType="VARCHAR2" >
   </ViewAttribute>
   <ViewAttribute
      Name="FieldId"
      EntityAttrName="FieldId"
      EntityUsage="ODEBillTemplDtlEO"
      AliasName="FIELD_ID"
      ColumnType="VARCHAR2" >
   </ViewAttribute>
   <ViewAttribute
      Name="Label"
      EntityAttrName="Label"
      EntityUsage="ODEBillTemplDtlEO"
      AliasName="LABEL"
      ColumnType="VARCHAR2" >
   </ViewAttribute>
   <ViewAttribute
      Name="StartPos"
      EntityAttrName="StartPos"
      EntityUsage="ODEBillTemplDtlEO"
      AliasName="START_POS"
      ColumnType="VARCHAR2" >
   </ViewAttribute>
   <ViewAttribute
      Name="FieldLen"
      EntityAttrName="FieldLen"
      EntityUsage="ODEBillTemplDtlEO"
      AliasName="FIELD_LEN"
      ColumnType="VARCHAR2" >
   </ViewAttribute>
   <ViewAttribute
      Name="DataFormat"
      EntityAttrName="DataFormat"
      EntityUsage="ODEBillTemplDtlEO"
      AliasName="DATA_FORMAT"
      ColumnType="VARCHAR2" >
   </ViewAttribute>
   <ViewAttribute
      Name="StringFun"
      EntityAttrName="StringFun"
      EntityUsage="ODEBillTemplDtlEO"
      AliasName="STRING_FUN"
      ColumnType="VARCHAR2" >
   </ViewAttribute>
   <ViewAttribute
      Name="SortOrder"
      EntityAttrName="SortOrder"
      EntityUsage="ODEBillTemplDtlEO"
      AliasName="SORT_ORDER"
      ColumnType="VARCHAR2" >
   </ViewAttribute>
   <ViewAttribute
      Name="SortType"
      EntityAttrName="SortType"
      EntityUsage="ODEBillTemplDtlEO"
      AliasName="SORT_TYPE"
      ColumnType="VARCHAR2" >
   </ViewAttribute>
   <ViewAttribute
      Name="Mandatory"
      EntityAttrName="Mandatory"
      EntityUsage="ODEBillTemplDtlEO"
      AliasName="MANDATORY"
      ColumnType="VARCHAR2" >
   </ViewAttribute>
   <ViewAttribute
      Name="SeqStartVal"
      EntityAttrName="SeqStartVal"
      EntityUsage="ODEBillTemplDtlEO"
      AliasName="SEQ_START_VAL"
      ColumnType="VARCHAR2" >
   </ViewAttribute>
   <ViewAttribute
      Name="SeqIncVal"
      EntityAttrName="SeqIncVal"
      EntityUsage="ODEBillTemplDtlEO"
      AliasName="SEQ_INC_VAL"
      ColumnType="VARCHAR2" >
   </ViewAttribute>
   <ViewAttribute
      Name="SeqResetField"
      EntityAttrName="SeqResetField"
      EntityUsage="ODEBillTemplDtlEO"
      AliasName="SEQ_RESET_FIELD"
      ColumnType="VARCHAR2" >
   </ViewAttribute>
   <ViewAttribute
      Name="ConstantValue"
      EntityAttrName="ConstantValue"
      EntityUsage="ODEBillTemplDtlEO"
      AliasName="CONSTANT_VALUE"
      ColumnType="VARCHAR2" >
   </ViewAttribute>
   <ViewAttribute
      Name="Alignment"
      EntityAttrName="Alignment"
      EntityUsage="ODEBillTemplDtlEO"
      AliasName="ALIGNMENT"
      ColumnType="VARCHAR2" >
   </ViewAttribute>
   <ViewAttribute
      Name="PaddingChar"
      EntityAttrName="PaddingChar"
      EntityUsage="ODEBillTemplDtlEO"
      AliasName="PADDING_CHAR"
      ColumnType="VARCHAR2" >
   </ViewAttribute>
   <ViewAttribute
      Name="DefaultIfNull"
      EntityAttrName="DefaultIfNull"
      EntityUsage="ODEBillTemplDtlEO"
      AliasName="DEFAULT_IF_NULL"
      ColumnType="VARCHAR2" >
   </ViewAttribute>
   <ViewAttribute
      Name="Comments"
      EntityAttrName="Comments"
      EntityUsage="ODEBillTemplDtlEO"
      AliasName="COMMENTS"
      ColumnType="VARCHAR2" >
   </ViewAttribute>
   <ViewAttribute
      Name="Attribute1"
      EntityAttrName="Attribute1"
      EntityUsage="ODEBillTemplDtlEO"
      AliasName="ATTRIBUTE1"
      ColumnType="VARCHAR2" >
   </ViewAttribute>
   <ViewAttribute
      Name="Attribute2"
      EntityAttrName="Attribute2"
      EntityUsage="ODEBillTemplDtlEO"
      AliasName="ATTRIBUTE2"
      ColumnType="VARCHAR2" >
   </ViewAttribute>
   <ViewAttribute
      Name="Attribute3"
      EntityAttrName="Attribute3"
      EntityUsage="ODEBillTemplDtlEO"
      AliasName="ATTRIBUTE3"
      ColumnType="VARCHAR2" >
   </ViewAttribute>
   <ViewAttribute
      Name="Attribute4"
      EntityAttrName="Attribute4"
      EntityUsage="ODEBillTemplDtlEO"
      AliasName="ATTRIBUTE4"
      ColumnType="VARCHAR2" >
   </ViewAttribute>
   <ViewAttribute
      Name="Attribute5"
      EntityAttrName="Attribute5"
      EntityUsage="ODEBillTemplDtlEO"
      AliasName="ATTRIBUTE5"
      ColumnType="VARCHAR2" >
   </ViewAttribute>
   <ViewAttribute
      Name="Attribute6"
      EntityAttrName="Attribute6"
      EntityUsage="ODEBillTemplDtlEO"
      AliasName="ATTRIBUTE6"
      ColumnType="VARCHAR2" >
   </ViewAttribute>
   <ViewAttribute
      Name="Attribute7"
      EntityAttrName="Attribute7"
      EntityUsage="ODEBillTemplDtlEO"
      AliasName="ATTRIBUTE7"
      ColumnType="VARCHAR2" >
   </ViewAttribute>
   <ViewAttribute
      Name="Attribute8"
      EntityAttrName="Attribute8"
      EntityUsage="ODEBillTemplDtlEO"
      AliasName="ATTRIBUTE8"
      ColumnType="VARCHAR2" >
   </ViewAttribute>
   <ViewAttribute
      Name="Attribute9"
      EntityAttrName="Attribute9"
      EntityUsage="ODEBillTemplDtlEO"
      AliasName="ATTRIBUTE9"
      ColumnType="VARCHAR2" >
   </ViewAttribute>
   <ViewAttribute
      Name="Attribute10"
      EntityAttrName="Attribute10"
      EntityUsage="ODEBillTemplDtlEO"
      AliasName="ATTRIBUTE10"
      ColumnType="VARCHAR2" >
   </ViewAttribute>
   <ViewAttribute
      Name="Attribute11"
      EntityAttrName="Attribute11"
      EntityUsage="ODEBillTemplDtlEO"
      AliasName="ATTRIBUTE11"
      ColumnType="VARCHAR2" >
   </ViewAttribute>
   <ViewAttribute
      Name="Attribute12"
      EntityAttrName="Attribute12"
      EntityUsage="ODEBillTemplDtlEO"
      AliasName="ATTRIBUTE12"
      ColumnType="VARCHAR2" >
   </ViewAttribute>
   <ViewAttribute
      Name="Attribute13"
      EntityAttrName="Attribute13"
      EntityUsage="ODEBillTemplDtlEO"
      AliasName="ATTRIBUTE13"
      ColumnType="VARCHAR2" >
   </ViewAttribute>
   <ViewAttribute
      Name="Attribute14"
      EntityAttrName="Attribute14"
      EntityUsage="ODEBillTemplDtlEO"
      AliasName="ATTRIBUTE14"
      ColumnType="VARCHAR2" >
   </ViewAttribute>
   <ViewAttribute
      Name="Attribute15"
      EntityAttrName="Attribute15"
      EntityUsage="ODEBillTemplDtlEO"
      AliasName="ATTRIBUTE15"
      ColumnType="VARCHAR2" >
   </ViewAttribute>
   <ViewAttribute
      Name="Attribute16"
      EntityAttrName="Attribute16"
      EntityUsage="ODEBillTemplDtlEO"
      AliasName="ATTRIBUTE16"
      ColumnType="VARCHAR2" >
   </ViewAttribute>
   <ViewAttribute
      Name="Attribute17"
      EntityAttrName="Attribute17"
      EntityUsage="ODEBillTemplDtlEO"
      AliasName="ATTRIBUTE17"
      ColumnType="VARCHAR2" >
   </ViewAttribute>
   <ViewAttribute
      Name="Attribute18"
      EntityAttrName="Attribute18"
      EntityUsage="ODEBillTemplDtlEO"
      AliasName="ATTRIBUTE18"
      ColumnType="VARCHAR2" >
   </ViewAttribute>
   <ViewAttribute
      Name="Attribute19"
      EntityAttrName="Attribute19"
      EntityUsage="ODEBillTemplDtlEO"
      AliasName="ATTRIBUTE19"
      ColumnType="VARCHAR2" >
   </ViewAttribute>
   <ViewAttribute
      Name="Attribute20"
      EntityAttrName="Attribute20"
      EntityUsage="ODEBillTemplDtlEO"
      AliasName="ATTRIBUTE20"
      ColumnType="VARCHAR2" >
   </ViewAttribute>
</ViewObject>
