<?xml version="1.0" encoding='windows-1252'?>
<!DOCTYPE ViewObject SYSTEM "jbo_03_01.dtd">

<ViewObject
   Name="ODEBillFileNameVO"
   SelectList="ODEBillFileNameEO.EBL_FILE_NAME_ID, 
       ODEBillFileNameEO.CUST_DOC_ID, 

       ODEBillFileNameEO.FILE_NAME_ORDER_SEQ, 
       ODEBillFileNameEO.FIELD_ID, 

       ODEBillFileNameEO.CONSTANT_VALUE, 
       ODEBillFileNameEO.DEFAULT_IF_NULL, 

       ODEBillFileNameEO.COMMENTS, 
       ODEBillFileNameEO.ATTRIBUTE1, 

       ODEBillFileNameEO.ATTRIBUTE2, 
       ODEBillFileNameEO.ATTRIBUTE3, 

       ODEBillFileNameEO.ATTRIBUTE4, 
       ODEBillFileNameEO.ATTRIBUTE5, 

       ODEBillFileNameEO.ATTRIBUTE6, 
       ODEBillFileNameEO.ATTRIBUTE7, 

       ODEBillFileNameEO.ATTRIBUTE8, 
       ODEBillFileNameEO.ATTRIBUTE9, 

       ODEBillFileNameEO.ATTRIBUTE10, 
       ODEBillFileNameEO.ATTRIBUTE11, 

       ODEBillFileNameEO.ATTRIBUTE12, 
       ODEBillFileNameEO.ATTRIBUTE13, 

       ODEBillFileNameEO.ATTRIBUTE14, 
       ODEBillFileNameEO.ATTRIBUTE15, 

       ODEBillFileNameEO.ATTRIBUTE16, 
       ODEBillFileNameEO.ATTRIBUTE17, 

       ODEBillFileNameEO.ATTRIBUTE18, 
       ODEBillFileNameEO.ATTRIBUTE19, 

       ODEBillFileNameEO.ATTRIBUTE20"
   FromList="XX_CDH_EBL_FILE_NAME_DTL ODEBillFileNameEO"
   OrderBy="FILE_NAME_ORDER_SEQ"
   BindingStyle="Oracle"
   CustomQuery="false"
   RowClass="od.oracle.apps.xxcrm.cdh.ebl.eblmain.server.ODEBillFileNameVORowImpl"
   ComponentClass="oracle.apps.fnd.framework.server.OAViewObjectImpl"
   MsgBundleClass="oracle.jbo.common.JboResourceBundle"
   UseGlueCode="false" >
   <DesignTime>
      <Attr Name="_isCodegen" Value="true" />
      <Attr Name="_version" Value="9.0.3.12.53" />
      <Attr Name="_CodeGenFlagNew" Value="4" />
   </DesignTime>
   <EntityUsage
      Name="ODEBillFileNameEO"
      Entity="od.oracle.apps.xxcrm.cdh.ebl.eblmain.schema.server.ODEBillFileNameEO" >
      <DesignTime>
         <Attr Name="_EntireObjectTable" Value="false" />
         <Attr Name="_queryClause" Value="true" />
         <Attr Name="_queryOrderBy" Value="FILE_NAME_ORDER_SEQ" />
      </DesignTime>
   </EntityUsage>
   <ViewAttribute
      Name="EblFileNameId"
      EntityAttrName="EblFileNameId"
      EntityUsage="ODEBillFileNameEO"
      AliasName="EBL_FILE_NAME_ID"
      ColumnType="VARCHAR2" >
   </ViewAttribute>
   <ViewAttribute
      Name="CustDocId"
      EntityAttrName="CustDocId"
      EntityUsage="ODEBillFileNameEO"
      AliasName="CUST_DOC_ID"
      ColumnType="VARCHAR2" >
   </ViewAttribute>
   <ViewAttribute
      Name="FileNameOrderSeq"
      EntityAttrName="FileNameOrderSeq"
      EntityUsage="ODEBillFileNameEO"
      AliasName="FILE_NAME_ORDER_SEQ"
      ColumnType="VARCHAR2" >
   </ViewAttribute>
   <ViewAttribute
      Name="FieldId"
      EntityAttrName="FieldId"
      EntityUsage="ODEBillFileNameEO"
      AliasName="FIELD_ID"
      ColumnType="VARCHAR2" >
   </ViewAttribute>
   <ViewAttribute
      Name="ConstantValue"
      EntityAttrName="ConstantValue"
      EntityUsage="ODEBillFileNameEO"
      AliasName="CONSTANT_VALUE"
      ColumnType="VARCHAR2" >
   </ViewAttribute>
   <ViewAttribute
      Name="DefaultIfNull"
      EntityAttrName="DefaultIfNull"
      EntityUsage="ODEBillFileNameEO"
      AliasName="DEFAULT_IF_NULL"
      ColumnType="VARCHAR2" >
   </ViewAttribute>
   <ViewAttribute
      Name="Comments"
      EntityAttrName="Comments"
      EntityUsage="ODEBillFileNameEO"
      AliasName="COMMENTS"
      ColumnType="VARCHAR2" >
   </ViewAttribute>
   <ViewAttribute
      Name="Attribute1"
      EntityAttrName="Attribute1"
      EntityUsage="ODEBillFileNameEO"
      AliasName="ATTRIBUTE1"
      ColumnType="VARCHAR2" >
   </ViewAttribute>
   <ViewAttribute
      Name="Attribute2"
      EntityAttrName="Attribute2"
      EntityUsage="ODEBillFileNameEO"
      AliasName="ATTRIBUTE2"
      ColumnType="VARCHAR2" >
   </ViewAttribute>
   <ViewAttribute
      Name="Attribute3"
      EntityAttrName="Attribute3"
      EntityUsage="ODEBillFileNameEO"
      AliasName="ATTRIBUTE3"
      ColumnType="VARCHAR2" >
   </ViewAttribute>
   <ViewAttribute
      Name="Attribute4"
      EntityAttrName="Attribute4"
      EntityUsage="ODEBillFileNameEO"
      AliasName="ATTRIBUTE4"
      ColumnType="VARCHAR2" >
   </ViewAttribute>
   <ViewAttribute
      Name="Attribute5"
      EntityAttrName="Attribute5"
      EntityUsage="ODEBillFileNameEO"
      AliasName="ATTRIBUTE5"
      ColumnType="VARCHAR2" >
   </ViewAttribute>
   <ViewAttribute
      Name="Attribute6"
      EntityAttrName="Attribute6"
      EntityUsage="ODEBillFileNameEO"
      AliasName="ATTRIBUTE6"
      ColumnType="VARCHAR2" >
   </ViewAttribute>
   <ViewAttribute
      Name="Attribute7"
      EntityAttrName="Attribute7"
      EntityUsage="ODEBillFileNameEO"
      AliasName="ATTRIBUTE7"
      ColumnType="VARCHAR2" >
   </ViewAttribute>
   <ViewAttribute
      Name="Attribute8"
      EntityAttrName="Attribute8"
      EntityUsage="ODEBillFileNameEO"
      AliasName="ATTRIBUTE8"
      ColumnType="VARCHAR2" >
   </ViewAttribute>
   <ViewAttribute
      Name="Attribute9"
      EntityAttrName="Attribute9"
      EntityUsage="ODEBillFileNameEO"
      AliasName="ATTRIBUTE9"
      ColumnType="VARCHAR2" >
   </ViewAttribute>
   <ViewAttribute
      Name="Attribute10"
      EntityAttrName="Attribute10"
      EntityUsage="ODEBillFileNameEO"
      AliasName="ATTRIBUTE10"
      ColumnType="VARCHAR2" >
   </ViewAttribute>
   <ViewAttribute
      Name="Attribute11"
      EntityAttrName="Attribute11"
      EntityUsage="ODEBillFileNameEO"
      AliasName="ATTRIBUTE11"
      ColumnType="VARCHAR2" >
   </ViewAttribute>
   <ViewAttribute
      Name="Attribute12"
      EntityAttrName="Attribute12"
      EntityUsage="ODEBillFileNameEO"
      AliasName="ATTRIBUTE12"
      ColumnType="VARCHAR2" >
   </ViewAttribute>
   <ViewAttribute
      Name="Attribute13"
      EntityAttrName="Attribute13"
      EntityUsage="ODEBillFileNameEO"
      AliasName="ATTRIBUTE13"
      ColumnType="VARCHAR2" >
   </ViewAttribute>
   <ViewAttribute
      Name="Attribute14"
      EntityAttrName="Attribute14"
      EntityUsage="ODEBillFileNameEO"
      AliasName="ATTRIBUTE14"
      ColumnType="VARCHAR2" >
   </ViewAttribute>
   <ViewAttribute
      Name="Attribute15"
      EntityAttrName="Attribute15"
      EntityUsage="ODEBillFileNameEO"
      AliasName="ATTRIBUTE15"
      ColumnType="VARCHAR2" >
   </ViewAttribute>
   <ViewAttribute
      Name="Attribute16"
      EntityAttrName="Attribute16"
      EntityUsage="ODEBillFileNameEO"
      AliasName="ATTRIBUTE16"
      ColumnType="VARCHAR2" >
   </ViewAttribute>
   <ViewAttribute
      Name="Attribute17"
      EntityAttrName="Attribute17"
      EntityUsage="ODEBillFileNameEO"
      AliasName="ATTRIBUTE17"
      ColumnType="VARCHAR2" >
   </ViewAttribute>
   <ViewAttribute
      Name="Attribute18"
      EntityAttrName="Attribute18"
      EntityUsage="ODEBillFileNameEO"
      AliasName="ATTRIBUTE18"
      ColumnType="VARCHAR2" >
   </ViewAttribute>
   <ViewAttribute
      Name="Attribute19"
      EntityAttrName="Attribute19"
      EntityUsage="ODEBillFileNameEO"
      AliasName="ATTRIBUTE19"
      ColumnType="VARCHAR2" >
   </ViewAttribute>
   <ViewAttribute
      Name="Attribute20"
      EntityAttrName="Attribute20"
      EntityUsage="ODEBillFileNameEO"
      AliasName="ATTRIBUTE20"
      ColumnType="VARCHAR2" >
   </ViewAttribute>
</ViewObject>
