<?xml version="1.0" encoding='windows-1252'?>
<!DOCTYPE ViewObject SYSTEM "jbo_03_01.dtd">

<ViewObject
   Name="ODEBillStdFieldsVO"
   OrderBy="field_id"
   BindingStyle="Oracle"
   CustomQuery="true"
   RowClass="od.oracle.apps.xxcrm.cdh.ebl.eblmain.server.ODEBillStdFieldsVORowImpl"
   ComponentClass="oracle.apps.fnd.framework.server.OAViewObjectImpl"
   MsgBundleClass="oracle.jbo.common.JboResourceBundle"
   FetchMode="FETCH_AS_NEEDED"
   UseGlueCode="false" >
   <SQLQuery><![CDATA[
SELECT EF.field_id
     , EF.field_name
     , EF.include_in_core
     , EF.include_in_detail
     , EF.data_format
  FROM xx_cdh_ebilling_fields_v  EF
 WHERE EF.include_in_standard = 'Y'
 AND EF.field_id is not null
 AND EF.field_name is not null
   ]]></SQLQuery>
   <DesignTime>
      <Attr Name="_isCodegen" Value="true" />
      <Attr Name="_version" Value="9.0.3.12.53" />
      <Attr Name="_CodeGenFlagNew" Value="4" />
   </DesignTime>
   <ViewAttribute
      Name="FieldId"
      IsPersistent="false"
      Precision="240"
      Type="java.lang.String"
      AliasName="FIELD_ID"
      ColumnType="VARCHAR2"
      Expression="FIELD_ID"
      SQLType="VARCHAR" >
      <DesignTime>
         <Attr Name="_DisplaySize" Value="240" />
      </DesignTime>
   </ViewAttribute>
   <ViewAttribute
      Name="FieldName"
      IsPersistent="false"
      Precision="240"
      Type="java.lang.String"
      AliasName="FIELD_NAME"
      ColumnType="VARCHAR2"
      Expression="FIELD_NAME"
      SQLType="VARCHAR" >
      <DesignTime>
         <Attr Name="_DisplaySize" Value="240" />
      </DesignTime>
   </ViewAttribute>
   <ViewAttribute
      Name="IncludeInCore"
      IsPersistent="false"
      Precision="25"
      Type="java.lang.String"
      AliasName="INCLUDE_IN_CORE"
      ColumnType="VARCHAR2"
      Expression="INCLUDE_IN_CORE"
      SQLType="VARCHAR" >
      <DesignTime>
         <Attr Name="_DisplaySize" Value="25" />
      </DesignTime>
   </ViewAttribute>
   <ViewAttribute
      Name="IncludeInDetail"
      IsPersistent="false"
      Precision="25"
      Type="java.lang.String"
      AliasName="INCLUDE_IN_DETAIL"
      ColumnType="VARCHAR2"
      Expression="INCLUDE_IN_DETAIL"
      SQLType="VARCHAR" >
      <DesignTime>
         <Attr Name="_DisplaySize" Value="25" />
      </DesignTime>
   </ViewAttribute>
   <ViewAttribute
      Name="DataFormat"
      IsPersistent="false"
      Precision="240"
      Type="java.lang.String"
      AliasName="DATA_FORMAT"
      ColumnType="VARCHAR2"
      Expression="DATA_FORMAT"
      SQLType="VARCHAR" >
      <DesignTime>
         <Attr Name="_DisplaySize" Value="240" />
      </DesignTime>
   </ViewAttribute>
</ViewObject>
