<?xml version="1.0" encoding='windows-1252'?>
<!DOCTYPE ViewObject SYSTEM "jbo_03_01.dtd">

<ViewObject
   Name="ODEBillTransmissionVO"
   SelectList="ODEBillTransmissionEO.CUST_DOC_ID, 
       ODEBillTransmissionEO.EMAIL_SUBJECT, 

       ODEBillTransmissionEO.EMAIL_STD_MESSAGE, 
       ODEBillTransmissionEO.EMAIL_CUSTOM_MESSAGE, 

       ODEBillTransmissionEO.EMAIL_STD_DISCLAIMER, 
       ODEBillTransmissionEO.EMAIL_SIGNATURE, 

       ODEBillTransmissionEO.EMAIL_LOGO_REQUIRED, 
       ODEBillTransmissionEO.EMAIL_LOGO_FILE_NAME, 

       ODEBillTransmissionEO.FTP_DIRECTION, 
       ODEBillTransmissionEO.FTP_TRANSFER_TYPE, 

       ODEBillTransmissionEO.FTP_DESTINATION_SITE, 
       ODEBillTransmissionEO.FTP_DESTINATION_FOLDER, 

       ODEBillTransmissionEO.FTP_USER_NAME, 
       ODEBillTransmissionEO.FTP_PASSWORD, 

       ODEBillTransmissionEO.FTP_PICKUP_SERVER, 
       ODEBillTransmissionEO.FTP_PICKUP_FOLDER, 

       ODEBillTransmissionEO.FTP_CUST_CONTACT_NAME, 
       
ODEBillTransmissionEO.FTP_CUST_CONTACT_EMAIL, 
       ODEBillTransmissionEO.FTP_CUST_CONTACT_PHONE, 

       ODEBillTransmissionEO.FTP_NOTIFY_CUSTOMER, 
       ODEBillTransmissionEO.FTP_CC_EMAILS, 

       ODEBillTransmissionEO.FTP_EMAIL_SUB, 
       ODEBillTransmissionEO.FTP_EMAIL_CONTENT, 

       ODEBillTransmissionEO.FTP_SEND_ZERO_BYTE_FILE, 
     
  ODEBillTransmissionEO.FTP_ZERO_BYTE_FILE_TEXT, 
       ODEBillTransmissionEO.FTP_ZERO_BYTE_NOTIFICATION_TXT, 

       ODEBillTransmissionEO.CD_FILE_LOCATION, 
       ODEBillTransmissionEO.CD_SEND_TO_ADDRESS, 

       ODEBillTransmissionEO.COMMENTS, 
       ODEBillTransmissionEO.ATTRIBUTE1, 

       ODEBillTransmissionEO.ATTRIBUTE2, 
       ODEBillTransmissionEO.ATTRIBUTE3, 

       ODEBillTransmissionEO.ATTRIBUTE4, 
       ODEBillTransmissionEO.ATTRIBUTE5, 

       ODEBillTransmissionEO.ATTRIBUTE6, 
       ODEBillTransmissionEO.ATTRIBUTE7, 

       ODEBillTransmissionEO.ATTRIBUTE8, 
       ODEBillTransmissionEO.ATTRIBUTE9, 

       ODEBillTransmissionEO.ATTRIBUTE10, 
       ODEBillTransmissionEO.ATTRIBUTE11, 

       ODEBillTransmissionEO.ATTRIBUTE12, 
       ODEBillTransmissionEO.ATTRIBUTE13, 

       ODEBillTransmissionEO.ATTRIBUTE14, 
       ODEBillTransmissionEO.ATTRIBUTE15, 

       ODEBillTransmissionEO.ATTRIBUTE16, 
       ODEBillTransmissionEO.ATTRIBUTE17, 

       ODEBillTransmissionEO.ATTRIBUTE18, 
       ODEBillTransmissionEO.ATTRIBUTE19, 

       ODEBillTransmissionEO.ATTRIBUTE20"
   FromList="XX_CDH_EBL_TRANSMISSION_DTL ODEBillTransmissionEO"
   BindingStyle="Oracle"
   CustomQuery="false"
   RowClass="od.oracle.apps.xxcrm.cdh.ebl.eblmain.server.ODEBillTransmissionVORowImpl"
   ComponentClass="oracle.apps.fnd.framework.server.OAViewObjectImpl"
   MsgBundleClass="oracle.jbo.common.JboResourceBundle"
   UseGlueCode="false" >
   <DesignTime>
      <Attr Name="_isCodegen" Value="true" />
      <Attr Name="_version" Value="9.0.3.12.53" />
      <Attr Name="_CodeGenFlagNew" Value="4" />
   </DesignTime>
   <EntityUsage
      Name="ODEBillTransmissionEO"
      Entity="od.oracle.apps.xxcrm.cdh.ebl.eblmain.schema.server.ODEBillTransmissionEO" >
      <DesignTime>
         <Attr Name="_EntireObjectTable" Value="false" />
         <Attr Name="_queryClause" Value="false" />
      </DesignTime>
   </EntityUsage>
   <ViewAttribute
      Name="CustDocId"
      IsNotNull="true"
      EntityAttrName="CustDocId"
      EntityUsage="ODEBillTransmissionEO"
      AliasName="CUST_DOC_ID"
      ColumnType="VARCHAR2" >
   </ViewAttribute>
   <ViewAttribute
      Name="EmailSubject"
      EntityAttrName="EmailSubject"
      EntityUsage="ODEBillTransmissionEO"
      AliasName="EMAIL_SUBJECT"
      ColumnType="VARCHAR2" >
   </ViewAttribute>
   <ViewAttribute
      Name="EmailStdMessage"
      EntityAttrName="EmailStdMessage"
      EntityUsage="ODEBillTransmissionEO"
      AliasName="EMAIL_STD_MESSAGE"
      ColumnType="VARCHAR2" >
   </ViewAttribute>
   <ViewAttribute
      Name="EmailCustomMessage"
      EntityAttrName="EmailCustomMessage"
      EntityUsage="ODEBillTransmissionEO"
      AliasName="EMAIL_CUSTOM_MESSAGE"
      ColumnType="VARCHAR2" >
   </ViewAttribute>
   <ViewAttribute
      Name="EmailStdDisclaimer"
      EntityAttrName="EmailStdDisclaimer"
      EntityUsage="ODEBillTransmissionEO"
      AliasName="EMAIL_STD_DISCLAIMER"
      ColumnType="VARCHAR2" >
   </ViewAttribute>
   <ViewAttribute
      Name="EmailSignature"
      EntityAttrName="EmailSignature"
      EntityUsage="ODEBillTransmissionEO"
      AliasName="EMAIL_SIGNATURE"
      ColumnType="VARCHAR2" >
   </ViewAttribute>
   <ViewAttribute
      Name="EmailLogoRequired"
      EntityAttrName="EmailLogoRequired"
      EntityUsage="ODEBillTransmissionEO"
      AliasName="EMAIL_LOGO_REQUIRED"
      ColumnType="VARCHAR2" >
   </ViewAttribute>
   <ViewAttribute
      Name="EmailLogoFileName"
      EntityAttrName="EmailLogoFileName"
      EntityUsage="ODEBillTransmissionEO"
      AliasName="EMAIL_LOGO_FILE_NAME"
      ColumnType="VARCHAR2" >
   </ViewAttribute>
   <ViewAttribute
      Name="FtpDirection"
      EntityAttrName="FtpDirection"
      EntityUsage="ODEBillTransmissionEO"
      AliasName="FTP_DIRECTION"
      ColumnType="VARCHAR2" >
   </ViewAttribute>
   <ViewAttribute
      Name="FtpTransferType"
      EntityAttrName="FtpTransferType"
      EntityUsage="ODEBillTransmissionEO"
      AliasName="FTP_TRANSFER_TYPE"
      ColumnType="VARCHAR2" >
   </ViewAttribute>
   <ViewAttribute
      Name="FtpDestinationSite"
      EntityAttrName="FtpDestinationSite"
      EntityUsage="ODEBillTransmissionEO"
      AliasName="FTP_DESTINATION_SITE"
      ColumnType="VARCHAR2" >
   </ViewAttribute>
   <ViewAttribute
      Name="FtpDestinationFolder"
      EntityAttrName="FtpDestinationFolder"
      EntityUsage="ODEBillTransmissionEO"
      AliasName="FTP_DESTINATION_FOLDER"
      ColumnType="VARCHAR2" >
   </ViewAttribute>
   <ViewAttribute
      Name="FtpUserName"
      EntityAttrName="FtpUserName"
      EntityUsage="ODEBillTransmissionEO"
      AliasName="FTP_USER_NAME"
      ColumnType="VARCHAR2" >
   </ViewAttribute>
   <ViewAttribute
      Name="FtpPassword"
      EntityAttrName="FtpPassword"
      EntityUsage="ODEBillTransmissionEO"
      AliasName="FTP_PASSWORD"
      ColumnType="VARCHAR2" >
   </ViewAttribute>
   <ViewAttribute
      Name="FtpPickupServer"
      EntityAttrName="FtpPickupServer"
      EntityUsage="ODEBillTransmissionEO"
      AliasName="FTP_PICKUP_SERVER"
      ColumnType="VARCHAR2" >
   </ViewAttribute>
   <ViewAttribute
      Name="FtpPickupFolder"
      EntityAttrName="FtpPickupFolder"
      EntityUsage="ODEBillTransmissionEO"
      AliasName="FTP_PICKUP_FOLDER"
      ColumnType="VARCHAR2" >
   </ViewAttribute>
   <ViewAttribute
      Name="FtpCustContactName"
      EntityAttrName="FtpCustContactName"
      EntityUsage="ODEBillTransmissionEO"
      AliasName="FTP_CUST_CONTACT_NAME"
      ColumnType="VARCHAR2" >
   </ViewAttribute>
   <ViewAttribute
      Name="FtpCustContactEmail"
      EntityAttrName="FtpCustContactEmail"
      EntityUsage="ODEBillTransmissionEO"
      AliasName="FTP_CUST_CONTACT_EMAIL"
      ColumnType="VARCHAR2" >
   </ViewAttribute>
   <ViewAttribute
      Name="FtpCustContactPhone"
      EntityAttrName="FtpCustContactPhone"
      EntityUsage="ODEBillTransmissionEO"
      AliasName="FTP_CUST_CONTACT_PHONE"
      ColumnType="VARCHAR2" >
   </ViewAttribute>
   <ViewAttribute
      Name="FtpNotifyCustomer"
      EntityAttrName="FtpNotifyCustomer"
      EntityUsage="ODEBillTransmissionEO"
      AliasName="FTP_NOTIFY_CUSTOMER"
      ColumnType="VARCHAR2" >
   </ViewAttribute>
   <ViewAttribute
      Name="FtpCcEmails"
      EntityAttrName="FtpCcEmails"
      EntityUsage="ODEBillTransmissionEO"
      AliasName="FTP_CC_EMAILS"
      ColumnType="VARCHAR2" >
   </ViewAttribute>
   <ViewAttribute
      Name="FtpEmailSub"
      EntityAttrName="FtpEmailSub"
      EntityUsage="ODEBillTransmissionEO"
      AliasName="FTP_EMAIL_SUB"
      ColumnType="VARCHAR2" >
   </ViewAttribute>
   <ViewAttribute
      Name="FtpEmailContent"
      EntityAttrName="FtpEmailContent"
      EntityUsage="ODEBillTransmissionEO"
      AliasName="FTP_EMAIL_CONTENT"
      ColumnType="VARCHAR2" >
   </ViewAttribute>
   <ViewAttribute
      Name="FtpSendZeroByteFile"
      EntityAttrName="FtpSendZeroByteFile"
      EntityUsage="ODEBillTransmissionEO"
      AliasName="FTP_SEND_ZERO_BYTE_FILE"
      ColumnType="VARCHAR2" >
   </ViewAttribute>
   <ViewAttribute
      Name="FtpZeroByteFileText"
      EntityAttrName="FtpZeroByteFileText"
      EntityUsage="ODEBillTransmissionEO"
      AliasName="FTP_ZERO_BYTE_FILE_TEXT"
      ColumnType="VARCHAR2" >
   </ViewAttribute>
   <ViewAttribute
      Name="FtpZeroByteNotificationTxt"
      EntityAttrName="FtpZeroByteNotificationTxt"
      EntityUsage="ODEBillTransmissionEO"
      AliasName="FTP_ZERO_BYTE_NOTIFICATION_TXT"
      ColumnType="VARCHAR2" >
   </ViewAttribute>
   <ViewAttribute
      Name="CdFileLocation"
      EntityAttrName="CdFileLocation"
      EntityUsage="ODEBillTransmissionEO"
      AliasName="CD_FILE_LOCATION"
      ColumnType="VARCHAR2" >
   </ViewAttribute>
   <ViewAttribute
      Name="CdSendToAddress"
      EntityAttrName="CdSendToAddress"
      EntityUsage="ODEBillTransmissionEO"
      AliasName="CD_SEND_TO_ADDRESS"
      ColumnType="VARCHAR2" >
   </ViewAttribute>
   <ViewAttribute
      Name="Comments"
      EntityAttrName="Comments"
      EntityUsage="ODEBillTransmissionEO"
      AliasName="COMMENTS"
      ColumnType="VARCHAR2" >
   </ViewAttribute>
   <ViewAttribute
      Name="Attribute1"
      EntityAttrName="Attribute1"
      EntityUsage="ODEBillTransmissionEO"
      AliasName="ATTRIBUTE1"
      ColumnType="VARCHAR2" >
   </ViewAttribute>
   <ViewAttribute
      Name="Attribute2"
      EntityAttrName="Attribute2"
      EntityUsage="ODEBillTransmissionEO"
      AliasName="ATTRIBUTE2"
      ColumnType="VARCHAR2" >
   </ViewAttribute>
   <ViewAttribute
      Name="Attribute3"
      EntityAttrName="Attribute3"
      EntityUsage="ODEBillTransmissionEO"
      AliasName="ATTRIBUTE3"
      ColumnType="VARCHAR2" >
   </ViewAttribute>
   <ViewAttribute
      Name="Attribute4"
      EntityAttrName="Attribute4"
      EntityUsage="ODEBillTransmissionEO"
      AliasName="ATTRIBUTE4"
      ColumnType="VARCHAR2" >
   </ViewAttribute>
   <ViewAttribute
      Name="Attribute5"
      EntityAttrName="Attribute5"
      EntityUsage="ODEBillTransmissionEO"
      AliasName="ATTRIBUTE5"
      ColumnType="VARCHAR2" >
   </ViewAttribute>
   <ViewAttribute
      Name="Attribute6"
      EntityAttrName="Attribute6"
      EntityUsage="ODEBillTransmissionEO"
      AliasName="ATTRIBUTE6"
      ColumnType="VARCHAR2" >
   </ViewAttribute>
   <ViewAttribute
      Name="Attribute7"
      EntityAttrName="Attribute7"
      EntityUsage="ODEBillTransmissionEO"
      AliasName="ATTRIBUTE7"
      ColumnType="VARCHAR2" >
   </ViewAttribute>
   <ViewAttribute
      Name="Attribute8"
      EntityAttrName="Attribute8"
      EntityUsage="ODEBillTransmissionEO"
      AliasName="ATTRIBUTE8"
      ColumnType="VARCHAR2" >
   </ViewAttribute>
   <ViewAttribute
      Name="Attribute9"
      EntityAttrName="Attribute9"
      EntityUsage="ODEBillTransmissionEO"
      AliasName="ATTRIBUTE9"
      ColumnType="VARCHAR2" >
   </ViewAttribute>
   <ViewAttribute
      Name="Attribute10"
      EntityAttrName="Attribute10"
      EntityUsage="ODEBillTransmissionEO"
      AliasName="ATTRIBUTE10"
      ColumnType="VARCHAR2" >
   </ViewAttribute>
   <ViewAttribute
      Name="Attribute11"
      EntityAttrName="Attribute11"
      EntityUsage="ODEBillTransmissionEO"
      AliasName="ATTRIBUTE11"
      ColumnType="VARCHAR2" >
   </ViewAttribute>
   <ViewAttribute
      Name="Attribute12"
      EntityAttrName="Attribute12"
      EntityUsage="ODEBillTransmissionEO"
      AliasName="ATTRIBUTE12"
      ColumnType="VARCHAR2" >
   </ViewAttribute>
   <ViewAttribute
      Name="Attribute13"
      EntityAttrName="Attribute13"
      EntityUsage="ODEBillTransmissionEO"
      AliasName="ATTRIBUTE13"
      ColumnType="VARCHAR2" >
   </ViewAttribute>
   <ViewAttribute
      Name="Attribute14"
      EntityAttrName="Attribute14"
      EntityUsage="ODEBillTransmissionEO"
      AliasName="ATTRIBUTE14"
      ColumnType="VARCHAR2" >
   </ViewAttribute>
   <ViewAttribute
      Name="Attribute15"
      EntityAttrName="Attribute15"
      EntityUsage="ODEBillTransmissionEO"
      AliasName="ATTRIBUTE15"
      ColumnType="VARCHAR2" >
   </ViewAttribute>
   <ViewAttribute
      Name="Attribute16"
      EntityAttrName="Attribute16"
      EntityUsage="ODEBillTransmissionEO"
      AliasName="ATTRIBUTE16"
      ColumnType="VARCHAR2" >
   </ViewAttribute>
   <ViewAttribute
      Name="Attribute17"
      EntityAttrName="Attribute17"
      EntityUsage="ODEBillTransmissionEO"
      AliasName="ATTRIBUTE17"
      ColumnType="VARCHAR2" >
   </ViewAttribute>
   <ViewAttribute
      Name="Attribute18"
      EntityAttrName="Attribute18"
      EntityUsage="ODEBillTransmissionEO"
      AliasName="ATTRIBUTE18"
      ColumnType="VARCHAR2" >
   </ViewAttribute>
   <ViewAttribute
      Name="Attribute19"
      EntityAttrName="Attribute19"
      EntityUsage="ODEBillTransmissionEO"
      AliasName="ATTRIBUTE19"
      ColumnType="VARCHAR2" >
   </ViewAttribute>
   <ViewAttribute
      Name="Attribute20"
      EntityAttrName="Attribute20"
      EntityUsage="ODEBillTransmissionEO"
      AliasName="ATTRIBUTE20"
      ColumnType="VARCHAR2" >
   </ViewAttribute>
   <ViewAttribute
      Name="EmailSplInstruction"
      IsPersistent="false"
      Precision="255"
      Type="java.lang.String"
      AliasName="VIEW_ATTR"
      ColumnType="VARCHAR2"
      SQLType="VARCHAR" >
   </ViewAttribute>
</ViewObject>
