<?xml version="1.0" encoding='windows-1252'?>
<!DOCTYPE ViewObject SYSTEM "jbo_03_01.dtd">

<ViewObject
   Name="ODSimpleFuncPVO"
   OrderBy="SOURCE_VALUE1"
   BindingStyle="Oracle"
   CustomQuery="true"
   RowClass="oracle.apps.fnd.framework.server.OAViewRowImpl"
   ComponentClass="oracle.apps.fnd.framework.server.OAViewObjectImpl"
   MsgBundleClass="oracle.jbo.common.JboResourceBundle"
   UseGlueCode="false" >
   <SQLQuery><![CDATA[
SELECT SOURCE_VALUE1,
  SOURCE_VALUE2
FROM apps.XX_FIN_TRANSLATEVALUES val,
     apps.XX_FIN_TRANSLATEDEFINITION    trn
WHERE trn.TRANSLATE_ID = val.TRANSLATE_ID
and   trn.TRANSLATION_NAME like 'XX_CRM_EBL_FUNCTIONS'
   ]]></SQLQuery>
   <DesignTime>
      <Attr Name="_version" Value="9.0.3.12.53" />
      <Attr Name="_CodeGenFlagNew" Value="4" />
   </DesignTime>
   <ViewAttribute
      Name="SourceValue1"
      IsPersistent="false"
      Precision="240"
      Type="java.lang.String"
      AliasName="SOURCE_VALUE1"
      ColumnType="VARCHAR2"
      Expression="SOURCE_VALUE1"
      SQLType="VARCHAR" >
      <DesignTime>
         <Attr Name="_DisplaySize" Value="240" />
      </DesignTime>
   </ViewAttribute>
   <ViewAttribute
      Name="SourceValue2"
      IsPersistent="false"
      Precision="240"
      Type="java.lang.String"
      AliasName="SOURCE_VALUE2"
      ColumnType="VARCHAR2"
      Expression="SOURCE_VALUE2"
      SQLType="VARCHAR" >
      <DesignTime>
         <Attr Name="_DisplaySize" Value="240" />
      </DesignTime>
   </ViewAttribute>
</ViewObject>
