<?xml version="1.0" encoding='windows-1252'?>
<!DOCTYPE JboPackage SYSTEM "jbo_03_01.dtd">

<JboPackage
   Name="server"
   SeparateXMLFiles="true"
   PackageName="od.oracle.apps.xxcrm.cdh.ebl.eblmain.server" >
   <DesignTime>
      <Attr Name="_version" Value="9.0.3.12.53" />
      <Attr Name="_ejbPackage" Value="false" />
   </DesignTime>
   <Containee
      Name="ODEBillFuncAM"
      FullName="od.oracle.apps.xxcrm.cdh.ebl.eblmain.server.ODEBillFuncAM"
      ObjectType="AppModule" >
   </Containee>
   <Containee
      Name="ODEBillETxtFunctionAM"
      FullName="od.oracle.apps.xxcrm.cdh.ebl.eblmain.server.ODEBillETxtFunctionAM"
      ObjectType="AppModule" >
   </Containee>
   <Containee
      Name="ODSimpleFuncPVO"
      FullName="od.oracle.apps.xxcrm.cdh.ebl.eblmain.server.ODSimpleFuncPVO"
      ObjectType="ViewObject" >
   </Containee>
   <Containee
      Name="ODEblEtxtFunctionsVO"
      FullName="od.oracle.apps.xxcrm.cdh.ebl.eblmain.server.ODEblEtxtFunctionsVO"
      ObjectType="ViewObject" >
   </Containee>
   <Containee
      Name="ODEBillFieldsPVO"
      FullName="od.oracle.apps.xxcrm.cdh.ebl.eblmain.server.ODEBillFieldsPVO"
      ObjectType="ViewObject" >
   </Containee>
</JboPackage>
