<?xml version = '1.0' encoding = 'UTF-8'?>
<!-- dbdrv: exec java oracle/jrad/tools/xml/importer XMLImporter.class java &phase=dat+24 checkfile:~PROD:~PATH:~FILE &fullpath:~PROD:~PATH:~FILE -username &un_apps -password &pw_apps -dbconnection &jdbc_db_addr  -userId "1" -rootPackage /oracle/apps/~PROD  -rootdir &fullpath:~PROD:mds:directory  -->
<page xmlns:jrad="http://xmlns.oracle.com/jrad" xmlns:oa="http://xmlns.oracle.com/oa" xmlns:ui="http://xmlns.oracle.com/uix/ui" version="9.0.3.8.10_1080" xml:lang="en-US" xmlns:user="http://xmlns.oracle.com/jrad/user" xmlns="http://xmlns.oracle.com/jrad" file-version="$Header$">
   <content>
      <oa:pageLayout id="MainRN" amDefName="od.oracle.apps.xxcrm.cdh.ebl.eblmain.server.ODEBillFuncAM" windowTitle="Query Validator" title="Test Complex Function">
         <ui:corporateBranding>
            <oa:image id="corporateBrandingImage" source="/OA_MEDIA/FNDSSCORP.gif"/>
         </ui:corporateBranding>
         <ui:contents>
            <oa:spacer id="dummySpace2" height="5"/>
            <oa:messageComponentLayout id="QryValidateRN" rows="3" columns="2" controllerClass="od.oracle.apps.xxcrm.cdh.ebl.eblmain.webui.ODEBillFuncCO">
               <ui:contents>
                  <oa:messageTextInput id="QryInputItm" rows="15" maximumLength="4000" columns="100" prompt="Enter Your Query"/>
                  <oa:messageLayout id="msgBtnLayout">
                     <ui:contents>
                        <oa:spacer id="dummySpace" height="5"/>
                        <oa:submitButton id="Validate" text="Validate" prompt="Validate"/>
                        <oa:submitButton id="Select" text="Select" prompt="Select"/>
                     </ui:contents>
                  </oa:messageLayout>
               </ui:contents>
            </oa:messageComponentLayout>
         </ui:contents>
      </oa:pageLayout>
   </content>
</page>
