<?xml version = '1.0' encoding = 'UTF-8'?>
<!-- dbdrv: exec java oracle/jrad/tools/xml/importer XMLImporter.class java &phase=dat+24 checkfile:~PROD:~PATH:~FILE &fullpath:~PROD:~PATH:~FILE -username &un_apps -password &pw_apps -dbconnection &jdbc_db_addr  -userId "1" -rootPackage /oracle/apps/~PROD  -rootdir &fullpath:~PROD:mds:directory  -->
<page xmlns:jrad="http://xmlns.oracle.com/jrad" xmlns:oa="http://xmlns.oracle.com/oa" xmlns:ui="http://xmlns.oracle.com/uix/ui" version="9.0.3.8.10_1080" xml:lang="en-US" xmlns:user="http://xmlns.oracle.com/jrad/user" xmlns="http://xmlns.oracle.com/jrad" file-version="$Header$">
   <content>
      <oa:pageLayout id="MainRN" amDefName="od.oracle.apps.xxcrm.cdh.ebl.eblmain.server.ODEBillETxtFunctionAM">
         <ui:corporateBranding>
            <oa:image id="corporateBrandingImage" source="/OA_MEDIA/FNDSSCORP.gif"/>
         </ui:corporateBranding>
         <ui:contents>
            <oa:table id="ODEblEtxtFunctionsRN" controllerClass="od.oracle.apps.xxcrm.cdh.ebl.eblmain.webui.ODEblEtxtFunctionCO">
               <ui:contents>
                  <oa:messageTextInput id="CustDocId" dataType="NUMBER" prompt="Cust Document ID" viewName="ODEblEtxtFunctionsVO" viewAttr="CustDocId"/>
                  <oa:messageTextInput id="EblFuncOrderSeq" dataType="NUMBER" prompt="Function Order" viewName="ODEblEtxtFunctionsVO" viewAttr="EblFuncOrderSeq"/>
                  <oa:messageChoice id="EblFunction" dataType="VARCHAR2" prompt="Function" viewName="ODEblEtxtFunctionsVO" viewAttr="EblFunction" pickListViewName="ODSimpleFuncPVO" pickListDispAttr="SourceValue1" pickListValAttr="SourceValue2"/>
                  <oa:messageChoice id="FieldId1" dataType="NUMBER" prompt="Field" viewName="ODEblEtxtFunctionsVO" viewAttr="FieldId1" pickListViewName="ODEBillFieldsPVO" pickListDispAttr="FieldName" pickListValAttr="FieldId"/>
                  <oa:messageTextInput id="ConstantValue1" dataType="VARCHAR2" prompt="Complex Function" viewName="ODEblEtxtFunctionsVO" viewAttr="ConstantValue1" maximumLength="1000" rendered="true"/>
                  <oa:messageTextInput id="FieldId2" dataType="NUMBER" prompt="FieldId2" viewName="ODEblEtxtFunctionsVO" viewAttr="FieldId2" rendered="false"/>
                  <oa:messageTextInput id="ConstantValue2" dataType="VARCHAR2" prompt="ConstantValue2" viewName="ODEblEtxtFunctionsVO" viewAttr="ConstantValue2" maximumLength="1000" rendered="false"/>
                  <oa:messageTextInput id="FieldId3" dataType="NUMBER" prompt="FieldId3" viewName="ODEblEtxtFunctionsVO" viewAttr="FieldId3" rendered="false"/>
                  <oa:messageTextInput id="ConstantValue3" dataType="VARCHAR2" prompt="ConstantValue3" viewName="ODEblEtxtFunctionsVO" viewAttr="ConstantValue3" maximumLength="1000" rendered="false"/>
                  <oa:messageTextInput id="FieldId4" dataType="NUMBER" prompt="FieldId4" viewName="ODEblEtxtFunctionsVO" viewAttr="FieldId4" rendered="false"/>
                  <oa:messageTextInput id="ConstantValue4" dataType="VARCHAR2" prompt="ConstantValue4" viewName="ODEblEtxtFunctionsVO" viewAttr="ConstantValue4" maximumLength="1000" rendered="false"/>
                  <oa:messageTextInput id="FieldId5" dataType="NUMBER" prompt="FieldId5" viewName="ODEblEtxtFunctionsVO" viewAttr="FieldId5" rendered="false"/>
                  <oa:messageTextInput id="ConstantValue5" dataType="VARCHAR2" prompt="ConstantValue5" viewName="ODEblEtxtFunctionsVO" viewAttr="ConstantValue5" maximumLength="1000" rendered="false"/>
                  <oa:messageTextInput id="FieldId6" dataType="NUMBER" prompt="FieldId6" viewName="ODEblEtxtFunctionsVO" viewAttr="FieldId6" rendered="false"/>
                  <oa:messageTextInput id="ConstantValue6" dataType="VARCHAR2" prompt="ConstantValue6" viewName="ODEblEtxtFunctionsVO" viewAttr="ConstantValue6" maximumLength="1000" rendered="false"/>
                  <oa:messageTextInput id="FieldId7" dataType="NUMBER" prompt="FieldId7" viewName="ODEblEtxtFunctionsVO" viewAttr="FieldId7" rendered="false"/>
                  <oa:messageTextInput id="ConstantValue7" dataType="VARCHAR2" prompt="ConstantValue7" viewName="ODEblEtxtFunctionsVO" viewAttr="ConstantValue7" maximumLength="1000" rendered="false"/>
                  <oa:messageTextInput id="FieldId8" dataType="NUMBER" prompt="FieldId8" viewName="ODEblEtxtFunctionsVO" viewAttr="FieldId8" rendered="false"/>
                  <oa:messageTextInput id="ConstantValue8" dataType="VARCHAR2" prompt="ConstantValue8" viewName="ODEblEtxtFunctionsVO" viewAttr="ConstantValue8" maximumLength="1000" rendered="false"/>
                  <oa:messageTextInput id="FieldId9" dataType="NUMBER" prompt="FieldId9" viewName="ODEblEtxtFunctionsVO" viewAttr="FieldId9" rendered="false"/>
                  <oa:messageTextInput id="ConstantValue9" dataType="VARCHAR2" prompt="ConstantValue9" viewName="ODEblEtxtFunctionsVO" viewAttr="ConstantValue9" maximumLength="1000" rendered="false"/>
                  <oa:messageTextInput id="FieldId10" dataType="NUMBER" prompt="FieldId10" viewName="ODEblEtxtFunctionsVO" viewAttr="FieldId10" rendered="false"/>
                  <oa:messageTextInput id="ConstantValue10" dataType="VARCHAR2" prompt="ConstantValue10" viewName="ODEblEtxtFunctionsVO" viewAttr="ConstantValue10" maximumLength="1000" rendered="false"/>
                  <oa:submitButton id="ComplexFunc" text="Complex Function" prompt="Complex Function">
                     <ui:primaryClientAction>
                        <ui:firePartialAction event="CplxFun">
                           <ui:parameters>
                              <ui:parameter key="Function" value="${oa.current.EblFunction}"/>
                              <ui:parameter key="Column1" value="${oa.current.FieldId1}"/>
                           </ui:parameters>
                        </ui:firePartialAction>
                     </ui:primaryClientAction>
                  </oa:submitButton>
               </ui:contents>
               <ui:tableActions>
                  <oa:flowLayout id="tblActionBtnRN">
                     <ui:contents>
                        <oa:submitButton id="Create" text="Create" prompt="Create"/>
                        <oa:submitButton id="Apply" text="Apply" prompt="Apply"/>
                     </ui:contents>
                  </oa:flowLayout>
               </ui:tableActions>
            </oa:table>
         </ui:contents>
      </oa:pageLayout>
   </content>
</page>
