<?xml version = '1.0' encoding = 'UTF-8'?>
<dimensions xmlns="http://xmlns.oracle.com/metadata" xml:lang="en-US">
   <dimension id="XXBI_CUST_AGE_BUCKET_DIM" objectName="XXBI_CUST_AGE_BUCKET_DIM" application="XXCRM" createdBy="537503" creationDate="2009-03-31T17:04:20" lastUpdatedBy="537503" lastUpdateDate="2009-03-31T17:04:20" lastUpdateLogin="4909941" enabled="true" obsolete="false" systemMaintained="false" isTimeDimension="false">
      <displayName id="XXBI_CUST_AGE_BUCKET_DIMDisplayNameId">XXBI_CUST_AGE_BUCKET_DIM</displayName>
      <dimensionLevels>
         <dimensionLevel id="XXBI_CUST_AGE_BUCKET_DO" objectName="XXBI_CUST_AGE_BUCKET_DO" application="XXCRM" createdBy="537503" creationDate="2009-03-31T17:04:21" lastUpdatedBy="537503" lastUpdateDate="2009-03-31T17:04:23" lastUpdateLogin="4909941" enabled="true" obsolete="false" systemMaintained="false" graphSortType="VALUE_DESC" allValueLabel="All" compValueLabel="Comparison">
            <displayName id="XXBI_CUST_AGE_BUCKET_DODisplayNameId">XXBI_CUST_AGE_BUCKET_DO</displayName>
            <description id="XXBI_CUST_AGE_BUCKET_DODescriptionId">Age Buckets Dimension For Customers
</description>
            <valueSource>
               <dataSource>
                  <table>XXBI_CUST_AGE_BUCKET_DIM_V</table>
               </dataSource>
               <column columnName="ID"/>
               <prototypeData>
                  <character id="XXBI_CUST_AGE_BUCKET_DOPrototypeData" prefix="XXBI_CUS"/>
               </prototypeData>
            </valueSource>
            <idColumn columnName="ID"/>
            <nameColumn columnName="NAME"/>
            <sortColumn columnName="NAME"/>
            <dimensionLevelRelationships/>
         </dimensionLevel>
      </dimensionLevels>
   </dimension>
   <dimension id="XXBI_CUST_CITY_DIM" objectName="XXBI_CUST_CITY_DIM" application="XXCRM" createdBy="537503" creationDate="2009-03-31T17:04:25" lastUpdatedBy="537503" lastUpdateDate="2009-03-31T17:04:25" lastUpdateLogin="4909941" enabled="true" obsolete="false" systemMaintained="false" isTimeDimension="false">
      <displayName id="XXBI_CUST_CITY_DIMDisplayNameId">XXBI_CUST_CITY_DIM</displayName>
      <dimensionLevels>
         <dimensionLevel id="XXBI_CUST_CITY_DO" objectName="XXBI_CUST_CITY_DO" application="XXCRM" createdBy="537503" creationDate="2009-03-31T17:04:25" lastUpdatedBy="537503" lastUpdateDate="2009-03-31T17:04:25" lastUpdateLogin="4909941" enabled="true" obsolete="false" systemMaintained="false" graphSortType="VALUE_DESC" allValueLabel="All" compValueLabel="Comparison">
            <displayName id="XXBI_CUST_CITY_DODisplayNameId">XXBI_CUST_CITY_DO</displayName>
            <description id="XXBI_CUST_CITY_DODescriptionId">City Dimension For Customer
</description>
            <valueSource>
               <dataSource>
                  <table>XXBI_CUST_CITY_DIM_V</table>
               </dataSource>
               <column columnName="ID"/>
               <prototypeData>
                  <character id="XXBI_CUST_CITY_DOPrototypeData" prefix="XXBI_CUS"/>
               </prototypeData>
            </valueSource>
            <idColumn columnName="ID"/>
            <nameColumn columnName="NAME"/>
            <sortColumn columnName="NAME"/>
            <dimensionLevelRelationships/>
         </dimensionLevel>
      </dimensionLevels>
   </dimension>
   <dimension id="XXBI_CUST_ST_PROV_DIM" objectName="XXBI_CUST_ST_PROV_DIM" application="XXCRM" createdBy="537503" creationDate="2009-03-31T17:04:25" lastUpdatedBy="537503" lastUpdateDate="2009-03-31T17:04:25" lastUpdateLogin="4909941" enabled="true" obsolete="false" systemMaintained="false" isTimeDimension="false">
      <displayName id="XXBI_CUST_ST_PROV_DIMDisplayNameId">XXBI_CUST_ST_PROV_DIM</displayName>
      <dimensionLevels>
         <dimensionLevel id="XXBI_CUST_ST_PROV_DO" objectName="XXBI_CUST_ST_PROV_DO" application="XXCRM" createdBy="537503" creationDate="2009-03-31T17:04:25" lastUpdatedBy="537503" lastUpdateDate="2009-03-31T17:04:25" lastUpdateLogin="4909941" enabled="true" obsolete="false" systemMaintained="false" graphSortType="VALUE_DESC" allValueLabel="All" compValueLabel="Comparison">
            <displayName id="XXBI_CUST_ST_PROV_DODisplayNameId">XXBI_CUST_ST_PROV_DO</displayName>
            <description id="XXBI_CUST_ST_PROV_DODescriptionId">State/Province Dimension For Customers
</description>
            <valueSource>
               <dataSource>
                  <table>XXBI_CUST_ST_PROV_DIM_V</table>
               </dataSource>
               <column columnName="ID"/>
               <prototypeData>
                  <character id="XXBI_CUST_ST_PROV_DOPrototypeData" prefix="XXBI_CUS"/>
               </prototypeData>
            </valueSource>
            <idColumn columnName="ID"/>
            <nameColumn columnName="NAME"/>
            <sortColumn columnName="NAME"/>
            <dimensionLevelRelationships/>
         </dimensionLevel>
      </dimensionLevels>
   </dimension>
   <dimension id="XXBI_CUST_ZIP_DIM" objectName="XXBI_CUST_ZIP_DIM" application="XXCRM" createdBy="537503" creationDate="2009-03-31T17:04:25" lastUpdatedBy="537503" lastUpdateDate="2009-03-31T17:04:25" lastUpdateLogin="4909941" enabled="true" obsolete="false" systemMaintained="false" isTimeDimension="false">
      <displayName id="XXBI_CUST_ZIP_DIMDisplayNameId">XXBI_CUST_ZIP_DIM</displayName>
      <dimensionLevels>
         <dimensionLevel id="XXBI_CUST_ZIP_DO" objectName="XXBI_CUST_ZIP_DO" application="XXCRM" createdBy="537503" creationDate="2009-03-31T17:04:26" lastUpdatedBy="537503" lastUpdateDate="2009-03-31T17:04:26" lastUpdateLogin="4909941" enabled="true" obsolete="false" systemMaintained="false" graphSortType="VALUE_DESC" allValueLabel="All" compValueLabel="Comparison">
            <displayName id="XXBI_CUST_ZIP_DODisplayNameId">XXBI_CUST_ZIP_DO</displayName>
            <description id="XXBI_CUST_ZIP_DODescriptionId">Postal Code Dimension For Customers
</description>
            <valueSource>
               <dataSource>
                  <table>XXBI_CUST_ZIP_DIM_V</table>
               </dataSource>
               <column columnName="ID"/>
               <prototypeData>
                  <character id="XXBI_CUST_ZIP_DOPrototypeData" prefix="XXBI_CUS"/>
               </prototypeData>
            </valueSource>
            <idColumn columnName="ID"/>
            <nameColumn columnName="NAME"/>
            <sortColumn columnName="NAME"/>
            <dimensionLevelRelationships/>
         </dimensionLevel>
      </dimensionLevels>
   </dimension>
   <dimension id="XXBI_CUST_ID_DIM" objectName="XXBI_CUST_ID_DIM" application="XXCRM" createdBy="537503" creationDate="2009-03-31T17:04:26" lastUpdatedBy="537503" lastUpdateDate="2009-03-31T17:04:26" lastUpdateLogin="4909941" enabled="true" obsolete="false" systemMaintained="false" isTimeDimension="false">
      <displayName id="XXBI_CUST_ID_DIMDisplayNameId">XXBI_CUST_ID_DIM</displayName>
      <dimensionLevels>
         <dimensionLevel id="XXBI_CUST_ID_DO" objectName="XXBI_CUST_ID_DO" application="XXCRM" createdBy="537503" creationDate="2009-03-31T17:04:26" lastUpdatedBy="537503" lastUpdateDate="2009-03-31T17:04:26" lastUpdateLogin="4909941" enabled="true" obsolete="false" systemMaintained="false" graphSortType="VALUE_DESC" allValueLabel="All" compValueLabel="Comparison">
            <displayName id="XXBI_CUST_ID_DODisplayNameId">XXBI_CUST_ID_DO</displayName>
            <description id="XXBI_CUST_ID_DODescriptionId">Legacy Customer Number Sequence for Customers
</description>
            <valueSource>
               <dataSource>
                  <table>XXBI_CUST_ID_DIM_V</table>
               </dataSource>
               <column columnName="ID"/>
               <prototypeData>
                  <character id="XXBI_CUST_ID_DOPrototypeData" prefix="XXBI_CUS"/>
               </prototypeData>
            </valueSource>
            <idColumn columnName="ID"/>
            <nameColumn columnName="NAME"/>
            <sortColumn columnName="NAME"/>
            <dimensionLevelRelationships/>
         </dimensionLevel>
      </dimensionLevels>
   </dimension>
   <dimension id="XXBI_CUST_SITE_SEQ_DIM" objectName="XXBI_CUST_SITE_SEQ_DIM" application="XXCRM" createdBy="537503" creationDate="2009-03-31T17:04:26" lastUpdatedBy="537503" lastUpdateDate="2009-03-31T17:04:26" lastUpdateLogin="4909941" enabled="true" obsolete="false" systemMaintained="false" isTimeDimension="false">
      <displayName id="XXBI_CUST_SITE_SEQ_DIMDisplayNameId">XXBI_CUST_SITE_SEQ_DIM</displayName>
      <dimensionLevels>
         <dimensionLevel id="XXBI_CUST_SITE_SEQ_DO" objectName="XXBI_CUST_SITE_SEQ_DO" application="XXCRM" createdBy="537503" creationDate="2009-03-31T17:04:26" lastUpdatedBy="537503" lastUpdateDate="2009-03-31T17:04:26" lastUpdateLogin="4909941" enabled="true" obsolete="false" systemMaintained="false" graphSortType="VALUE_DESC" allValueLabel="All" compValueLabel="Comparison">
            <displayName id="XXBI_CUST_SITE_SEQ_DODisplayNameId">XXBI_CUST_SITE_SEQ_DO</displayName>
            <description id="XXBI_CUST_SITE_SEQ_DODescriptionId">Site Sequence Dimension For Customers
</description>
            <valueSource>
               <dataSource>
                  <table>XXBI_CUST_SITE_SEQ_DIM_V</table>
               </dataSource>
               <column columnName="ID"/>
               <prototypeData>
                  <character id="XXBI_CUST_SITE_SEQ_DOPrototypeData" prefix="XXBI_CUS"/>
               </prototypeData>
            </valueSource>
            <idColumn columnName="ID"/>
            <nameColumn columnName="NAME"/>
            <sortColumn columnName="NAME"/>
            <dimensionLevelRelationships/>
         </dimensionLevel>
      </dimensionLevels>
   </dimension>
   <dimension id="XXBI_CUST_SIC_CODE_DO" objectName="XXBI_CUST_SIC_CODE_DO" application="XXCRM" createdBy="537503" creationDate="2009-03-31T17:04:26" lastUpdatedBy="537503" lastUpdateDate="2009-03-31T17:04:26" lastUpdateLogin="4909941" enabled="true" obsolete="false" systemMaintained="false" isTimeDimension="false">
      <displayName id="XXBI_CUST_SIC_CODE_DODisplayNameId">XXBI_CUST_SIC_CODE_DIM</displayName>
      <dimensionLevels>
         <dimensionLevel id="XXBI_CUST_SIC_CODE_DO" objectName="XXBI_CUST_SIC_CODE_DO" application="XXCRM" createdBy="537503" creationDate="2009-03-31T17:04:26" lastUpdatedBy="537503" lastUpdateDate="2009-03-31T17:04:27" lastUpdateLogin="4909941" enabled="true" obsolete="false" systemMaintained="false" graphSortType="VALUE_DESC" allValueLabel="All" compValueLabel="Comparison">
            <displayName id="XXBI_CUST_SIC_CODE_DODisplayNameId">XXBI_CUST_SIC_CODE_DO</displayName>
            <description id="XXBI_CUST_SIC_CODE_DODescriptionId">Customer SIC Code</description>
            <valueSource>
               <dataSource>
                  <table>XXBI_CUST_SIC_CODE_DIM_V</table>
               </dataSource>
               <column columnName="ID"/>
               <prototypeData>
                  <character id="XXBI_CUST_SIC_CODE_DOPrototypeData" prefix="XXBI_CUS"/>
               </prototypeData>
            </valueSource>
            <idColumn columnName="ID"/>
            <nameColumn columnName="NAME"/>
            <sortColumn columnName="NAME"/>
            <dimensionLevelRelationships/>
         </dimensionLevel>
      </dimensionLevels>
   </dimension>
   <dimension id="XXBI_CUST_TYPE_DIM" objectName="XXBI_CUST_TYPE_DIM" application="XXCRM" createdBy="537503" creationDate="2009-03-31T17:04:27" lastUpdatedBy="537503" lastUpdateDate="2009-03-31T17:04:27" lastUpdateLogin="4909941" enabled="true" obsolete="false" systemMaintained="false" isTimeDimension="false">
      <displayName id="XXBI_CUST_TYPE_DIMDisplayNameId">XXBI_CUST_TYPE_DIM</displayName>
      <dimensionLevels>
         <dimensionLevel id="XXBI_CUST_TYPE_DO" objectName="XXBI_CUST_TYPE_DO" application="XXCRM" createdBy="537503" creationDate="2009-03-31T17:04:27" lastUpdatedBy="537503" lastUpdateDate="2009-03-31T17:04:27" lastUpdateLogin="4909941" enabled="true" obsolete="false" systemMaintained="false" graphSortType="VALUE_DESC" allValueLabel="All" compValueLabel="Comparison">
            <displayName id="XXBI_CUST_TYPE_DODisplayNameId">XXBI_CUST_TYPE_DO</displayName>
            <description id="XXBI_CUST_TYPE_DODescriptionId">OD: Customer Type Dimension</description>
            <valueSource>
               <dataSource>
                  <table>XXBI_CUST_TYPE_DIM_V</table>
               </dataSource>
               <column columnName="ID"/>
               <prototypeData>
                  <character id="XXBI_CUST_TYPE_DOPrototypeData" prefix="XXBI_CUS"/>
               </prototypeData>
            </valueSource>
            <idColumn columnName="ID"/>
            <nameColumn columnName="NAME"/>
            <sortColumn columnName="NAME"/>
            <dimensionLevelRelationships/>
         </dimensionLevel>
      </dimensionLevels>
   </dimension>
   <dimension id="XXBI_CUST_REVENUE_BAND_DIM" objectName="XXBI_CUST_REVENUE_BAND_DIM" application="XXCRM" createdBy="537503" creationDate="2009-03-27T12:51:42" lastUpdatedBy="537503" lastUpdateDate="2009-03-27T12:51:42" lastUpdateLogin="4876097" enabled="true" obsolete="false" systemMaintained="false" isTimeDimension="false">
      <displayName id="XXBI_CUST_REVENUE_BAND_DIMDisplayNameId">XXBI_CUST_REVENUE_BAND_DIM</displayName>
      <dimensionLevels>
         <dimensionLevel id="XXBI_CUST_REVENUE_BAND_DO" objectName="XXBI_CUST_REVENUE_BAND_DO" application="XXCRM" createdBy="537503" creationDate="2009-03-27T12:51:44" lastUpdatedBy="537503" lastUpdateDate="2009-03-27T12:51:45" lastUpdateLogin="4876097" enabled="true" obsolete="false" systemMaintained="false" graphSortType="VALUE_DESC" allValueLabel="All" compValueLabel="Comparison">
            <displayName id="XXBI_CUST_REVENUE_BAND_DODisplayNameId">XXBI_CUST_REVENUE_BAND_DO</displayName>
            <description id="XXBI_CUST_REVENUE_BAND_DODescriptionId">OD: Customer Revenue Band Dim</description>
            <valueSource>
               <dataSource>
                  <table>XXBI_CUST_REVENUE_BAND_DIM_V</table>
               </dataSource>
               <column columnName="ID"/>
               <prototypeData>
                  <character id="XXBI_CUST_REVENUE_BAND_DOPrototypeData" prefix="XXBI_CUS"/>
               </prototypeData>
            </valueSource>
            <idColumn columnName="ID"/>
            <nameColumn columnName="NAME"/>
            <sortColumn columnName="NAME"/>
            <dimensionLevelRelationships/>
         </dimensionLevel>
      </dimensionLevels>
   </dimension>
   <parameterGroups>
      <parameterGroup id="XXBI_CUST_AGE_BUCKET_DIM" objectName="XXBI_CUST_AGE_BUCKET_DIM" enabled="true" obsolete="false">
         <displayName id="XXBI_CUST_AGE_BUCKET_DIMDisplayNameId">XXBI_CUST_AGE_BUCKET_DIM</displayName>
         <description id="XXBI_CUST_AGE_BUCKET_DIMDescriptionId"/>
         <parameters>
            <parameter dimensionName="XXBI_CUST_AGE_BUCKET_DIM" dimensionLevelName="XXBI_CUST_AGE_BUCKET_DO" allEnabled="true" viewByEnabled="true" displayTypeWhenAllValuesInParent="DISPLAY" displayTypeWhenNoValuesAvailable="DISPLAY" whereClause="">
               <defaultValue>
                  <literal>ALL</literal>
               </defaultValue>
            </parameter>
         </parameters>
      </parameterGroup>
      <parameterGroup id="XXBI_CUST_CITY_DIM" objectName="XXBI_CUST_CITY_DIM" enabled="true" obsolete="false">
         <displayName id="XXBI_CUST_CITY_DIMDisplayNameId">XXBI_CUST_CITY_DIM</displayName>
         <description id="XXBI_CUST_CITY_DIMDescriptionId"/>
         <parameters>
            <parameter dimensionName="XXBI_CUST_CITY_DIM" dimensionLevelName="XXBI_CUST_CITY_DO" allEnabled="true" viewByEnabled="true" displayTypeWhenAllValuesInParent="DISPLAY" displayTypeWhenNoValuesAvailable="DISPLAY" whereClause="">
               <defaultValue>
                  <literal>ALL</literal>
               </defaultValue>
            </parameter>
         </parameters>
      </parameterGroup>
      <parameterGroup id="XXBI_CUST_ST_PROV_DIM" objectName="XXBI_CUST_ST_PROV_DIM" enabled="true" obsolete="false">
         <displayName id="XXBI_CUST_ST_PROV_DIMDisplayNameId">XXBI_CUST_ST_PROV_DIM</displayName>
         <description id="XXBI_CUST_ST_PROV_DIMDescriptionId"/>
         <parameters>
            <parameter dimensionName="XXBI_CUST_ST_PROV_DIM" dimensionLevelName="XXBI_CUST_ST_PROV_DO" allEnabled="true" viewByEnabled="true" displayTypeWhenAllValuesInParent="DISPLAY" displayTypeWhenNoValuesAvailable="DISPLAY" whereClause="">
               <defaultValue>
                  <literal>ALL</literal>
               </defaultValue>
            </parameter>
         </parameters>
      </parameterGroup>
      <parameterGroup id="XXBI_CUST_ZIP_DIM" objectName="XXBI_CUST_ZIP_DIM" enabled="true" obsolete="false">
         <displayName id="XXBI_CUST_ZIP_DIMDisplayNameId">XXBI_CUST_ZIP_DIM</displayName>
         <description id="XXBI_CUST_ZIP_DIMDescriptionId"/>
         <parameters>
            <parameter dimensionName="XXBI_CUST_ZIP_DIM" dimensionLevelName="XXBI_CUST_ZIP_DO" allEnabled="true" viewByEnabled="true" displayTypeWhenAllValuesInParent="DISPLAY" displayTypeWhenNoValuesAvailable="DISPLAY" whereClause="">
               <defaultValue>
                  <literal>ALL</literal>
               </defaultValue>
            </parameter>
         </parameters>
      </parameterGroup>
      <parameterGroup id="XXBI_CUST_ID_DIM" objectName="XXBI_CUST_ID_DIM" enabled="true" obsolete="false">
         <displayName id="XXBI_CUST_ID_DIMDisplayNameId">XXBI_CUST_ID_DIM</displayName>
         <description id="XXBI_CUST_ID_DIMDescriptionId"/>
         <parameters>
            <parameter dimensionName="XXBI_CUST_ID_DIM" dimensionLevelName="XXBI_CUST_ID_DO" allEnabled="true" viewByEnabled="true" displayTypeWhenAllValuesInParent="DISPLAY" displayTypeWhenNoValuesAvailable="DISPLAY" whereClause="">
               <defaultValue>
                  <literal>ALL</literal>
               </defaultValue>
            </parameter>
         </parameters>
      </parameterGroup>
      <parameterGroup id="XXBI_CUST_SITE_SEQ_DIM" objectName="XXBI_CUST_SITE_SEQ_DIM" enabled="true" obsolete="false">
         <displayName id="XXBI_CUST_SITE_SEQ_DIMDisplayNameId">XXBI_CUST_SITE_SEQ_DIM</displayName>
         <description id="XXBI_CUST_SITE_SEQ_DIMDescriptionId"/>
         <parameters>
            <parameter dimensionName="XXBI_CUST_SITE_SEQ_DIM" dimensionLevelName="XXBI_CUST_SITE_SEQ_DO" allEnabled="true" viewByEnabled="true" displayTypeWhenAllValuesInParent="DISPLAY" displayTypeWhenNoValuesAvailable="DISPLAY" whereClause="">
               <defaultValue>
                  <literal>ALL</literal>
               </defaultValue>
            </parameter>
         </parameters>
      </parameterGroup>
      <parameterGroup id="XXBI_CUST_SIC_CODE_DO" objectName="XXBI_CUST_SIC_CODE_DO" enabled="true" obsolete="false">
         <displayName id="XXBI_CUST_SIC_CODE_DODisplayNameId">XXBI_CUST_SIC_CODE_DIM</displayName>
         <description id="XXBI_CUST_SIC_CODE_DODescriptionId"/>
         <parameters>
            <parameter dimensionName="XXBI_CUST_SIC_CODE_DO" dimensionLevelName="XXBI_CUST_SIC_CODE_DO" allEnabled="true" viewByEnabled="true" displayTypeWhenAllValuesInParent="DISPLAY" displayTypeWhenNoValuesAvailable="DISPLAY" whereClause="">
               <defaultValue>
                  <literal>ALL</literal>
               </defaultValue>
            </parameter>
         </parameters>
      </parameterGroup>
      <parameterGroup id="XXBI_CUST_TYPE_DIM" objectName="XXBI_CUST_TYPE_DIM" enabled="true" obsolete="false">
         <displayName id="XXBI_CUST_TYPE_DIMDisplayNameId">XXBI_CUST_TYPE_DIM</displayName>
         <description id="XXBI_CUST_TYPE_DIMDescriptionId"/>
         <parameters>
            <parameter dimensionName="XXBI_CUST_TYPE_DIM" dimensionLevelName="XXBI_CUST_TYPE_DO" allEnabled="true" viewByEnabled="true" displayTypeWhenAllValuesInParent="DISPLAY" displayTypeWhenNoValuesAvailable="DISPLAY" whereClause="">
               <defaultValue>
                  <literal>ALL</literal>
               </defaultValue>
            </parameter>
         </parameters>
      </parameterGroup>
      <parameterGroup id="XXBI_CUST_REVENUE_BAND_DIM" objectName="XXBI_CUST_REVENUE_BAND_DIM" enabled="true" obsolete="false">
         <displayName id="XXBI_CUST_REVENUE_BAND_DIMDisplayNameId">XXBI_CUST_REVENUE_BAND_DIM</displayName>
         <description id="XXBI_CUST_REVENUE_BAND_DIMDescriptionId"/>
         <parameters>
            <parameter dimensionName="XXBI_CUST_REVENUE_BAND_DIM" dimensionLevelName="XXBI_CUST_REVENUE_BAND_DO" allEnabled="true" viewByEnabled="true" displayTypeWhenAllValuesInParent="DISPLAY" displayTypeWhenNoValuesAvailable="DISPLAY" whereClause="">
               <defaultValue>
                  <literal>ALL</literal>
               </defaultValue>
            </parameter>
         </parameters>
      </parameterGroup>
      <parameterGroup id="XXBI_REP_ICUST_PROSP_SUM_RPT" objectName="XXBI_REP_ICUST_PROSP_SUM_RPT" enabled="true" obsolete="false">
         <displayName id="XXBI_REP_ICUST_PROSP_SUM_RPTDisplayNameId">My Prospects</displayName>
         <description id="XXBI_REP_ICUST_PROSP_SUM_RPTDescriptionId"/>
         <parameters>
            <parameter dimensionName="XXBI_CUST_AGE_BUCKET_DIM" dimensionLevelName="XXBI_CUST_AGE_BUCKET_DO" allEnabled="true" viewByEnabled="true" displayTypeWhenAllValuesInParent="DISPLAY" displayTypeWhenNoValuesAvailable="DISPLAY" whereClause="">
               <defaultValue>
                  <literal>ALL</literal>
               </defaultValue>
            </parameter>
            <parameter dimensionName="XXBI_CUST_CITY_DIM" dimensionLevelName="XXBI_CUST_CITY_DO" allEnabled="true" viewByEnabled="true" displayTypeWhenAllValuesInParent="DISPLAY" displayTypeWhenNoValuesAvailable="DISPLAY" whereClause="">
               <defaultValue>
                  <literal>ALL</literal>
               </defaultValue>
            </parameter>
            <parameter dimensionName="XXBI_CUST_ST_PROV_DIM" dimensionLevelName="XXBI_CUST_ST_PROV_DO" allEnabled="true" viewByEnabled="true" displayTypeWhenAllValuesInParent="DISPLAY" displayTypeWhenNoValuesAvailable="DISPLAY" whereClause="">
               <defaultValue>
                  <literal>ALL</literal>
               </defaultValue>
            </parameter>
            <parameter dimensionName="XXBI_CUST_ZIP_DIM" dimensionLevelName="XXBI_CUST_ZIP_DO" allEnabled="true" viewByEnabled="true" displayTypeWhenAllValuesInParent="DISPLAY" displayTypeWhenNoValuesAvailable="DISPLAY" whereClause="">
               <defaultValue>
                  <literal>ALL</literal>
               </defaultValue>
            </parameter>
            <parameter dimensionName="XXBI_CUST_ID_DIM" dimensionLevelName="XXBI_CUST_ID_DO" allEnabled="true" viewByEnabled="true" displayTypeWhenAllValuesInParent="DISPLAY" displayTypeWhenNoValuesAvailable="DISPLAY" whereClause="">
               <defaultValue>
                  <literal>ALL</literal>
               </defaultValue>
            </parameter>
            <parameter dimensionName="XXBI_CUST_SITE_SEQ_DIM" dimensionLevelName="XXBI_CUST_SITE_SEQ_DO" allEnabled="true" viewByEnabled="true" displayTypeWhenAllValuesInParent="DISPLAY" displayTypeWhenNoValuesAvailable="DISPLAY" whereClause="">
               <defaultValue>
                  <literal>ALL</literal>
               </defaultValue>
            </parameter>
            <parameter dimensionName="XXBI_CUST_SIC_CODE_DO" dimensionLevelName="XXBI_CUST_SIC_CODE_DO" allEnabled="true" viewByEnabled="true" displayTypeWhenAllValuesInParent="DISPLAY" displayTypeWhenNoValuesAvailable="DISPLAY" whereClause="">
               <defaultValue>
                  <literal>ALL</literal>
               </defaultValue>
            </parameter>
            <parameter dimensionName="XXBI_CUST_TYPE_DIM" dimensionLevelName="XXBI_CUST_TYPE_DO" allEnabled="true" viewByEnabled="true" displayTypeWhenAllValuesInParent="DISPLAY" displayTypeWhenNoValuesAvailable="DISPLAY" whereClause="">
               <defaultValue>
                  <literal>ALL</literal>
               </defaultValue>
            </parameter>
            <parameter dimensionName="XXBI_CUST_REVENUE_BAND_DIM" dimensionLevelName="XXBI_CUST_REVENUE_BAND_DO" allEnabled="true" viewByEnabled="true" displayTypeWhenAllValuesInParent="DISPLAY" displayTypeWhenNoValuesAvailable="DISPLAY" whereClause="">
               <defaultValue>
                  <literal>ALL</literal>
               </defaultValue>
            </parameter>
         </parameters>
      </parameterGroup>
   </parameterGroups>
</dimensions>
