<?xml version = '1.0' encoding = 'UTF-8'?>
<dimensions xmlns="http://xmlns.oracle.com/metadata" xml:lang="en-US">
   <dimension id="XXBI_CUST_CLASSIFICATION_DIM" objectName="XXBI_CUST_CLASSIFICATION_DIM" application="XXCRM" createdBy="539150" creationDate="2010-04-30T14:38:07" lastUpdatedBy="539150" lastUpdateDate="2010-04-30T14:38:07" lastUpdateLogin="11182831" enabled="true" obsolete="false" systemMaintained="false" isTimeDimension="false">
      <displayName id="XXBI_CUST_CLASSIFICATION_DIMDisplayNameId">XXBI_CUST_CLASSIFICATION_DIM</displayName>
      <description id="XXBI_CUST_CLASSIFICATION_DIMDescriptionId">Customer or Prospect</description>
      <dimensionLevels>
         <dimensionLevel id="XXBI_CUST_CLASSIFICATION_DO" objectName="XXBI_CUST_CLASSIFICATION_DO" application="XXCRM" createdBy="539150" creationDate="2010-04-30T14:38:08" lastUpdatedBy="539150" lastUpdateDate="2010-04-30T14:46:30" lastUpdateLogin="11182831" enabled="true" obsolete="false" systemMaintained="false" graphSortType="VALUE_DESC" allValueLabel="All" compValueLabel="Comparison">
            <displayName id="XXBI_CUST_CLASSIFICATION_DODisplayNameId">Customer/Prospect</displayName>
            <description id="XXBI_CUST_CLASSIFICATION_DODescriptionId">Customer or Prospect</description>
            <valueSource>
               <dataSource>
                  <table>XXBI_CUST_CLASSIFICATION_DIM_V</table>
               </dataSource>
               <column columnName="ID"/>
               <prototypeData>
                  <character id="XXBI_CUST_CLASSIFICATION_DOPrototypeData" prefix="XXBI_CUS"/>
               </prototypeData>
            </valueSource>
            <idColumn columnName="ID"/>
            <nameColumn columnName="NAME"/>
            <sortColumn columnName="NAME"/>
            <dimensionLevelRelationships/>
         </dimensionLevel>
      </dimensionLevels>
   </dimension>
   <dimension id="BSC_DIM_1708" objectName="BSC_DIM_1708" application="XXCRM" createdBy="539150" creationDate="2010-04-30T15:23:36" lastUpdatedBy="539150" lastUpdateDate="2010-04-30T15:23:36" lastUpdateLogin="11182831" enabled="true" obsolete="false" systemMaintained="false" isTimeDimension="false">
      <displayName id="BSC_DIM_1708DisplayNameId">XXBI_LOC_STATE_DIM</displayName>
      <description id="BSC_DIM_1708DescriptionId">Site Loc State Dimesion for Rep Dashboard (Customer and Prospect)</description>
      <dimensionLevels>
         <dimensionLevel id="BSC_DIM_OBJ_2017" objectName="BSC_DIM_OBJ_2017" application="XXCRM" createdBy="539150" creationDate="2010-04-30T15:23:36" lastUpdatedBy="539150" lastUpdateDate="2010-04-30T15:23:36" lastUpdateLogin="11182831" enabled="true" obsolete="false" systemMaintained="false" graphSortType="VALUE_ASC" allValueLabel="All" compValueLabel="Comparison">
            <displayName id="BSC_DIM_OBJ_2017DisplayNameId">XXBI_SITE_LOC_STATE_DO</displayName>
            <description id="BSC_DIM_OBJ_2017DescriptionId">State Dimesion Object for Rep Dashboard (Customer and Prospect)
</description>
            <valueSource>
               <dataSource>
                  <table>XXBI_USER_STATE_DIM_V</table>
               </dataSource>
               <column columnName="ID"/>
               <prototypeData>
                  <character id="BSC_DIM_OBJ_2017PrototypeData" prefix="XXBI_CP"/>
               </prototypeData>
            </valueSource>
            <idColumn columnName="ID"/>
            <nameColumn columnName="NAME"/>
            <sortColumn columnName="NAME"/>
            <dimensionLevelRelationships/>
         </dimensionLevel>
      </dimensionLevels>
   </dimension>
   <dimension id="XXBI_MNGR_LVL3_DIM" objectName="XXBI_MNGR_LVL3_DIM" application="XXCRM" createdBy="539150" creationDate="2010-04-30T14:41:17" lastUpdatedBy="539150" lastUpdateDate="2010-04-30T14:41:17" lastUpdateLogin="11182831" enabled="true" obsolete="false" systemMaintained="false" isTimeDimension="false">
      <displayName id="XXBI_MNGR_LVL3_DIMDisplayNameId">XXBI_MNGR_LVL3_DIM</displayName>
      <description id="XXBI_MNGR_LVL3_DIMDescriptionId">Sales hierarchy third level managers</description>
      <dimensionLevels>
         <dimensionLevel id="XXBI_MNGR_LVL3_DO" objectName="XXBI_MNGR_LVL3_DO" application="XXCRM" createdBy="539150" creationDate="2010-04-30T14:41:17" lastUpdatedBy="539150" lastUpdateDate="2010-04-30T14:42:33" lastUpdateLogin="11182831" enabled="true" obsolete="false" systemMaintained="false" graphSortType="VALUE_DESC" allValueLabel="All" compValueLabel="Comparison">
            <displayName id="XXBI_MNGR_LVL3_DODisplayNameId">MGR3</displayName>
            <description id="XXBI_MNGR_LVL3_DODescriptionId">Sales hierarchy third level manager</description>
            <valueSource>
               <dataSource>
                  <table>XXBI_MNGR_LVL3_DIM_V</table>
               </dataSource>
               <column columnName="ID"/>
               <prototypeData>
                  <character id="XXBI_MNGR_LVL3_DOPrototypeData" prefix="XXBI_MNG"/>
               </prototypeData>
            </valueSource>
            <idColumn columnName="ID"/>
            <nameColumn columnName="NAME"/>
            <sortColumn columnName="NAME"/>
            <dimensionLevelRelationships/>
         </dimensionLevel>
      </dimensionLevels>
   </dimension>
   <dimension id="XXBI_CS_POT_MODEL_DIM" objectName="XXBI_CS_POT_MODEL_DIM" application="XXCRM" createdBy="996429" creationDate="2009-06-09T12:18:37" lastUpdatedBy="996429" lastUpdateDate="2009-06-09T12:18:37" lastUpdateLogin="5807056" enabled="true" obsolete="false" systemMaintained="false" isTimeDimension="false">
      <displayName id="XXBI_CS_POT_MODEL_DIMDisplayNameId">XXBI_CS_POT_MODEL_DIM</displayName>
      <description id="XXBI_CS_POT_MODEL_DIMDescriptionId">ODCS: Potential Type Dim</description>
      <dimensionLevels>
         <dimensionLevel id="XXBI_CS_POT_MODEL_DO" objectName="XXBI_CS_POT_MODEL_DO" application="XXCRM" createdBy="996429" creationDate="2009-06-09T12:18:37" lastUpdatedBy="996429" lastUpdateDate="2009-06-09T12:18:37" lastUpdateLogin="5807056" enabled="true" obsolete="false" systemMaintained="false" graphSortType="VALUE_DESC" allValueLabel="All" compValueLabel="Comparison">
            <displayName id="XXBI_CS_POT_MODEL_DODisplayNameId">XXBI_CS_POT_MODEL_DO</displayName>
            <description id="XXBI_CS_POT_MODEL_DODescriptionId">ODCS: Model Dimension</description>
            <valueSource>
               <dataSource>
                  <table>XXBI_CS_POT_MODEL_DIM_V</table>
               </dataSource>
               <column columnName="ID"/>
               <prototypeData>
                  <character id="XXBI_CS_POT_MODEL_DOPrototypeData" prefix="XXBI_CS_"/>
               </prototypeData>
            </valueSource>
            <idColumn columnName="ID"/>
            <nameColumn columnName="NAME"/>
            <sortColumn columnName="NAME"/>
            <dimensionLevelRelationships/>
         </dimensionLevel>
      </dimensionLevels>
   </dimension>
   <dimension id="XXBI_CUSTOMER_LOYALTY_DIM" objectName="XXBI_CUSTOMER_LOYALTY_DIM" application="XXCRM" createdBy="539150" creationDate="2010-04-30T15:23:37" lastUpdatedBy="539150" lastUpdateDate="2010-04-30T15:23:37" lastUpdateLogin="11182831" enabled="true" obsolete="false" systemMaintained="false" isTimeDimension="false">
      <displayName id="XXBI_CUSTOMER_LOYALTY_DIMDisplayNameId">XXBI_CUSTOMER_LOYALTY_DIM</displayName>
      <description id="XXBI_CUSTOMER_LOYALTY_DIMDescriptionId">Customer Loyalty Codes</description>
      <dimensionLevels>
         <dimensionLevel id="XXBI_CUSTOMER_LOYALTY_DO" objectName="XXBI_CUSTOMER_LOYALTY_DO" application="XXCRM" createdBy="539150" creationDate="2010-04-30T15:23:37" lastUpdatedBy="539150" lastUpdateDate="2010-04-30T15:23:37" lastUpdateLogin="11182831" enabled="true" obsolete="false" systemMaintained="false" graphSortType="VALUE_DESC" allValueLabel="All" compValueLabel="Comparison">
            <displayName id="XXBI_CUSTOMER_LOYALTY_DODisplayNameId">XXBI_CUSTOMER_LOYALTY_DO</displayName>
            <description id="XXBI_CUSTOMER_LOYALTY_DODescriptionId">Customer Loyalty</description>
            <valueSource>
               <dataSource>
                  <table>XXBI_CUSTOMER_LOYALTY_DIM_V</table>
               </dataSource>
               <column columnName="ID"/>
               <prototypeData>
                  <character id="XXBI_CUSTOMER_LOYALTY_DOPrototypeData" prefix="XXBI_CUS"/>
               </prototypeData>
            </valueSource>
            <idColumn columnName="ID"/>
            <nameColumn columnName="NAME"/>
            <sortColumn columnName="NAME"/>
            <dimensionLevelRelationships/>
         </dimensionLevel>
      </dimensionLevels>
   </dimension>
   <dimension id="XXBI_MNGR_LVL2_DIM" objectName="XXBI_MNGR_LVL2_DIM" application="XXCRM" createdBy="539150" creationDate="2010-04-30T14:41:15" lastUpdatedBy="539150" lastUpdateDate="2010-04-30T14:41:15" lastUpdateLogin="11182831" enabled="true" obsolete="false" systemMaintained="false" isTimeDimension="false">
      <displayName id="XXBI_MNGR_LVL2_DIMDisplayNameId">XXBI_MNGR_LVL2_DIM</displayName>
      <description id="XXBI_MNGR_LVL2_DIMDescriptionId">Sales hierarchy second level managers</description>
      <dimensionLevels>
         <dimensionLevel id="XXBI_MNGR_LVL2_DO" objectName="XXBI_MNGR_LVL2_DO" application="XXCRM" createdBy="539150" creationDate="2010-04-30T14:41:15" lastUpdatedBy="539150" lastUpdateDate="2010-04-30T14:44:53" lastUpdateLogin="11182831" enabled="true" obsolete="false" systemMaintained="false" graphSortType="VALUE_DESC" allValueLabel="All" compValueLabel="Comparison">
            <displayName id="XXBI_MNGR_LVL2_DODisplayNameId">MGR2</displayName>
            <description id="XXBI_MNGR_LVL2_DODescriptionId">Sales hierarchy second level manager</description>
            <valueSource>
               <dataSource>
                  <table>XXBI_MNGR_LVL2_DIM_V</table>
               </dataSource>
               <column columnName="ID"/>
               <prototypeData>
                  <character id="XXBI_MNGR_LVL2_DOPrototypeData" prefix="XXBI_MNG"/>
               </prototypeData>
            </valueSource>
            <idColumn columnName="ID"/>
            <nameColumn columnName="NAME"/>
            <sortColumn columnName="NAME"/>
            <dimensionLevelRelationships/>
         </dimensionLevel>
      </dimensionLevels>
   </dimension>
   <dimension id="XXBI_OD_SIC_GROUP_TYPES_DIM" objectName="XXBI_OD_SIC_GROUP_TYPES_DIM" application="XXCRM" createdBy="539150" creationDate="2010-04-30T15:23:37" lastUpdatedBy="539150" lastUpdateDate="2010-04-30T15:23:37" lastUpdateLogin="11182831" enabled="true" obsolete="false" systemMaintained="false" isTimeDimension="false">
      <displayName id="XXBI_OD_SIC_GROUP_TYPES_DIMDisplayNameId">XXBI_OD_SIC_GROUP_TYPES_DIM</displayName>
      <description id="XXBI_OD_SIC_GROUP_TYPES_DIMDescriptionId">OD SIC Group Types</description>
      <dimensionLevels>
         <dimensionLevel id="XXBI_OD_SIC_GROUP_TYPES_DO" objectName="XXBI_OD_SIC_GROUP_TYPES_DO" application="XXCRM" createdBy="539150" creationDate="2010-04-30T15:23:37" lastUpdatedBy="539150" lastUpdateDate="2010-04-30T15:23:38" lastUpdateLogin="11182831" enabled="true" obsolete="false" systemMaintained="false" graphSortType="VALUE_DESC" allValueLabel="All" compValueLabel="Comparison">
            <displayName id="XXBI_OD_SIC_GROUP_TYPES_DODisplayNameId">XXBI_OD_SIC_GROUP_TYPES_DO</displayName>
            <description id="XXBI_OD_SIC_GROUP_TYPES_DODescriptionId">OD SIC Group Types</description>
            <valueSource>
               <dataSource>
                  <table>XXBI_OD_SIC_GROUP_TYPES_DIM_V</table>
               </dataSource>
               <column columnName="ID"/>
               <prototypeData>
                  <character id="XXBI_OD_SIC_GROUP_TYPES_DOPrototypeData" prefix="XXBI_OD_"/>
               </prototypeData>
            </valueSource>
            <idColumn columnName="ID"/>
            <nameColumn columnName="NAME"/>
            <sortColumn columnName="NAME"/>
            <dimensionLevelRelationships/>
         </dimensionLevel>
      </dimensionLevels>
   </dimension>
   <dimension id="XXBI_CUST_REVENUE_BAND_DIM" objectName="XXBI_CUST_REVENUE_BAND_DIM" application="XXCRM" createdBy="996429" creationDate="2009-06-08T20:37:42" lastUpdatedBy="996429" lastUpdateDate="2009-06-08T20:37:42" lastUpdateLogin="5806792" enabled="true" obsolete="false" systemMaintained="false" isTimeDimension="false">
      <displayName id="XXBI_CUST_REVENUE_BAND_DIMDisplayNameId">XXBI_CUST_REVENUE_BAND_DIM</displayName>
      <dimensionLevels>
         <dimensionLevel id="XXBI_CUST_REVENUE_BAND_DO" objectName="XXBI_CUST_REVENUE_BAND_DO" application="XXCRM" createdBy="996429" creationDate="2009-06-08T20:37:42" lastUpdatedBy="996429" lastUpdateDate="2009-06-08T20:37:42" lastUpdateLogin="5806792" enabled="true" obsolete="false" systemMaintained="false" graphSortType="VALUE_DESC" allValueLabel="All" compValueLabel="Comparison">
            <displayName id="XXBI_CUST_REVENUE_BAND_DODisplayNameId">XXBI_CUST_REVENUE_BAND_DO</displayName>
            <description id="XXBI_CUST_REVENUE_BAND_DODescriptionId">OD: Customer Revenue Band Dim</description>
            <valueSource>
               <dataSource>
                  <table>XXBI_CUST_REVENUE_BAND_DIM_V</table>
               </dataSource>
               <column columnName="ID"/>
               <prototypeData>
                  <character id="XXBI_CUST_REVENUE_BAND_DOPrototypeData" prefix="XXBI_CUS"/>
               </prototypeData>
            </valueSource>
            <idColumn columnName="ID"/>
            <nameColumn columnName="NAME"/>
            <sortColumn columnName="NAME"/>
            <dimensionLevelRelationships/>
         </dimensionLevel>
      </dimensionLevels>
   </dimension>
   <dimension id="XXBI_MNGR_LVL1_DIM" objectName="XXBI_MNGR_LVL1_DIM" application="XXCRM" createdBy="539150" creationDate="2010-04-30T14:41:15" lastUpdatedBy="539150" lastUpdateDate="2010-04-30T14:41:15" lastUpdateLogin="11182831" enabled="true" obsolete="false" systemMaintained="false" isTimeDimension="false">
      <displayName id="XXBI_MNGR_LVL1_DIMDisplayNameId">XXBI_MNGR_LVL1_DIM</displayName>
      <description id="XXBI_MNGR_LVL1_DIMDescriptionId">Sales hierarchy first level manager</description>
      <dimensionLevels>
         <dimensionLevel id="XXBI_MNGR_LVL1_DO" objectName="XXBI_MNGR_LVL1_DO" application="XXCRM" createdBy="539150" creationDate="2010-04-30T14:41:15" lastUpdatedBy="539150" lastUpdateDate="2010-04-30T14:44:40" lastUpdateLogin="11182831" enabled="true" obsolete="false" systemMaintained="false" graphSortType="VALUE_DESC" allValueLabel="All" compValueLabel="Comparison">
            <displayName id="XXBI_MNGR_LVL1_DODisplayNameId">MGR1</displayName>
            <description id="XXBI_MNGR_LVL1_DODescriptionId">Sales hierarchy first level manager</description>
            <valueSource>
               <dataSource>
                  <table>XXBI_MNGR_LVL1_DIM_V</table>
               </dataSource>
               <column columnName="ID"/>
               <prototypeData>
                  <character id="XXBI_MNGR_LVL1_DOPrototypeData" prefix="XXBI_MNG"/>
               </prototypeData>
            </valueSource>
            <idColumn columnName="ID"/>
            <nameColumn columnName="NAME"/>
            <sortColumn columnName="NAME"/>
            <dimensionLevelRelationships/>
         </dimensionLevel>
      </dimensionLevels>
   </dimension>
   <dimension id="XXBI_CUST_WCW_RANGE_DIM" objectName="XXBI_CUST_WCW_RANGE_DIM" application="XXCRM" createdBy="539150" creationDate="2010-04-30T15:23:38" lastUpdatedBy="539150" lastUpdateDate="2010-04-30T15:23:38" lastUpdateLogin="11182831" enabled="true" obsolete="false" systemMaintained="false" isTimeDimension="false">
      <displayName id="XXBI_CUST_WCW_RANGE_DIMDisplayNameId">XXBI_CUST_WCW_RANGE_DIM</displayName>
      <description id="XXBI_CUST_WCW_RANGE_DIMDescriptionId">Customer white collar worker ranges</description>
      <dimensionLevels>
         <dimensionLevel id="XXBI_CUST_WCW_RANGE_DO" objectName="XXBI_CUST_WCW_RANGE_DO" application="XXCRM" createdBy="539150" creationDate="2010-04-30T15:23:38" lastUpdatedBy="539150" lastUpdateDate="2010-04-30T15:23:38" lastUpdateLogin="11182831" enabled="true" obsolete="false" systemMaintained="false" graphSortType="VALUE_DESC" allValueLabel="All" compValueLabel="Comparison">
            <displayName id="XXBI_CUST_WCW_RANGE_DODisplayNameId">XXBI_CUST_WCW_RANGE_DO</displayName>
            <description id="XXBI_CUST_WCW_RANGE_DODescriptionId">White collar count ranges</description>
            <valueSource>
               <dataSource>
                  <table>XXBI_CUST_WCW_RANGE_DIM_V</table>
               </dataSource>
               <column columnName="ID"/>
               <prototypeData>
                  <character id="XXBI_CUST_WCW_RANGE_DOPrototypeData" prefix="XXBI_CUS"/>
               </prototypeData>
            </valueSource>
            <idColumn columnName="ID"/>
            <nameColumn columnName="NAME"/>
            <sortColumn columnName="NAME"/>
            <dimensionLevelRelationships/>
         </dimensionLevel>
      </dimensionLevels>
   </dimension>
   <dimension id="XXBI_PARTY_SITE_USES_DIM" objectName="XXBI_PARTY_SITE_USES_DIM" application="XXCRM" createdBy="539150" creationDate="2010-04-30T15:08:44" lastUpdatedBy="539150" lastUpdateDate="2010-04-30T15:08:44" lastUpdateLogin="11182831" enabled="true" obsolete="false" systemMaintained="false" isTimeDimension="false">
      <displayName id="XXBI_PARTY_SITE_USES_DIMDisplayNameId">XXBI_PARTY_SITE_USES_DIM</displayName>
      <description id="XXBI_PARTY_SITE_USES_DIMDescriptionId">Shipto/Billto</description>
      <dimensionLevels>
         <dimensionLevel id="XXBI_PARTY_SITE_USES_DO" objectName="XXBI_PARTY_SITE_USES_DO" application="XXCRM" createdBy="539150" creationDate="2010-04-30T15:08:44" lastUpdatedBy="539150" lastUpdateDate="2010-04-30T15:08:45" lastUpdateLogin="11182831" enabled="true" obsolete="false" systemMaintained="false" graphSortType="VALUE_DESC" allValueLabel="All" compValueLabel="Comparison">
            <displayName id="XXBI_PARTY_SITE_USES_DODisplayNameId">XXBI_PARTY_SITE_USES_DO</displayName>
            <description id="XXBI_PARTY_SITE_USES_DODescriptionId">Shipto/Billto</description>
            <valueSource>
               <dataSource>
                  <table>XXBI_PARTY_SITE_USES_DIM_V</table>
               </dataSource>
               <column columnName="ID"/>
               <prototypeData>
                  <character id="XXBI_PARTY_SITE_USES_DOPrototypeData" prefix="XXBI_PAR"/>
               </prototypeData>
            </valueSource>
            <idColumn columnName="ID"/>
            <nameColumn columnName="NAME"/>
            <sortColumn columnName="NAME"/>
            <dimensionLevelRelationships/>
         </dimensionLevel>
      </dimensionLevels>
   </dimension>
   <dimension id="XXBI_REP_DIM" objectName="XXBI_REP_DIM" application="XXCRM" createdBy="539150" creationDate="2010-04-30T14:51:07" lastUpdatedBy="539150" lastUpdateDate="2010-04-30T14:51:07" lastUpdateLogin="11182831" enabled="true" obsolete="false" systemMaintained="false" isTimeDimension="false">
      <displayName id="XXBI_REP_DIMDisplayNameId">XXBI_REP_DIM</displayName>
      <description id="XXBI_REP_DIMDescriptionId">Sales hierachy reps (member level  only)</description>
      <dimensionLevels>
         <dimensionLevel id="XXBI_REP_DO" objectName="XXBI_REP_DO" application="XXCRM" createdBy="539150" creationDate="2010-04-30T14:51:07" lastUpdatedBy="539150" lastUpdateDate="2010-04-30T14:52:25" lastUpdateLogin="11182831" enabled="true" obsolete="false" systemMaintained="false" graphSortType="VALUE_DESC" allValueLabel="All" compValueLabel="Comparison">
            <displayName id="XXBI_REP_DODisplayNameId">Sales Rep</displayName>
            <description id="XXBI_REP_DODescriptionId">Sales reps (member level only)</description>
            <valueSource>
               <dataSource>
                  <table>XXBI_REP_DIM_V</table>
               </dataSource>
               <column columnName="ID"/>
               <prototypeData>
                  <character id="XXBI_REP_DOPrototypeData" prefix="XXBI_REP"/>
               </prototypeData>
            </valueSource>
            <idColumn columnName="ID"/>
            <nameColumn columnName="NAME"/>
            <sortColumn columnName="NAME"/>
            <dimensionLevelRelationships/>
         </dimensionLevel>
      </dimensionLevels>
   </dimension>
   <dimension id="BSC_DIM_1688" objectName="BSC_DIM_1688" application="XXCRM" createdBy="539150" creationDate="2010-04-30T15:23:38" lastUpdatedBy="539150" lastUpdateDate="2010-04-30T15:23:38" lastUpdateLogin="11182831" enabled="true" obsolete="false" systemMaintained="false" isTimeDimension="false">
      <displayName id="BSC_DIM_1688DisplayNameId">XXBI_LOC_CITY_DIM</displayName>
      <description id="BSC_DIM_1688DescriptionId">Site Loc City Dimesion for Rep Dashboard (Customer and Prospect)</description>
      <dimensionLevels>
         <dimensionLevel id="BSC_DIM_OBJ_1997" objectName="BSC_DIM_OBJ_1997" application="XXCRM" createdBy="539150" creationDate="2010-04-30T15:23:38" lastUpdatedBy="539150" lastUpdateDate="2010-04-30T15:23:38" lastUpdateLogin="11182831" enabled="true" obsolete="false" systemMaintained="false" graphSortType="VALUE_ASC" allValueLabel="All" compValueLabel="Comparison">
            <displayName id="BSC_DIM_OBJ_1997DisplayNameId">XXBI_SITE_LOC_CITY_DO</displayName>
            <description id="BSC_DIM_OBJ_1997DescriptionId">City Dimesion Object for Rep Dashboard (Customer and Prospect)</description>
            <valueSource>
               <dataSource>
                  <table>XXBI_USER_CITY_DIM_V</table>
               </dataSource>
               <column columnName="ID"/>
               <prototypeData>
                  <character id="BSC_DIM_OBJ_1997PrototypeData" prefix="XXBI_CP"/>
               </prototypeData>
            </valueSource>
            <idColumn columnName="ID"/>
            <nameColumn columnName="NAME"/>
            <sortColumn columnName="NAME"/>
            <dimensionLevelRelationships/>
         </dimensionLevel>
      </dimensionLevels>
   </dimension>
   <dimension id="XXBI_PARTY_STATUS_DIM" objectName="XXBI_PARTY_STATUS_DIM" application="XXCRM" createdBy="539150" creationDate="2010-04-30T15:23:36" lastUpdatedBy="539150" lastUpdateDate="2010-04-30T15:23:36" lastUpdateLogin="11182831" enabled="true" obsolete="false" systemMaintained="false" isTimeDimension="false">
      <displayName id="XXBI_PARTY_STATUS_DIMDisplayNameId">XXBI_PARTY_STATUS_DIM</displayName>
      <description id="XXBI_PARTY_STATUS_DIMDescriptionId">Active/Inactive</description>
      <dimensionLevels>
         <dimensionLevel id="XXBI_PARTY_STATUS_DO" objectName="XXBI_PARTY_STATUS_DO" application="XXCRM" createdBy="539150" creationDate="2010-04-30T15:23:36" lastUpdatedBy="539150" lastUpdateDate="2010-04-30T15:23:37" lastUpdateLogin="11182831" enabled="true" obsolete="false" systemMaintained="false" graphSortType="VALUE_DESC" allValueLabel="All" compValueLabel="Comparison">
            <displayName id="XXBI_PARTY_STATUS_DODisplayNameId">XXBI_PARTY_STATUS_DO</displayName>
            <description id="XXBI_PARTY_STATUS_DODescriptionId">Active or Inactive</description>
            <valueSource>
               <dataSource>
                  <table>XXBI_PARTY_STATUS_DIM_V</table>
               </dataSource>
               <column columnName="ID"/>
               <prototypeData>
                  <character id="XXBI_PARTY_STATUS_DOPrototypeData" prefix="XXBI_PAR"/>
               </prototypeData>
            </valueSource>
            <idColumn columnName="ID"/>
            <nameColumn columnName="NAME"/>
            <sortColumn columnName="NAME"/>
            <dimensionLevelRelationships/>
         </dimensionLevel>
      </dimensionLevels>
   </dimension>
   <dimension id="XXBI_MEMBER_ROLES_DIM" objectName="XXBI_MEMBER_ROLES_DIM" application="XXCRM" createdBy="539150" creationDate="2010-04-30T14:41:17" lastUpdatedBy="539150" lastUpdateDate="2010-04-30T14:41:17" lastUpdateLogin="11182831" enabled="true" obsolete="false" systemMaintained="false" isTimeDimension="false">
      <displayName id="XXBI_MEMBER_ROLES_DIMDisplayNameId">XXBI_MEMBER_ROLES_DIM</displayName>
      <description id="XXBI_MEMBER_ROLES_DIMDescriptionId">Sales Member Roles</description>
      <dimensionLevels>
         <dimensionLevel id="XXBI_MEMBER_ROLES_DO" objectName="XXBI_MEMBER_ROLES_DO" application="XXCRM" createdBy="539150" creationDate="2010-04-30T14:41:17" lastUpdatedBy="539150" lastUpdateDate="2010-04-30T14:43:04" lastUpdateLogin="11182831" enabled="true" obsolete="false" systemMaintained="false" graphSortType="VALUE_DESC" allValueLabel="All" compValueLabel="Comparison">
            <displayName id="XXBI_MEMBER_ROLES_DODisplayNameId">Role Name</displayName>
            <description id="XXBI_MEMBER_ROLES_DODescriptionId">Sales Member Roles</description>
            <valueSource>
               <dataSource>
                  <table>XXBI_MEMBER_ROLES_DIM_V</table>
               </dataSource>
               <column columnName="ID"/>
               <prototypeData>
                  <character id="XXBI_MEMBER_ROLES_DOPrototypeData" prefix="XXBI_MEM"/>
               </prototypeData>
            </valueSource>
            <idColumn columnName="ID"/>
            <nameColumn columnName="NAME"/>
            <sortColumn columnName="NAME"/>
            <dimensionLevelRelationships/>
         </dimensionLevel>
      </dimensionLevels>
   </dimension>
   <parameterGroups>
      <parameterGroup id="XXBI_CUST_CLASSIFICATION_DIM" objectName="XXBI_CUST_CLASSIFICATION_DIM" enabled="true" obsolete="false">
         <displayName id="XXBI_CUST_CLASSIFICATION_DIMDisplayNameId">XXBI_CUST_CLASSIFICATION_DIM</displayName>
         <description id="XXBI_CUST_CLASSIFICATION_DIMDescriptionId">Customer or Prospect</description>
         <parameters>
            <parameter dimensionName="XXBI_CUST_CLASSIFICATION_DIM" dimensionLevelName="XXBI_CUST_CLASSIFICATION_DO" allEnabled="true" viewByEnabled="true" displayTypeWhenAllValuesInParent="DISPLAY" displayTypeWhenNoValuesAvailable="DISPLAY" whereClause="">
               <defaultValue>
                  <literal>ALL</literal>
               </defaultValue>
            </parameter>
         </parameters>
      </parameterGroup>
      <parameterGroup id="BSC_DIM_1708" objectName="BSC_DIM_1708" enabled="true" obsolete="false">
         <displayName id="BSC_DIM_1708DisplayNameId">XXBI_LOC_STATE_DIM</displayName>
         <description id="BSC_DIM_1708DescriptionId">Site Loc State Dimesion for Rep Dashboard (Customer and Prospect)</description>
         <parameters>
            <parameter dimensionName="BSC_DIM_1708" dimensionLevelName="BSC_DIM_OBJ_2017" allEnabled="true" viewByEnabled="true" displayTypeWhenAllValuesInParent="DISPLAY" displayTypeWhenNoValuesAvailable="DISPLAY" whereClause="">
               <defaultValue>
                  <literal>ALL</literal>
               </defaultValue>
            </parameter>
         </parameters>
      </parameterGroup>
      <parameterGroup id="XXBI_MNGR_LVL3_DIM" objectName="XXBI_MNGR_LVL3_DIM" enabled="true" obsolete="false">
         <displayName id="XXBI_MNGR_LVL3_DIMDisplayNameId">XXBI_MNGR_LVL3_DIM</displayName>
         <description id="XXBI_MNGR_LVL3_DIMDescriptionId">Sales hierarchy third level managers</description>
         <parameters>
            <parameter dimensionName="XXBI_MNGR_LVL3_DIM" dimensionLevelName="XXBI_MNGR_LVL3_DO" allEnabled="true" viewByEnabled="true" displayTypeWhenAllValuesInParent="DISPLAY" displayTypeWhenNoValuesAvailable="DISPLAY" whereClause="">
               <defaultValue>
                  <literal>ALL</literal>
               </defaultValue>
            </parameter>
         </parameters>
      </parameterGroup>
      <parameterGroup id="XXBI_CS_POT_MODEL_DIM" objectName="XXBI_CS_POT_MODEL_DIM" enabled="true" obsolete="false">
         <displayName id="XXBI_CS_POT_MODEL_DIMDisplayNameId">XXBI_CS_POT_MODEL_DIM</displayName>
         <description id="XXBI_CS_POT_MODEL_DIMDescriptionId">ODCS: Potential Type Dim</description>
         <parameters>
            <parameter dimensionName="XXBI_CS_POT_MODEL_DIM" dimensionLevelName="XXBI_CS_POT_MODEL_DO" allEnabled="true" viewByEnabled="true" displayTypeWhenAllValuesInParent="DISPLAY" displayTypeWhenNoValuesAvailable="DISPLAY" whereClause="">
               <defaultValue>
                  <literal>ALL</literal>
               </defaultValue>
            </parameter>
         </parameters>
      </parameterGroup>
      <parameterGroup id="XXBI_CUSTOMER_LOYALTY_DIM" objectName="XXBI_CUSTOMER_LOYALTY_DIM" enabled="true" obsolete="false">
         <displayName id="XXBI_CUSTOMER_LOYALTY_DIMDisplayNameId">XXBI_CUSTOMER_LOYALTY_DIM</displayName>
         <description id="XXBI_CUSTOMER_LOYALTY_DIMDescriptionId">Customer Loyalty Codes</description>
         <parameters>
            <parameter dimensionName="XXBI_CUSTOMER_LOYALTY_DIM" dimensionLevelName="XXBI_CUSTOMER_LOYALTY_DO" allEnabled="true" viewByEnabled="true" displayTypeWhenAllValuesInParent="DISPLAY" displayTypeWhenNoValuesAvailable="DISPLAY" whereClause="">
               <defaultValue>
                  <literal>ALL</literal>
               </defaultValue>
            </parameter>
         </parameters>
      </parameterGroup>
      <parameterGroup id="XXBI_MNGR_LVL2_DIM" objectName="XXBI_MNGR_LVL2_DIM" enabled="true" obsolete="false">
         <displayName id="XXBI_MNGR_LVL2_DIMDisplayNameId">XXBI_MNGR_LVL2_DIM</displayName>
         <description id="XXBI_MNGR_LVL2_DIMDescriptionId">Sales hierarchy second level managers</description>
         <parameters>
            <parameter dimensionName="XXBI_MNGR_LVL2_DIM" dimensionLevelName="XXBI_MNGR_LVL2_DO" allEnabled="true" viewByEnabled="true" displayTypeWhenAllValuesInParent="DISPLAY" displayTypeWhenNoValuesAvailable="DISPLAY" whereClause="">
               <defaultValue>
                  <literal>ALL</literal>
               </defaultValue>
            </parameter>
         </parameters>
      </parameterGroup>
      <parameterGroup id="XXBI_OD_SIC_GROUP_TYPES_DIM" objectName="XXBI_OD_SIC_GROUP_TYPES_DIM" enabled="true" obsolete="false">
         <displayName id="XXBI_OD_SIC_GROUP_TYPES_DIMDisplayNameId">XXBI_OD_SIC_GROUP_TYPES_DIM</displayName>
         <description id="XXBI_OD_SIC_GROUP_TYPES_DIMDescriptionId">OD SIC Group Types</description>
         <parameters>
            <parameter dimensionName="XXBI_OD_SIC_GROUP_TYPES_DIM" dimensionLevelName="XXBI_OD_SIC_GROUP_TYPES_DO" allEnabled="true" viewByEnabled="true" displayTypeWhenAllValuesInParent="DISPLAY" displayTypeWhenNoValuesAvailable="DISPLAY" whereClause="">
               <defaultValue>
                  <literal>ALL</literal>
               </defaultValue>
            </parameter>
         </parameters>
      </parameterGroup>
      <parameterGroup id="XXBI_CUST_REVENUE_BAND_DIM" objectName="XXBI_CUST_REVENUE_BAND_DIM" enabled="true" obsolete="false">
         <displayName id="XXBI_CUST_REVENUE_BAND_DIMDisplayNameId">XXBI_CUST_REVENUE_BAND_DIM</displayName>
         <description id="XXBI_CUST_REVENUE_BAND_DIMDescriptionId"/>
         <parameters>
            <parameter dimensionName="XXBI_CUST_REVENUE_BAND_DIM" dimensionLevelName="XXBI_CUST_REVENUE_BAND_DO" allEnabled="true" viewByEnabled="true" displayTypeWhenAllValuesInParent="DISPLAY" displayTypeWhenNoValuesAvailable="DISPLAY" whereClause="">
               <defaultValue>
                  <literal>ALL</literal>
               </defaultValue>
            </parameter>
         </parameters>
      </parameterGroup>
      <parameterGroup id="XXBI_MNGR_LVL1_DIM" objectName="XXBI_MNGR_LVL1_DIM" enabled="true" obsolete="false">
         <displayName id="XXBI_MNGR_LVL1_DIMDisplayNameId">XXBI_MNGR_LVL1_DIM</displayName>
         <description id="XXBI_MNGR_LVL1_DIMDescriptionId">Sales hierarchy first level manager</description>
         <parameters>
            <parameter dimensionName="XXBI_MNGR_LVL1_DIM" dimensionLevelName="XXBI_MNGR_LVL1_DO" allEnabled="true" viewByEnabled="true" displayTypeWhenAllValuesInParent="DISPLAY" displayTypeWhenNoValuesAvailable="DISPLAY" whereClause="">
               <defaultValue>
                  <literal>ALL</literal>
               </defaultValue>
            </parameter>
         </parameters>
      </parameterGroup>
      <parameterGroup id="XXBI_CUST_WCW_RANGE_DIM" objectName="XXBI_CUST_WCW_RANGE_DIM" enabled="true" obsolete="false">
         <displayName id="XXBI_CUST_WCW_RANGE_DIMDisplayNameId">XXBI_CUST_WCW_RANGE_DIM</displayName>
         <description id="XXBI_CUST_WCW_RANGE_DIMDescriptionId">Customer white collar worker ranges</description>
         <parameters>
            <parameter dimensionName="XXBI_CUST_WCW_RANGE_DIM" dimensionLevelName="XXBI_CUST_WCW_RANGE_DO" allEnabled="true" viewByEnabled="true" displayTypeWhenAllValuesInParent="DISPLAY" displayTypeWhenNoValuesAvailable="DISPLAY" whereClause="">
               <defaultValue>
                  <literal>ALL</literal>
               </defaultValue>
            </parameter>
         </parameters>
      </parameterGroup>
      <parameterGroup id="XXBI_PARTY_SITE_USES_DIM" objectName="XXBI_PARTY_SITE_USES_DIM" enabled="true" obsolete="false">
         <displayName id="XXBI_PARTY_SITE_USES_DIMDisplayNameId">XXBI_PARTY_SITE_USES_DIM</displayName>
         <description id="XXBI_PARTY_SITE_USES_DIMDescriptionId">Shipto/Billto</description>
         <parameters>
            <parameter dimensionName="XXBI_PARTY_SITE_USES_DIM" dimensionLevelName="XXBI_PARTY_SITE_USES_DO" allEnabled="true" viewByEnabled="true" displayTypeWhenAllValuesInParent="DISPLAY" displayTypeWhenNoValuesAvailable="DISPLAY" whereClause="">
               <defaultValue>
                  <literal>ALL</literal>
               </defaultValue>
            </parameter>
         </parameters>
      </parameterGroup>
      <parameterGroup id="XXBI_REP_DIM" objectName="XXBI_REP_DIM" enabled="true" obsolete="false">
         <displayName id="XXBI_REP_DIMDisplayNameId">XXBI_REP_DIM</displayName>
         <description id="XXBI_REP_DIMDescriptionId">Sales hierachy reps (member level  only)</description>
         <parameters>
            <parameter dimensionName="XXBI_REP_DIM" dimensionLevelName="XXBI_REP_DO" allEnabled="true" viewByEnabled="true" displayTypeWhenAllValuesInParent="DISPLAY" displayTypeWhenNoValuesAvailable="DISPLAY" whereClause="">
               <defaultValue>
                  <literal>ALL</literal>
               </defaultValue>
            </parameter>
         </parameters>
      </parameterGroup>
      <parameterGroup id="BSC_DIM_1688" objectName="BSC_DIM_1688" enabled="true" obsolete="false">
         <displayName id="BSC_DIM_1688DisplayNameId">XXBI_LOC_CITY_DIM</displayName>
         <description id="BSC_DIM_1688DescriptionId">Site Loc City Dimesion for Rep Dashboard (Customer and Prospect)</description>
         <parameters>
            <parameter dimensionName="BSC_DIM_1688" dimensionLevelName="BSC_DIM_OBJ_1997" allEnabled="true" viewByEnabled="true" displayTypeWhenAllValuesInParent="DISPLAY" displayTypeWhenNoValuesAvailable="DISPLAY" whereClause="">
               <defaultValue>
                  <literal>ALL</literal>
               </defaultValue>
            </parameter>
         </parameters>
      </parameterGroup>
      <parameterGroup id="XXBI_PARTY_STATUS_DIM" objectName="XXBI_PARTY_STATUS_DIM" enabled="true" obsolete="false">
         <displayName id="XXBI_PARTY_STATUS_DIMDisplayNameId">XXBI_PARTY_STATUS_DIM</displayName>
         <description id="XXBI_PARTY_STATUS_DIMDescriptionId">Active/Inactive</description>
         <parameters>
            <parameter dimensionName="XXBI_PARTY_STATUS_DIM" dimensionLevelName="XXBI_PARTY_STATUS_DO" allEnabled="true" viewByEnabled="true" displayTypeWhenAllValuesInParent="DISPLAY" displayTypeWhenNoValuesAvailable="DISPLAY" whereClause="">
               <defaultValue>
                  <literal>ALL</literal>
               </defaultValue>
            </parameter>
         </parameters>
      </parameterGroup>
      <parameterGroup id="XXBI_MEMBER_ROLES_DIM" objectName="XXBI_MEMBER_ROLES_DIM" enabled="true" obsolete="false">
         <displayName id="XXBI_MEMBER_ROLES_DIMDisplayNameId">XXBI_MEMBER_ROLES_DIM</displayName>
         <description id="XXBI_MEMBER_ROLES_DIMDescriptionId">Sales Member Roles</description>
         <parameters>
            <parameter dimensionName="XXBI_MEMBER_ROLES_DIM" dimensionLevelName="XXBI_MEMBER_ROLES_DO" allEnabled="true" viewByEnabled="true" displayTypeWhenAllValuesInParent="DISPLAY" displayTypeWhenNoValuesAvailable="DISPLAY" whereClause="">
               <defaultValue>
                  <literal>ALL</literal>
               </defaultValue>
            </parameter>
         </parameters>
      </parameterGroup>
      <parameterGroup id="XXBI_VP_PS_SUMM_RPT" objectName="XXBI_VP_PS_SUMM_RPT" enabled="true" obsolete="false">
         <displayName id="XXBI_VP_PS_SUMM_RPTDisplayNameId">Customers &amp; Prospects Summary 1274401785010</displayName>
         <description id="XXBI_VP_PS_SUMM_RPTDescriptionId"/>
         <parameters>
            <parameter dimensionName="XXBI_CUST_CLASSIFICATION_DIM" dimensionLevelName="XXBI_CUST_CLASSIFICATION_DO" allEnabled="true" viewByEnabled="true" displayTypeWhenAllValuesInParent="DISPLAY" displayTypeWhenNoValuesAvailable="DISPLAY" whereClause="">
               <defaultValue>
                  <literal>ALL</literal>
               </defaultValue>
            </parameter>
            <parameter dimensionName="BSC_DIM_1708" dimensionLevelName="BSC_DIM_OBJ_2017" allEnabled="true" viewByEnabled="true" displayTypeWhenAllValuesInParent="DISPLAY" displayTypeWhenNoValuesAvailable="DISPLAY" whereClause="">
               <defaultValue>
                  <literal>ALL</literal>
               </defaultValue>
            </parameter>
            <parameter dimensionName="XXBI_MNGR_LVL3_DIM" dimensionLevelName="XXBI_MNGR_LVL3_DO" allEnabled="true" viewByEnabled="true" displayTypeWhenAllValuesInParent="DISPLAY" displayTypeWhenNoValuesAvailable="DISPLAY" whereClause="">
               <defaultValue>
                  <literal>ALL</literal>
               </defaultValue>
            </parameter>
            <parameter dimensionName="XXBI_CS_POT_MODEL_DIM" dimensionLevelName="XXBI_CS_POT_MODEL_DO" allEnabled="true" viewByEnabled="true" displayTypeWhenAllValuesInParent="DISPLAY" displayTypeWhenNoValuesAvailable="DISPLAY" whereClause="">
               <defaultValue>
                  <literal>ALL</literal>
               </defaultValue>
            </parameter>
            <parameter dimensionName="XXBI_CUSTOMER_LOYALTY_DIM" dimensionLevelName="XXBI_CUSTOMER_LOYALTY_DO" allEnabled="true" viewByEnabled="true" displayTypeWhenAllValuesInParent="DISPLAY" displayTypeWhenNoValuesAvailable="DISPLAY" whereClause="">
               <defaultValue>
                  <literal>ALL</literal>
               </defaultValue>
            </parameter>
            <parameter dimensionName="XXBI_MNGR_LVL2_DIM" dimensionLevelName="XXBI_MNGR_LVL2_DO" allEnabled="true" viewByEnabled="true" displayTypeWhenAllValuesInParent="DISPLAY" displayTypeWhenNoValuesAvailable="DISPLAY" whereClause="">
               <defaultValue>
                  <literal>ALL</literal>
               </defaultValue>
            </parameter>
            <parameter dimensionName="XXBI_OD_SIC_GROUP_TYPES_DIM" dimensionLevelName="XXBI_OD_SIC_GROUP_TYPES_DO" allEnabled="true" viewByEnabled="true" displayTypeWhenAllValuesInParent="DISPLAY" displayTypeWhenNoValuesAvailable="DISPLAY" whereClause="">
               <defaultValue>
                  <literal>ALL</literal>
               </defaultValue>
            </parameter>
            <parameter dimensionName="XXBI_CUST_REVENUE_BAND_DIM" dimensionLevelName="XXBI_CUST_REVENUE_BAND_DO" allEnabled="true" viewByEnabled="true" displayTypeWhenAllValuesInParent="DISPLAY" displayTypeWhenNoValuesAvailable="DISPLAY" whereClause="">
               <defaultValue>
                  <literal>ALL</literal>
               </defaultValue>
            </parameter>
            <parameter dimensionName="XXBI_MNGR_LVL1_DIM" dimensionLevelName="XXBI_MNGR_LVL1_DO" allEnabled="true" viewByEnabled="true" displayTypeWhenAllValuesInParent="DISPLAY" displayTypeWhenNoValuesAvailable="DISPLAY" whereClause="">
               <defaultValue>
                  <literal>ALL</literal>
               </defaultValue>
            </parameter>
            <parameter dimensionName="XXBI_CUST_WCW_RANGE_DIM" dimensionLevelName="XXBI_CUST_WCW_RANGE_DO" allEnabled="true" viewByEnabled="true" displayTypeWhenAllValuesInParent="DISPLAY" displayTypeWhenNoValuesAvailable="DISPLAY" whereClause="">
               <defaultValue>
                  <literal>ALL</literal>
               </defaultValue>
            </parameter>
            <parameter dimensionName="XXBI_PARTY_SITE_USES_DIM" dimensionLevelName="XXBI_PARTY_SITE_USES_DO" allEnabled="true" viewByEnabled="true" displayTypeWhenAllValuesInParent="DISPLAY" displayTypeWhenNoValuesAvailable="DISPLAY" whereClause="">
               <defaultValue>
                  <literal>ALL</literal>
               </defaultValue>
            </parameter>
            <parameter dimensionName="XXBI_REP_DIM" dimensionLevelName="XXBI_REP_DO" allEnabled="true" viewByEnabled="true" displayTypeWhenAllValuesInParent="DISPLAY" displayTypeWhenNoValuesAvailable="DISPLAY" whereClause="">
               <defaultValue>
                  <literal>ALL</literal>
               </defaultValue>
            </parameter>
            <parameter dimensionName="BSC_DIM_1688" dimensionLevelName="BSC_DIM_OBJ_1997" allEnabled="true" viewByEnabled="true" displayTypeWhenAllValuesInParent="DISPLAY" displayTypeWhenNoValuesAvailable="DISPLAY" whereClause="">
               <defaultValue>
                  <literal>ALL</literal>
               </defaultValue>
            </parameter>
            <parameter dimensionName="XXBI_PARTY_STATUS_DIM" dimensionLevelName="XXBI_PARTY_STATUS_DO" allEnabled="true" viewByEnabled="true" displayTypeWhenAllValuesInParent="DISPLAY" displayTypeWhenNoValuesAvailable="DISPLAY" whereClause="">
               <defaultValue>
                  <literal>ALL</literal>
               </defaultValue>
            </parameter>
            <parameter dimensionName="XXBI_MEMBER_ROLES_DIM" dimensionLevelName="XXBI_MEMBER_ROLES_DO" allEnabled="true" viewByEnabled="true" displayTypeWhenAllValuesInParent="DISPLAY" displayTypeWhenNoValuesAvailable="DISPLAY" whereClause="">
               <defaultValue>
                  <literal>ALL</literal>
               </defaultValue>
            </parameter>
         </parameters>
      </parameterGroup>
   </parameterGroups>
</dimensions>
