<?xml version = '1.0' encoding = 'UTF-8'?>
<!-- dbdrv: exec java oracle/jrad/tools/xml/importer XMLImporter.class java &phase=dat+24 checkfile:~PROD:~PATH:~FILE &fullpath:~PROD:~PATH:~FILE -username &un_apps -password &pw_apps -dbconnection &jdbc_db_addr  -userId "1" -rootPackage /oracle/apps/~PROD  -rootdir &fullpath:~PROD:mds:directory  -->
<oa:listOfValues version="9.0.3.8.10_1080" xml:lang="en-US" xmlns:oa="http://xmlns.oracle.com/oa" xmlns:jrad="http://xmlns.oracle.com/jrad" xmlns:ui="http://xmlns.oracle.com/uix/ui" xmlns:user="http://xmlns.oracle.com/jrad/user" xmlns="http://xmlns.oracle.com/jrad" file-version="$Header$" scope="/" amDefName="od.oracle.apps.xxcrm.cdh.ebl.lov.server.ODEBillLOVAM">
   <ui:contents>
      <oa:table name="ODEBillNSFieldsLOVRN" id="ODEBillNSFieldsLOVVO">
         <ui:contents>
            <oa:formValue id="FieldIdLOV" dataType="VARCHAR2" prompt="FieldId" viewName="ODEBillNSFieldsLOVVO" viewAttr="FieldId" queryable="false"/>
            <oa:messageStyledText id="FieldNameLOV" dataType="VARCHAR2" prompt="Field Name" viewName="ODEBillNSFieldsLOVVO" viewAttr="FieldName" maximumLength="240" queryable="true"/>
            <oa:messageStyledText id="DataFormatLOV" dataType="VARCHAR2" prompt="Data Format" viewName="ODEBillNSFieldsLOVVO" viewAttr="DataFormat" maximumLength="240"/>
         </ui:contents>
      </oa:table>
   </ui:contents>
</oa:listOfValues>
