<?xml version = '1.0' encoding = 'UTF-8'?>
<!-- dbdrv: exec java oracle/jrad/tools/xml/importer XMLImporter.class java &phase=dat+24 checkfile:~PROD:~PATH:~FILE &fullpath:~PROD:~PATH:~FILE -username &un_apps -password &pw_apps -dbconnection &jdbc_db_addr  -userId "1" -rootPackage /oracle/apps/~PROD  -rootdir &fullpath:~PROD:mds:directory  -->
<oa:listOfValues version="9.0.3.8.10_1080" xml:lang="en-US" xmlns:oa="http://xmlns.oracle.com/oa" xmlns:jrad="http://xmlns.oracle.com/jrad" xmlns:ui="http://xmlns.oracle.com/uix/ui" xmlns:user="http://xmlns.oracle.com/jrad/user" xmlns="http://xmlns.oracle.com/jrad" file-version="$Header$" scope="/" amDefName="od.oracle.apps.xxcrm.cdh.ebl.lov.server.ODEBillLOVAM">
   <ui:contents>
      <oa:table name="ODEBillPaymentTermLOVRN" id="ODEBillPaymentTermRN">
         <ui:contents>
            <oa:messageStyledText id="TermName" dataType="VARCHAR2" prompt="Payment Term" viewName="ODEBillPaymentTermLOVVO" viewAttr="Name" maximumLength="15" queryable="true"/>
            <oa:messageStyledText id="TermId" dataType="NUMBER" prompt="TermId" viewName="ODEBillPaymentTermLOVVO" viewAttr="TermId" maximumLength="15" rendered="false"/>
            <oa:messageStyledText id="Attribute1" dataType="VARCHAR2" prompt="Frequency" viewName="ODEBillPaymentTermLOVVO" viewAttr="Attribute1" maximumLength="150"/>
            <oa:messageStyledText id="Attribute2" dataType="VARCHAR2" prompt="Report Day" viewName="ODEBillPaymentTermLOVVO" viewAttr="Attribute2" maximumLength="150"/>
            <oa:messageStyledText id="Attribute5" dataType="VARCHAR2" prompt="Pay Term" viewName="ODEBillPaymentTermLOVVO" viewAttr="Attribute5" maximumLength="150"/>
         </ui:contents>
      </oa:table>
   </ui:contents>
</oa:listOfValues>
