<?xml version = '1.0' encoding = 'UTF-8'?>
<!-- dbdrv: exec java oracle/jrad/tools/xml/importer XMLImporter.class java &phase=dat+24 checkfile:~PROD:~PATH:~FILE &fullpath:~PROD:~PATH:~FILE -username &un_apps -password &pw_apps -dbconnection &jdbc_db_addr  -userId "1" -rootPackage /oracle/apps/~PROD  -rootdir &fullpath:~PROD:mds:directory  -->
<oa:listOfValues version="9.0.3.8.10_1080" xml:lang="en-US" xmlns:oa="http://xmlns.oracle.com/oa" xmlns:jrad="http://xmlns.oracle.com/jrad" xmlns:ui="http://xmlns.oracle.com/uix/ui" xmlns:user="http://xmlns.oracle.com/jrad/user" xmlns="http://xmlns.oracle.com/jrad" file-version="$Header$" scope="/" amDefName="od.oracle.apps.xxcrm.cdh.ebl.lov.server.ODEBillLOVAM">
   <ui:contents>
      <oa:table name="ODEBillToSiteLOVRN" id="ODEBillToSiteLOVRN">
         <ui:contents>
            <oa:messageStyledText id="ToSite" queryable="true" viewName="ODEBillToSiteLOVVO" viewAttr="OrigSystemReference" prompt="To Site"/>
            <oa:formValue id="CustAcctId" viewName="ODEBillToSiteLOVVO" viewAttr="CustAccountId" prompt="Customer Account ID"/>
         </ui:contents>
      </oa:table>
   </ui:contents>
</oa:listOfValues>
