<?xml version = '1.0' encoding = 'UTF-8'?>
<!-- dbdrv: exec java oracle/jrad/tools/xml/importer XMLImporter.class java &phase=dat+24 checkfile:~PROD:~PATH:~FILE &fullpath:~PROD:~PATH:~FILE -username &un_apps -password &pw_apps -dbconnection &jdbc_db_addr  -userId "1" -rootPackage /oracle/apps/~PROD  -rootdir &fullpath:~PROD:mds:directory  -->
<oa:listOfValues version="9.0.3.8.10_1080" xml:lang="en-US" xmlns:oa="http://xmlns.oracle.com/oa" xmlns:jrad="http://xmlns.oracle.com/jrad" xmlns:ui="http://xmlns.oracle.com/uix/ui" xmlns:user="http://xmlns.oracle.com/jrad/user" xmlns="http://xmlns.oracle.com/jrad" file-version="$Header$" scope="/" amDefName="od.oracle.apps.xxcrm.cdh.ebl.lov.server.ODEBillLOVAM">
   <ui:contents>
      <oa:table name="ODEBillAggrFieldLOVRN" id="ODEBillAggrFieldLOVVO">
         <ui:contents>
            <oa:messageStyledText id="FieldName" dataType="VARCHAR2" prompt="Field Name" viewName="ODEBillAggrFieldLOVVO" viewAttr="FieldName" maximumLength="240" queryable="true"/>
            <oa:messageStyledText id="FieldId" dataType="VARCHAR2" prompt="Field Id" viewName="ODEBillAggrFieldLOVVO" viewAttr="FieldId" maximumLength="240"/>
            <oa:messageStyledText id="CustDocId" dataType="NUMBER" prompt="CustDocId" viewName="ODEBillAggrFieldLOVVO" viewAttr="CustDocId" maximumLength="15" rendered="false"/>
         </ui:contents>
      </oa:table>
   </ui:contents>
</oa:listOfValues>
