<?xml version = '1.0' encoding = 'UTF-8'?>
<!-- dbdrv: exec java oracle/jrad/tools/xml/importer XMLImporter.class java &phase=dat+24 checkfile:~PROD:~PATH:~FILE &fullpath:~PROD:~PATH:~FILE -username &un_apps -password &pw_apps -dbconnection &jdbc_db_addr  -userId "1" -rootPackage /oracle/apps/~PROD  -rootdir &fullpath:~PROD:mds:directory  -->
<oa:listOfValues version="9.0.3.8.10_1080" xml:lang="en-US" xmlns:oa="http://xmlns.oracle.com/oa" xmlns:jrad="http://xmlns.oracle.com/jrad" xmlns:ui="http://xmlns.oracle.com/uix/ui" xmlns:user="http://xmlns.oracle.com/jrad/user" xmlns="http://xmlns.oracle.com/jrad" file-version="$Header$" amDefName="od.oracle.apps.xxcrm.cdh.ebl.lov.server.ODEBillLOVAM" scope="/">
   <ui:contents>
      <oa:table name="ODEBillParentIdLOVRN" id="ODEBillParentIdLOVVO">
         <ui:contents>
            <oa:messageStyledText id="AccountName" dataType="VARCHAR2" prompt="Customer Name" viewName="ODEBillParentIdLOVVO" viewAttr="AccountName" maximumLength="240" queryable="true"/>
            <oa:messageStyledText id="AccountNumber" dataType="VARCHAR2" prompt="Customer Number" viewName="ODEBillParentIdLOVVO" viewAttr="AccountNumber" maximumLength="30"/>
            <oa:messageStyledText id="CustDocId" dataType="NUMBER" prompt="Cust Doc Id" viewName="ODEBillParentIdLOVVO" viewAttr="CustDocId" maximumLength="22" queryable="true"/>
            <oa:messageStyledText id="BillingId" dataType="VARCHAR2" prompt="Billing ID" viewName="ODEBillParentIdLOVVO" viewAttr="BillingId" maximumLength="24"/>
            <oa:messageStyledText id="CustAccountId" dataType="NUMBER" prompt="Cust Account ID" viewName="ODEBillParentIdLOVVO" viewAttr="CustAccountId" maximumLength="15" queryable="true"/>
         </ui:contents>
      </oa:table>
   </ui:contents>
</oa:listOfValues>
