<?xml version = '1.0' encoding = 'UTF-8'?>
<dimensions xmlns="http://xmlns.oracle.com/metadata" xml:lang="en-US">
   <dimension id="XXBI_CUST_CLASSIFICATION_DIM" objectName="XXBI_CUST_CLASSIFICATION_DIM" application="XXCRM" createdBy="539150" creationDate="2010-04-30T14:38:07" lastUpdatedBy="539150" lastUpdateDate="2010-04-30T14:38:07" lastUpdateLogin="11182831" enabled="true" obsolete="false" systemMaintained="false" isTimeDimension="false">
      <displayName id="XXBI_CUST_CLASSIFICATION_DIMDisplayNameId">XXBI_CUST_CLASSIFICATION_DIM</displayName>
      <description id="XXBI_CUST_CLASSIFICATION_DIMDescriptionId">Customer or Prospect</description>
      <dimensionLevels>
         <dimensionLevel id="XXBI_CUST_CLASSIFICATION_DO" objectName="XXBI_CUST_CLASSIFICATION_DO" application="XXCRM" createdBy="539150" creationDate="2010-04-30T14:38:08" lastUpdatedBy="539150" lastUpdateDate="2010-04-30T14:46:30" lastUpdateLogin="11182831" enabled="true" obsolete="false" systemMaintained="false" graphSortType="VALUE_DESC" allValueLabel="All" compValueLabel="Comparison">
            <displayName id="XXBI_CUST_CLASSIFICATION_DODisplayNameId">Customer/Prospect</displayName>
            <description id="XXBI_CUST_CLASSIFICATION_DODescriptionId">Customer or Prospect</description>
            <valueSource>
               <dataSource>
                  <table>XXBI_CUST_CLASSIFICATION_DIM_V</table>
               </dataSource>
               <column columnName="ID"/>
               <prototypeData>
                  <character id="XXBI_CUST_CLASSIFICATION_DOPrototypeData" prefix="XXBI_CUS"/>
               </prototypeData>
            </valueSource>
            <idColumn columnName="ID"/>
            <nameColumn columnName="NAME"/>
            <sortColumn columnName="NAME"/>
            <dimensionLevelRelationships/>
         </dimensionLevel>
      </dimensionLevels>
   </dimension>
   <dimension id="XXBI_LEAD_RANK_DIM" objectName="XXBI_LEAD_RANK_DIM" application="XXCRM" createdBy="996429" creationDate="2009-06-09T12:14:24" lastUpdatedBy="996429" lastUpdateDate="2009-06-09T12:14:24" lastUpdateLogin="5807056" enabled="true" obsolete="false" systemMaintained="false" isTimeDimension="false">
      <displayName id="XXBI_LEAD_RANK_DIMDisplayNameId">XXBI_LEAD_RANK_DIM</displayName>
      <dimensionLevels>
         <dimensionLevel id="XXBI_LEAD_RANK_DO" objectName="XXBI_LEAD_RANK_DO" application="XXCRM" createdBy="996429" creationDate="2009-06-09T12:14:24" lastUpdatedBy="996429" lastUpdateDate="2009-06-09T12:14:24" lastUpdateLogin="5807056" enabled="true" obsolete="false" systemMaintained="false" graphSortType="VALUE_DESC" allValueLabel="All" compValueLabel="Comparison">
            <displayName id="XXBI_LEAD_RANK_DODisplayNameId">XXBI_LEAD_RANK_DO</displayName>
            <description id="XXBI_LEAD_RANK_DODescriptionId">Leads Rank Dimension</description>
            <valueSource>
               <dataSource>
                  <table>XXBI_LEAD_RANK_DIM_V</table>
               </dataSource>
               <column columnName="ID"/>
               <prototypeData>
                  <character id="XXBI_LEAD_RANK_DOPrototypeData" prefix="XXBI_LEA"/>
               </prototypeData>
            </valueSource>
            <idColumn columnName="ID"/>
            <nameColumn columnName="NAME"/>
            <sortColumn columnName="NAME"/>
            <dimensionLevelRelationships/>
         </dimensionLevel>
      </dimensionLevels>
   </dimension>
   <dimension id="XXBI_LEAD_CLOSE_REASON_DIM" objectName="XXBI_LEAD_CLOSE_REASON_DIM" application="XXCRM" createdBy="996429" creationDate="2009-06-09T12:14:24" lastUpdatedBy="996429" lastUpdateDate="2009-06-09T12:14:24" lastUpdateLogin="5807056" enabled="true" obsolete="false" systemMaintained="false" isTimeDimension="false">
      <displayName id="XXBI_LEAD_CLOSE_REASON_DIMDisplayNameId">XXBI_LEAD_CLOSE_REASON_DIM</displayName>
      <dimensionLevels>
         <dimensionLevel id="XXBI_LEAD_CLOSE_REASON_DO" objectName="XXBI_LEAD_CLOSE_REASON_DO" application="XXCRM" createdBy="996429" creationDate="2009-06-09T12:14:24" lastUpdatedBy="996429" lastUpdateDate="2009-06-09T12:14:24" lastUpdateLogin="5807056" enabled="true" obsolete="false" systemMaintained="false" graphSortType="VALUE_DESC" allValueLabel="All" compValueLabel="Comparison">
            <displayName id="XXBI_LEAD_CLOSE_REASON_DODisplayNameId">XXBI_LEAD_CLOSE_REASON_DO</displayName>
            <description id="XXBI_LEAD_CLOSE_REASON_DODescriptionId">Close Reason For Leads
</description>
            <valueSource>
               <dataSource>
                  <table>XXBI_LEAD_CLOSE_REASON_DIM_V</table>
               </dataSource>
               <column columnName="ID"/>
               <prototypeData>
                  <character id="XXBI_LEAD_CLOSE_REASON_DOPrototypeData" prefix="XXBI_LEA"/>
               </prototypeData>
            </valueSource>
            <idColumn columnName="ID"/>
            <nameColumn columnName="NAME"/>
            <sortColumn columnName="NAME"/>
            <dimensionLevelRelationships/>
         </dimensionLevel>
      </dimensionLevels>
   </dimension>
   <dimension id="XXBI_LEAD_AGE_BUCKET_DIM" objectName="XXBI_LEAD_AGE_BUCKET_DIM" application="XXCRM" createdBy="996429" creationDate="2009-06-09T12:14:24" lastUpdatedBy="996429" lastUpdateDate="2009-06-09T12:14:24" lastUpdateLogin="5807056" enabled="true" obsolete="false" systemMaintained="false" isTimeDimension="false">
      <displayName id="XXBI_LEAD_AGE_BUCKET_DIMDisplayNameId">XXBI_LEAD_AGE_BUCKET_DIM</displayName>
      <dimensionLevels>
         <dimensionLevel id="XXBI_LEAD_AGE_BUCKET_DO" objectName="XXBI_LEAD_AGE_BUCKET_DO" application="XXCRM" createdBy="996429" creationDate="2009-06-09T12:14:24" lastUpdatedBy="996429" lastUpdateDate="2009-06-09T12:14:24" lastUpdateLogin="5807056" enabled="true" obsolete="false" systemMaintained="false" graphSortType="VALUE_DESC" allValueLabel="All" compValueLabel="Comparison">
            <displayName id="XXBI_LEAD_AGE_BUCKET_DODisplayNameId">XXBI_LEAD_AGE_BUCKET_DO</displayName>
            <description id="XXBI_LEAD_AGE_BUCKET_DODescriptionId">Age Bucket Dimension For Leads
</description>
            <valueSource>
               <dataSource>
                  <table>XXBI_LEAD_AGE_BUCKET_DIM_V</table>
               </dataSource>
               <column columnName="ID"/>
               <prototypeData>
                  <character id="XXBI_LEAD_AGE_BUCKET_DOPrototypeData" prefix="XXBI_LEA"/>
               </prototypeData>
            </valueSource>
            <idColumn columnName="ID"/>
            <nameColumn columnName="NAME"/>
            <sortColumn columnName="NAME"/>
            <dimensionLevelRelationships/>
         </dimensionLevel>
      </dimensionLevels>
   </dimension>
   <dimension id="XXBI_SOURCE_PROMOTIONS_DIM" objectName="XXBI_SOURCE_PROMOTIONS_DIM" application="XXCRM" createdBy="996429" creationDate="2009-06-09T12:14:24" lastUpdatedBy="996429" lastUpdateDate="2009-06-09T12:14:24" lastUpdateLogin="5807056" enabled="true" obsolete="false" systemMaintained="false" isTimeDimension="false">
      <displayName id="XXBI_SOURCE_PROMOTIONS_DIMDisplayNameId">XXBI_SOURCE_PROMOTIONS_DIM</displayName>
      <dimensionLevels>
         <dimensionLevel id="XXBI_SOURCE_PROMOTIONS_DO" objectName="XXBI_SOURCE_PROMOTIONS_DO" application="XXCRM" createdBy="996429" creationDate="2009-06-09T12:14:24" lastUpdatedBy="996429" lastUpdateDate="2009-06-09T12:14:24" lastUpdateLogin="5807056" enabled="true" obsolete="false" systemMaintained="false" graphSortType="VALUE_DESC" allValueLabel="All" compValueLabel="Comparison">
            <displayName id="XXBI_SOURCE_PROMOTIONS_DODisplayNameId">XXBI_SOURCE_PROMOTIONS_DO</displayName>
            <description id="XXBI_SOURCE_PROMOTIONS_DODescriptionId">Source Promotion Dimension For Leads
</description>
            <valueSource>
               <dataSource>
                  <table>XXBI_SOURCE_PROMOTIONS_DIM_V</table>
               </dataSource>
               <column columnName="ID"/>
               <prototypeData>
                  <character id="XXBI_SOURCE_PROMOTIONS_DOPrototypeData" prefix="XXBI_SOU"/>
               </prototypeData>
            </valueSource>
            <idColumn columnName="ID"/>
            <nameColumn columnName="NAME"/>
            <sortColumn columnName="NAME"/>
            <dimensionLevelRelationships/>
         </dimensionLevel>
      </dimensionLevels>
   </dimension>
   <dimension id="XXBI_LEAD_STATUS_DIM" objectName="XXBI_LEAD_STATUS_DIM" application="XXCRM" createdBy="996429" creationDate="2009-06-09T12:14:23" lastUpdatedBy="996429" lastUpdateDate="2009-06-09T12:14:23" lastUpdateLogin="5807056" enabled="true" obsolete="false" systemMaintained="false" isTimeDimension="false">
      <displayName id="XXBI_LEAD_STATUS_DIMDisplayNameId">XXBI_LEAD_STATUS_DIM</displayName>
      <dimensionLevels>
         <dimensionLevel id="XXBI_LEAD_STATUS_DO" objectName="XXBI_LEAD_STATUS_DO" application="XXCRM" createdBy="996429" creationDate="2009-06-09T12:14:23" lastUpdatedBy="996429" lastUpdateDate="2009-06-09T12:14:23" lastUpdateLogin="5807056" enabled="true" obsolete="false" systemMaintained="false" graphSortType="VALUE_DESC" allValueLabel="All" compValueLabel="Comparison">
            <displayName id="XXBI_LEAD_STATUS_DODisplayNameId">XXBI_LEAD_STATUS_DO</displayName>
            <description id="XXBI_LEAD_STATUS_DODescriptionId">Lead Status Dimension</description>
            <valueSource>
               <dataSource>
                  <table>XXBI_LEAD_STATUS_DIM_V</table>
               </dataSource>
               <column columnName="ID"/>
               <prototypeData>
                  <character id="XXBI_LEAD_STATUS_DOPrototypeData" prefix="XXBI_LEA"/>
               </prototypeData>
            </valueSource>
            <idColumn columnName="ID"/>
            <nameColumn columnName="NAME"/>
            <sortColumn columnName="NAME"/>
            <dimensionLevelRelationships/>
         </dimensionLevel>
      </dimensionLevels>
   </dimension>
   <parameterGroups>
      <parameterGroup id="XXBI_CUST_CLASSIFICATION_DIM" objectName="XXBI_CUST_CLASSIFICATION_DIM" enabled="true" obsolete="false">
         <displayName id="XXBI_CUST_CLASSIFICATION_DIMDisplayNameId">XXBI_CUST_CLASSIFICATION_DIM</displayName>
         <description id="XXBI_CUST_CLASSIFICATION_DIMDescriptionId">Customer or Prospect</description>
         <parameters>
            <parameter dimensionName="XXBI_CUST_CLASSIFICATION_DIM" dimensionLevelName="XXBI_CUST_CLASSIFICATION_DO" allEnabled="true" viewByEnabled="true" displayTypeWhenAllValuesInParent="DISPLAY" displayTypeWhenNoValuesAvailable="DISPLAY" whereClause="">
               <defaultValue>
                  <literal>ALL</literal>
               </defaultValue>
            </parameter>
         </parameters>
      </parameterGroup>
      <parameterGroup id="XXBI_LEAD_RANK_DIM" objectName="XXBI_LEAD_RANK_DIM" enabled="true" obsolete="false">
         <displayName id="XXBI_LEAD_RANK_DIMDisplayNameId">XXBI_LEAD_RANK_DIM</displayName>
         <description id="XXBI_LEAD_RANK_DIMDescriptionId"/>
         <parameters>
            <parameter dimensionName="XXBI_LEAD_RANK_DIM" dimensionLevelName="XXBI_LEAD_RANK_DO" allEnabled="true" viewByEnabled="true" displayTypeWhenAllValuesInParent="DISPLAY" displayTypeWhenNoValuesAvailable="DISPLAY" whereClause="">
               <defaultValue>
                  <literal>ALL</literal>
               </defaultValue>
            </parameter>
         </parameters>
      </parameterGroup>
      <parameterGroup id="XXBI_LEAD_CLOSE_REASON_DIM" objectName="XXBI_LEAD_CLOSE_REASON_DIM" enabled="true" obsolete="false">
         <displayName id="XXBI_LEAD_CLOSE_REASON_DIMDisplayNameId">XXBI_LEAD_CLOSE_REASON_DIM</displayName>
         <description id="XXBI_LEAD_CLOSE_REASON_DIMDescriptionId"/>
         <parameters>
            <parameter dimensionName="XXBI_LEAD_CLOSE_REASON_DIM" dimensionLevelName="XXBI_LEAD_CLOSE_REASON_DO" allEnabled="true" viewByEnabled="true" displayTypeWhenAllValuesInParent="DISPLAY" displayTypeWhenNoValuesAvailable="DISPLAY" whereClause="">
               <defaultValue>
                  <literal>ALL</literal>
               </defaultValue>
            </parameter>
         </parameters>
      </parameterGroup>
      <parameterGroup id="XXBI_LEAD_AGE_BUCKET_DIM" objectName="XXBI_LEAD_AGE_BUCKET_DIM" enabled="true" obsolete="false">
         <displayName id="XXBI_LEAD_AGE_BUCKET_DIMDisplayNameId">XXBI_LEAD_AGE_BUCKET_DIM</displayName>
         <description id="XXBI_LEAD_AGE_BUCKET_DIMDescriptionId"/>
         <parameters>
            <parameter dimensionName="XXBI_LEAD_AGE_BUCKET_DIM" dimensionLevelName="XXBI_LEAD_AGE_BUCKET_DO" allEnabled="true" viewByEnabled="true" displayTypeWhenAllValuesInParent="DISPLAY" displayTypeWhenNoValuesAvailable="DISPLAY" whereClause="">
               <defaultValue>
                  <literal>ALL</literal>
               </defaultValue>
            </parameter>
         </parameters>
      </parameterGroup>
      <parameterGroup id="XXBI_SOURCE_PROMOTIONS_DIM" objectName="XXBI_SOURCE_PROMOTIONS_DIM" enabled="true" obsolete="false">
         <displayName id="XXBI_SOURCE_PROMOTIONS_DIMDisplayNameId">XXBI_SOURCE_PROMOTIONS_DIM</displayName>
         <description id="XXBI_SOURCE_PROMOTIONS_DIMDescriptionId"/>
         <parameters>
            <parameter dimensionName="XXBI_SOURCE_PROMOTIONS_DIM" dimensionLevelName="XXBI_SOURCE_PROMOTIONS_DO" allEnabled="true" viewByEnabled="true" displayTypeWhenAllValuesInParent="DISPLAY" displayTypeWhenNoValuesAvailable="DISPLAY" whereClause="">
               <defaultValue>
                  <literal>ALL</literal>
               </defaultValue>
            </parameter>
         </parameters>
      </parameterGroup>
      <parameterGroup id="XXBI_LEAD_STATUS_DIM" objectName="XXBI_LEAD_STATUS_DIM" enabled="true" obsolete="false">
         <displayName id="XXBI_LEAD_STATUS_DIMDisplayNameId">XXBI_LEAD_STATUS_DIM</displayName>
         <description id="XXBI_LEAD_STATUS_DIMDescriptionId"/>
         <parameters>
            <parameter dimensionName="XXBI_LEAD_STATUS_DIM" dimensionLevelName="XXBI_LEAD_STATUS_DO" allEnabled="true" viewByEnabled="true" displayTypeWhenAllValuesInParent="DISPLAY" displayTypeWhenNoValuesAvailable="DISPLAY" whereClause="">
               <defaultValue>
                  <literal>ALL</literal>
               </defaultValue>
            </parameter>
         </parameters>
      </parameterGroup>
      <parameterGroup id="XXBI_LEAD_RPRT_SMRY_REP" objectName="XXBI_LEAD_RPRT_SMRY_REP" enabled="true" obsolete="false">
         <displayName id="XXBI_LEAD_RPRT_SMRY_REPDisplayNameId">Leads Summary</displayName>
         <description id="XXBI_LEAD_RPRT_SMRY_REPDescriptionId"/>
         <parameters>
            <parameter dimensionName="XXBI_CUST_CLASSIFICATION_DIM" dimensionLevelName="XXBI_CUST_CLASSIFICATION_DO" allEnabled="true" viewByEnabled="true" displayTypeWhenAllValuesInParent="DISPLAY" displayTypeWhenNoValuesAvailable="DISPLAY" whereClause="">
               <defaultValue>
                  <literal>ALL</literal>
               </defaultValue>
            </parameter>
            <parameter dimensionName="XXBI_LEAD_RANK_DIM" dimensionLevelName="XXBI_LEAD_RANK_DO" allEnabled="true" viewByEnabled="true" displayTypeWhenAllValuesInParent="DISPLAY" displayTypeWhenNoValuesAvailable="DISPLAY" whereClause="">
               <defaultValue>
                  <literal>ALL</literal>
               </defaultValue>
            </parameter>
            <parameter dimensionName="XXBI_LEAD_CLOSE_REASON_DIM" dimensionLevelName="XXBI_LEAD_CLOSE_REASON_DO" allEnabled="true" viewByEnabled="true" displayTypeWhenAllValuesInParent="DISPLAY" displayTypeWhenNoValuesAvailable="DISPLAY" whereClause="">
               <defaultValue>
                  <literal>ALL</literal>
               </defaultValue>
            </parameter>
            <parameter dimensionName="XXBI_LEAD_AGE_BUCKET_DIM" dimensionLevelName="XXBI_LEAD_AGE_BUCKET_DO" allEnabled="true" viewByEnabled="true" displayTypeWhenAllValuesInParent="DISPLAY" displayTypeWhenNoValuesAvailable="DISPLAY" whereClause="">
               <defaultValue>
                  <literal>ALL</literal>
               </defaultValue>
            </parameter>
            <parameter dimensionName="XXBI_SOURCE_PROMOTIONS_DIM" dimensionLevelName="XXBI_SOURCE_PROMOTIONS_DO" allEnabled="true" viewByEnabled="true" displayTypeWhenAllValuesInParent="DISPLAY" displayTypeWhenNoValuesAvailable="DISPLAY" whereClause="">
               <defaultValue>
                  <literal>ALL</literal>
               </defaultValue>
            </parameter>
            <parameter dimensionName="XXBI_LEAD_STATUS_DIM" dimensionLevelName="XXBI_LEAD_STATUS_DO" allEnabled="true" viewByEnabled="true" displayTypeWhenAllValuesInParent="DISPLAY" displayTypeWhenNoValuesAvailable="DISPLAY" whereClause="">
               <defaultValue>
                  <literal>ALL</literal>
               </defaultValue>
            </parameter>
         </parameters>
      </parameterGroup>
   </parameterGroups>
</dimensions>
