<?xml version="1.0" encoding="UTF-8" ?>
<MTServer xmlns:xsi="http://www.w3.org/2001/XMLSchema-instance"
          xsi:noNamespaceSchemaLocation="">
    <ListenToPort>9100</ListenToPort>
    <Thread>
    <Parent>
        <Max>50</Max>
        <Min>10</Min>
    </Parent>
    <Worker>
        <Max>5</Max>
        <Min>2</Min>
    </Worker>
    </Thread>
    <AppServerConfig>
        <ProviderUrl>ormi://localhost:23791/EJBTest</ProviderUrl>
        <InitialContext>oracle.j2ee.rmi.RMIInitialContextFactory</InitialContext>
        <UserName>oc4jadmin</UserName>
        <Password>admin135</Password>
    </AppServerConfig>
</MTServer>
