<?xml version="1.0"?><MTSRequest xmlns:xsi="http://www.w3.org/2001/XMLSchema-instance"
            xsi:noNamespaceSchemaLocation="MTSRequest.xsd">
    <SessionID>23232323</SessionID>
    <CallType>EJBSessionBean</CallType>
    <BeanCall>
        <JNDIName>SPSessionEJB</JNDIName>
        <MethodCall>
            <MethodName>testMethod</MethodName>
            <ParamTypes>
            </ParamTypes>
            <ParamValues>
				<ParamValue />
				<ParamValue />
				<ParamValue />
            </ParamValues>
        </MethodCall>
        <MethodCall>
            <MethodName>testMethod</MethodName>
            <ParamTypes>
            </ParamTypes>
            <ParamValues>
				<ParamValue />
				<ParamValue />
				<ParamValue />
            </ParamValues>
        </MethodCall>
        <MethodCall>
            <MethodName>testMethod</MethodName>
            <ParamTypes>
            </ParamTypes>
            <ParamValues>
				<ParamValue />
				<ParamValue />
				<ParamValue />
            </ParamValues>
        </MethodCall>
        <MethodCall>
            <MethodName>testMethod</MethodName>
            <ParamTypes>
            </ParamTypes>
            <ParamValues>
				<ParamValue />
				<ParamValue />
				<ParamValue />
            </ParamValues>
        </MethodCall>
    </BeanCall>
</MTSRequest>
