<?xml version="1.0" encoding='windows-1252'?>
<!DOCTYPE ViewObject SYSTEM "jbo_03_01.dtd">
<!--
Subversion Info:
$HeadURL: http://svn.na.odcorp.net/od/common/branches/10.4/xxcomn/java/od/oracle/apps/xxcrm/cdh/ebl/exec/server/ODEBillPayDocVO.xml $
$Rev: 113643 $
$Date: 2010-09-14 00:18:12 +0530 (Tue, 14 Sep 2010) $
-->
<ViewObject
   Name="ODEBillPayDocVO"
   BindingStyle="Oracle"
   CustomQuery="true"
   RowClass="od.oracle.apps.xxcrm.cdh.ebl.exec.server.ODEBillPayDocVORowImpl"
   ComponentClass="oracle.apps.fnd.framework.server.OAViewObjectImpl"
   MsgBundleClass="oracle.jbo.common.JboResourceBundle"
   UseGlueCode="false" >
   <SQLQuery><![CDATA[
select substr(asites.orig_system_reference,1,14) site_orig_sys_ref,
asites.cust_account_id,
uses.bill_to_site_use_id,
uses.site_use_code site_use_code,
substr(uses1.orig_system_reference,1,14) use_orig_sys_ref,
uses1.site_use_code site_use_code1
from apps.hz_cust_acct_sites_all asites,
     apps.hz_cust_site_uses_all uses,
     apps.hz_cust_site_uses_all uses1
where asites.cust_acct_site_id =  uses.cust_acct_site_id
and uses.bill_to_site_use_id is not null
and substr(uses1.orig_system_reference,1,14) <>  substr(asites.orig_system_reference,1,14)
and uses.bill_to_site_use_id = uses1.site_use_id
   ]]></SQLQuery>
   <DesignTime>
      <Attr Name="_isCodegen" Value="true" />
      <Attr Name="_version" Value="9.0.3.12.53" />
      <Attr Name="_CodeGenFlagNew" Value="4" />
   </DesignTime>
   <ViewAttribute
      Name="SiteOrigSysRef"
      IsPersistent="false"
      Precision="42"
      Type="java.lang.String"
      AliasName="SITE_ORIG_SYS_REF"
      ColumnType="VARCHAR2"
      Expression="SITE_ORIG_SYS_REF"
      SQLType="VARCHAR" >
      <DesignTime>
         <Attr Name="_DisplaySize" Value="42" />
      </DesignTime>
   </ViewAttribute>
   <ViewAttribute
      Name="CustAccountId"
      IsPersistent="false"
      IsNotNull="true"
      Precision="15"
      Scale="0"
      Type="oracle.jbo.domain.Number"
      AliasName="CUST_ACCOUNT_ID"
      ColumnType="VARCHAR2"
      Expression="CUST_ACCOUNT_ID"
      SQLType="NUMERIC" >
      <DesignTime>
         <Attr Name="_DisplaySize" Value="22" />
      </DesignTime>
   </ViewAttribute>
   <ViewAttribute
      Name="BillToSiteUseId"
      IsPersistent="false"
      Precision="15"
      Scale="0"
      Type="oracle.jbo.domain.Number"
      AliasName="BILL_TO_SITE_USE_ID"
      ColumnType="VARCHAR2"
      Expression="BILL_TO_SITE_USE_ID"
      SQLType="NUMERIC" >
      <DesignTime>
         <Attr Name="_DisplaySize" Value="22" />
      </DesignTime>
   </ViewAttribute>
   <ViewAttribute
      Name="SiteUseCode"
      IsPersistent="false"
      IsNotNull="true"
      Precision="30"
      Type="java.lang.String"
      AliasName="SITE_USE_CODE"
      ColumnType="VARCHAR2"
      Expression="SITE_USE_CODE"
      SQLType="VARCHAR" >
      <DesignTime>
         <Attr Name="_DisplaySize" Value="30" />
      </DesignTime>
   </ViewAttribute>
   <ViewAttribute
      Name="UseOrigSysRef"
      IsPersistent="false"
      Precision="42"
      Type="java.lang.String"
      AliasName="USE_ORIG_SYS_REF"
      ColumnType="VARCHAR2"
      Expression="USE_ORIG_SYS_REF"
      SQLType="VARCHAR" >
      <DesignTime>
         <Attr Name="_DisplaySize" Value="42" />
      </DesignTime>
   </ViewAttribute>
   <ViewAttribute
      Name="SiteUseCode1"
      IsPersistent="false"
      IsNotNull="true"
      Precision="30"
      Type="java.lang.String"
      AliasName="SITE_USE_CODE1"
      ColumnType="VARCHAR2"
      Expression="SITE_USE_CODE1"
      SQLType="VARCHAR" >
      <DesignTime>
         <Attr Name="_DisplaySize" Value="30" />
      </DesignTime>
   </ViewAttribute>
</ViewObject>
