<?xml version="1.0" encoding='windows-1252'?>
<!DOCTYPE ViewObject SYSTEM "jbo_03_01.dtd">

<!--
Subversion Info:
$HeadURL: http://svn.na.odcorp.net/od/common/branches/10.4/xxcomn/java/od/oracle/apps/xxcrm/cdh/ebl/exec/server/ODEBillDocExcepHRVO.xml $
$Rev: 113643 $
$Date: 2010-09-14 00:18:12 +0530 (Tue, 14 Sep 2010) $
-->

<ViewObject
   Name="ODEBillDocExcepHRVO"
   BindingStyle="Oracle"
   CustomQuery="true"
   RowClass="od.oracle.apps.xxcrm.cdh.ebl.exec.server.ODEBillDocExcepHRVORowImpl"
   ComponentClass="oracle.apps.fnd.framework.server.OAViewObjectImpl"
   MsgBundleClass="oracle.jbo.common.JboResourceBundle"
   UseGlueCode="false" >
   <SQLQuery><![CDATA[
SELECT HCA.account_name Customer_Name,
 HCA.account_number customer_number,
  HCA.cust_account_id cust_account_id ,
  SUBSTR(HCA.orig_system_reference,1,8) AOPS_Number,
  HCA.attribute18 Customer_type,
  decode(HCP.attribute3,'Y','Yes','N','No','No') AB_flag
  FROM hz_cust_accounts HCA,
   hz_customer_profiles HCP
WHERE HCP.cust_account_id = HCA.cust_account_id
 and HCP.party_id = HCA.party_id 
 and HCP.site_use_id is null
   ]]></SQLQuery>
   <DesignTime>
      <Attr Name="_isCodegen" Value="true" />
      <Attr Name="_version" Value="9.0.3.12.53" />
      <Attr Name="_CodeGenFlagNew" Value="4" />
   </DesignTime>
   <ViewAttribute
      Name="CustomerName"
      IsPersistent="false"
      Precision="240"
      Type="java.lang.String"
      AliasName="CUSTOMER_NAME"
      ColumnType="VARCHAR2"
      Expression="CUSTOMER_NAME"
      SQLType="VARCHAR" >
      <DesignTime>
         <Attr Name="_DisplaySize" Value="240" />
      </DesignTime>
   </ViewAttribute>
   <ViewAttribute
      Name="CustomerNumber"
      IsUpdateable="false"
      IsPersistent="false"
      Precision="30"
      Type="java.lang.String"
      ColumnType="VARCHAR2"
      Expression="CustomerNumber"
      SQLType="VARCHAR" >
   </ViewAttribute>
   <ViewAttribute
      Name="CustAccountId"
      IsPersistent="false"
      IsNotNull="true"
      Precision="15"
      Scale="0"
      Type="oracle.jbo.domain.Number"
      AliasName="CUST_ACCOUNT_ID"
      ColumnType="VARCHAR2"
      Expression="CUST_ACCOUNT_ID"
      SQLType="NUMERIC" >
      <DesignTime>
         <Attr Name="_DisplaySize" Value="22" />
      </DesignTime>
   </ViewAttribute>
   <ViewAttribute
      Name="AopsNumber"
      IsPersistent="false"
      Precision="24"
      Type="java.lang.String"
      AliasName="AOPS_NUMBER"
      ColumnType="VARCHAR2"
      Expression="AOPS_NUMBER"
      SQLType="VARCHAR" >
      <DesignTime>
         <Attr Name="_DisplaySize" Value="24" />
      </DesignTime>
   </ViewAttribute>
   <ViewAttribute
      Name="CustomerType"
      IsPersistent="false"
      Precision="150"
      Type="java.lang.String"
      AliasName="CUSTOMER_TYPE"
      ColumnType="VARCHAR2"
      Expression="CUSTOMER_TYPE"
      SQLType="VARCHAR" >
      <DesignTime>
         <Attr Name="_DisplaySize" Value="150" />
      </DesignTime>
   </ViewAttribute>
   <ViewAttribute
      Name="AbFlag"
      IsPersistent="false"
      Precision="150"
      Type="java.lang.String"
      AliasName="AB_FLAG"
      ColumnType="VARCHAR2"
      Expression="AB_FLAG"
      SQLType="VARCHAR" >
      <DesignTime>
         <Attr Name="_DisplaySize" Value="150" />
      </DesignTime>
   </ViewAttribute>
</ViewObject>
