<?xml version="1.0" encoding='windows-1252'?>
<!DOCTYPE ViewObject SYSTEM "jbo_03_01.dtd">
<!--
Subversion Info:
$HeadURL: http://svn.na.odcorp.net/od/common/branches/10.4/xxcomn/java/od/oracle/apps/xxcrm/cdh/ebl/exec/server/ODEBillDocExceptionVO.xml $
$Rev: 113643 $
$Date: 2010-09-14 00:18:12 +0530 (Tue, 14 Sep 2010) $
-->
<ViewObject
   Name="ODEBillDocExceptionVO"
   BindingStyle="Oracle"
   CustomQuery="true"
   RowClass="od.oracle.apps.xxcrm.cdh.ebl.exec.server.ODEBillDocExceptionVORowImpl"
   ComponentClass="oracle.apps.fnd.framework.server.OAViewObjectImpl"
   MsgBundleClass="oracle.jbo.common.JboResourceBundle"
   UseGlueCode="false" >
   <SQLQuery><![CDATA[
SELECT ODEBillCustDocExecEO.EXTENSION_ID, 
       ODEBillCustDocExecEO.CUST_ACCT_SITE_ID, 
       ODEBillCustDocExecEO.ATTR_GROUP_ID, 
       ODEBillCustDocExecEO.CREATED_BY, 
       ODEBillCustDocExecEO.CREATION_DATE, 
       ODEBillCustDocExecEO.LAST_UPDATED_BY, 
       ODEBillCustDocExecEO.LAST_UPDATE_DATE, 
       ODEBillCustDocExecEO.LAST_UPDATE_LOGIN, 
       ODEBillCustDocExecEO.C_EXT_ATTR1, 
       ODEBillCustDocExecEO.C_EXT_ATTR2, 
       ODEBillCustDocExecEO.C_EXT_ATTR3, 
       ODEBillCustDocExecEO.C_EXT_ATTR4, 
       ODEBillCustDocExecEO.C_EXT_ATTR5, 
       ODEBillCustDocExecEO.C_EXT_ATTR6, 
       ODEBillCustDocExecEO.C_EXT_ATTR7, 
       ODEBillCustDocExecEO.C_EXT_ATTR8, 
       ODEBillCustDocExecEO.C_EXT_ATTR9, 
       ODEBillCustDocExecEO.C_EXT_ATTR10, 
       ODEBillCustDocExecEO.C_EXT_ATTR11, 
       ODEBillCustDocExecEO.C_EXT_ATTR12, 
       ODEBillCustDocExecEO.C_EXT_ATTR13, 
       ODEBillCustDocExecEO.C_EXT_ATTR14, 
       ODEBillCustDocExecEO.C_EXT_ATTR15, 
       ODEBillCustDocExecEO.C_EXT_ATTR16, 
       ODEBillCustDocExecEO.C_EXT_ATTR17, 
       ODEBillCustDocExecEO.C_EXT_ATTR18, 
       ODEBillCustDocExecEO.C_EXT_ATTR19, 
       ODEBillCustDocExecEO.C_EXT_ATTR20, 
       ODEBillCustDocExecEO.N_EXT_ATTR1, 
       ODEBillCustDocExecEO.N_EXT_ATTR2, 
       ODEBillCustDocExecEO.N_EXT_ATTR3, 
       ODEBillCustDocExecEO.N_EXT_ATTR4, 
       ODEBillCustDocExecEO.N_EXT_ATTR5, 
       ODEBillCustDocExecEO.N_EXT_ATTR6, 
       ODEBillCustDocExecEO.N_EXT_ATTR7, 
       ODEBillCustDocExecEO.N_EXT_ATTR8, 
       ODEBillCustDocExecEO.N_EXT_ATTR9, 
       ODEBillCustDocExecEO.N_EXT_ATTR10, 
       ODEBillCustDocExecEO.N_EXT_ATTR11, 
       ODEBillCustDocExecEO.N_EXT_ATTR12, 
       ODEBillCustDocExecEO.N_EXT_ATTR13, 
       ODEBillCustDocExecEO.N_EXT_ATTR14, 
       ODEBillCustDocExecEO.N_EXT_ATTR15, 
       ODEBillCustDocExecEO.N_EXT_ATTR16, 
       ODEBillCustDocExecEO.N_EXT_ATTR17, 
       ODEBillCustDocExecEO.N_EXT_ATTR18, 
       ODEBillCustDocExecEO.N_EXT_ATTR19, 
       ODEBillCustDocExecEO.N_EXT_ATTR20, 
       ODEBillCustDocExecEO.D_EXT_ATTR1, 
       ODEBillCustDocExecEO.D_EXT_ATTR2, 
       ODEBillCustDocExecEO.D_EXT_ATTR3, 
       ODEBillCustDocExecEO.D_EXT_ATTR4, 
       ODEBillCustDocExecEO.D_EXT_ATTR5, 
       ODEBillCustDocExecEO.D_EXT_ATTR6, 
       ODEBillCustDocExecEO.D_EXT_ATTR7, 
       ODEBillCustDocExecEO.D_EXT_ATTR8, 
       ODEBillCustDocExecEO.D_EXT_ATTR9, 
       ODEBillCustDocExecEO.D_EXT_ATTR10, 
       ODEBillCustDocExecEO.ROWID,
       (SELECT CUST_ACCOUNT_ID FROM HZ_CUST_ACCT_SITES_ALL HCAS where HCAS.CUST_ACCT_SITE_ID =ODEBillCustDocExecEO.CUST_ACCT_SITE_ID)cust_account_id,(SELECT ORIG_SYSTEM_REFERENCE  FROM HZ_CUST_ACCT_SITES_ALL HCAS where
HCAS.CUST_ACCT_SITE_ID =ODEBillCustDocExecEO.CUST_ACCT_SITE_ID) from_site,
1 ReadOnlyFlag
FROM XX_CDH_ACCT_SITE_EXT_B ODEBillCustDocExecEO
WHERE ODEBillCustDocExecEO.attr_group_id =
	(SELECT attr_group_id  FROM   ego_attr_groups_v 	  WHERE  attr_group_type ='XX_CDH_CUST_ACCT_SITE'
AND attr_group_name = 'BILLDOCS')
   ]]></SQLQuery>
   <DesignTime>
      <Attr Name="_isCodegen" Value="true" />
      <Attr Name="_version" Value="9.0.3.12.53" />
      <Attr Name="_CodeGenFlagNew" Value="4" />
   </DesignTime>
   <EntityUsage
      Name="ODEBillCustDocExecEO"
      Entity="od.oracle.apps.xxcrm.cdh.ebl.exec.schema.server.ODEBillDocExecptionEO" >
      <DesignTime>
         <Attr Name="_EntireObjectTable" Value="false" />
         <Attr Name="_queryClause" Value="false" />
      </DesignTime>
   </EntityUsage>
   <ViewAttribute
      Name="ExtensionId"
      IsNotNull="true"
      EntityAttrName="ExtensionId"
      EntityUsage="ODEBillCustDocExecEO"
      AliasName="EXTENSION_ID"
      ColumnType="VARCHAR2" >
   </ViewAttribute>
   <ViewAttribute
      Name="CustAcctSiteId"
      IsNotNull="true"
      EntityAttrName="CustAcctSiteId"
      EntityUsage="ODEBillCustDocExecEO"
      AliasName="CUST_ACCT_SITE_ID"
      ColumnType="VARCHAR2" >
   </ViewAttribute>
   <ViewAttribute
      Name="AttrGroupId"
      IsNotNull="true"
      EntityAttrName="AttrGroupId"
      EntityUsage="ODEBillCustDocExecEO"
      AliasName="ATTR_GROUP_ID"
      ColumnType="VARCHAR2" >
   </ViewAttribute>
   <ViewAttribute
      Name="CreatedBy"
      IsNotNull="true"
      EntityAttrName="CreatedBy"
      EntityUsage="ODEBillCustDocExecEO"
      AliasName="CREATED_BY"
      ColumnType="VARCHAR2" >
   </ViewAttribute>
   <ViewAttribute
      Name="CreationDate"
      IsNotNull="true"
      EntityAttrName="CreationDate"
      EntityUsage="ODEBillCustDocExecEO"
      AliasName="CREATION_DATE"
      ColumnType="VARCHAR2" >
   </ViewAttribute>
   <ViewAttribute
      Name="LastUpdatedBy"
      IsNotNull="true"
      EntityAttrName="LastUpdatedBy"
      EntityUsage="ODEBillCustDocExecEO"
      AliasName="LAST_UPDATED_BY"
      ColumnType="VARCHAR2" >
   </ViewAttribute>
   <ViewAttribute
      Name="LastUpdateDate"
      IsNotNull="true"
      EntityAttrName="LastUpdateDate"
      EntityUsage="ODEBillCustDocExecEO"
      AliasName="LAST_UPDATE_DATE"
      ColumnType="VARCHAR2" >
   </ViewAttribute>
   <ViewAttribute
      Name="LastUpdateLogin"
      EntityAttrName="LastUpdateLogin"
      EntityUsage="ODEBillCustDocExecEO"
      AliasName="LAST_UPDATE_LOGIN"
      ColumnType="VARCHAR2" >
   </ViewAttribute>
   <ViewAttribute
      Name="CExtAttr1"
      EntityAttrName="CExtAttr1"
      EntityUsage="ODEBillCustDocExecEO"
      AliasName="C_EXT_ATTR1"
      ColumnType="VARCHAR2" >
   </ViewAttribute>
   <ViewAttribute
      Name="CExtAttr2"
      EntityAttrName="CExtAttr2"
      EntityUsage="ODEBillCustDocExecEO"
      AliasName="C_EXT_ATTR2"
      ColumnType="VARCHAR2" >
   </ViewAttribute>
   <ViewAttribute
      Name="CExtAttr3"
      EntityAttrName="CExtAttr3"
      EntityUsage="ODEBillCustDocExecEO"
      AliasName="C_EXT_ATTR3"
      ColumnType="VARCHAR2" >
   </ViewAttribute>
   <ViewAttribute
      Name="CExtAttr4"
      EntityAttrName="CExtAttr4"
      EntityUsage="ODEBillCustDocExecEO"
      AliasName="C_EXT_ATTR4"
      ColumnType="VARCHAR2" >
   </ViewAttribute>
   <ViewAttribute
      Name="CExtAttr5"
      EntityAttrName="CExtAttr5"
      EntityUsage="ODEBillCustDocExecEO"
      AliasName="C_EXT_ATTR5"
      ColumnType="VARCHAR2" >
   </ViewAttribute>
   <ViewAttribute
      Name="CExtAttr6"
      EntityAttrName="CExtAttr6"
      EntityUsage="ODEBillCustDocExecEO"
      AliasName="C_EXT_ATTR6"
      ColumnType="VARCHAR2" >
   </ViewAttribute>
   <ViewAttribute
      Name="CExtAttr7"
      EntityAttrName="CExtAttr7"
      EntityUsage="ODEBillCustDocExecEO"
      AliasName="C_EXT_ATTR7"
      ColumnType="VARCHAR2" >
   </ViewAttribute>
   <ViewAttribute
      Name="CExtAttr8"
      EntityAttrName="CExtAttr8"
      EntityUsage="ODEBillCustDocExecEO"
      AliasName="C_EXT_ATTR8"
      ColumnType="VARCHAR2" >
   </ViewAttribute>
   <ViewAttribute
      Name="CExtAttr9"
      EntityAttrName="CExtAttr9"
      EntityUsage="ODEBillCustDocExecEO"
      AliasName="C_EXT_ATTR9"
      ColumnType="VARCHAR2" >
   </ViewAttribute>
   <ViewAttribute
      Name="CExtAttr10"
      EntityAttrName="CExtAttr10"
      EntityUsage="ODEBillCustDocExecEO"
      AliasName="C_EXT_ATTR10"
      ColumnType="VARCHAR2" >
   </ViewAttribute>
   <ViewAttribute
      Name="CExtAttr11"
      EntityAttrName="CExtAttr11"
      EntityUsage="ODEBillCustDocExecEO"
      AliasName="C_EXT_ATTR11"
      ColumnType="VARCHAR2" >
   </ViewAttribute>
   <ViewAttribute
      Name="CExtAttr12"
      EntityAttrName="CExtAttr12"
      EntityUsage="ODEBillCustDocExecEO"
      AliasName="C_EXT_ATTR12"
      ColumnType="VARCHAR2" >
   </ViewAttribute>
   <ViewAttribute
      Name="CExtAttr13"
      EntityAttrName="CExtAttr13"
      EntityUsage="ODEBillCustDocExecEO"
      AliasName="C_EXT_ATTR13"
      ColumnType="VARCHAR2" >
   </ViewAttribute>
   <ViewAttribute
      Name="CExtAttr14"
      EntityAttrName="CExtAttr14"
      EntityUsage="ODEBillCustDocExecEO"
      AliasName="C_EXT_ATTR14"
      ColumnType="VARCHAR2" >
   </ViewAttribute>
   <ViewAttribute
      Name="CExtAttr15"
      EntityAttrName="CExtAttr15"
      EntityUsage="ODEBillCustDocExecEO"
      AliasName="C_EXT_ATTR15"
      ColumnType="VARCHAR2" >
   </ViewAttribute>
   <ViewAttribute
      Name="CExtAttr16"
      EntityAttrName="CExtAttr16"
      EntityUsage="ODEBillCustDocExecEO"
      AliasName="C_EXT_ATTR16"
      ColumnType="VARCHAR2" >
   </ViewAttribute>
   <ViewAttribute
      Name="CExtAttr17"
      EntityAttrName="CExtAttr17"
      EntityUsage="ODEBillCustDocExecEO"
      AliasName="C_EXT_ATTR17"
      ColumnType="VARCHAR2" >
   </ViewAttribute>
   <ViewAttribute
      Name="CExtAttr18"
      EntityAttrName="CExtAttr18"
      EntityUsage="ODEBillCustDocExecEO"
      AliasName="C_EXT_ATTR18"
      ColumnType="VARCHAR2" >
   </ViewAttribute>
   <ViewAttribute
      Name="CExtAttr19"
      EntityAttrName="CExtAttr19"
      EntityUsage="ODEBillCustDocExecEO"
      AliasName="C_EXT_ATTR19"
      ColumnType="VARCHAR2" >
   </ViewAttribute>
   <ViewAttribute
      Name="CExtAttr20"
      EntityAttrName="CExtAttr20"
      EntityUsage="ODEBillCustDocExecEO"
      AliasName="C_EXT_ATTR20"
      ColumnType="VARCHAR2" >
   </ViewAttribute>
   <ViewAttribute
      Name="NExtAttr1"
      EntityAttrName="NExtAttr1"
      EntityUsage="ODEBillCustDocExecEO"
      AliasName="N_EXT_ATTR1"
      ColumnType="VARCHAR2" >
   </ViewAttribute>
   <ViewAttribute
      Name="NExtAttr2"
      EntityAttrName="NExtAttr2"
      EntityUsage="ODEBillCustDocExecEO"
      AliasName="N_EXT_ATTR2"
      ColumnType="VARCHAR2" >
   </ViewAttribute>
   <ViewAttribute
      Name="NExtAttr3"
      EntityAttrName="NExtAttr3"
      EntityUsage="ODEBillCustDocExecEO"
      AliasName="N_EXT_ATTR3"
      ColumnType="VARCHAR2" >
   </ViewAttribute>
   <ViewAttribute
      Name="NExtAttr4"
      EntityAttrName="NExtAttr4"
      EntityUsage="ODEBillCustDocExecEO"
      AliasName="N_EXT_ATTR4"
      ColumnType="VARCHAR2" >
   </ViewAttribute>
   <ViewAttribute
      Name="NExtAttr5"
      EntityAttrName="NExtAttr5"
      EntityUsage="ODEBillCustDocExecEO"
      AliasName="N_EXT_ATTR5"
      ColumnType="VARCHAR2" >
   </ViewAttribute>
   <ViewAttribute
      Name="NExtAttr6"
      EntityAttrName="NExtAttr6"
      EntityUsage="ODEBillCustDocExecEO"
      AliasName="N_EXT_ATTR6"
      ColumnType="VARCHAR2" >
   </ViewAttribute>
   <ViewAttribute
      Name="NExtAttr7"
      EntityAttrName="NExtAttr7"
      EntityUsage="ODEBillCustDocExecEO"
      AliasName="N_EXT_ATTR7"
      ColumnType="VARCHAR2" >
   </ViewAttribute>
   <ViewAttribute
      Name="NExtAttr8"
      EntityAttrName="NExtAttr8"
      EntityUsage="ODEBillCustDocExecEO"
      AliasName="N_EXT_ATTR8"
      ColumnType="VARCHAR2" >
   </ViewAttribute>
   <ViewAttribute
      Name="NExtAttr9"
      EntityAttrName="NExtAttr9"
      EntityUsage="ODEBillCustDocExecEO"
      AliasName="N_EXT_ATTR9"
      ColumnType="VARCHAR2" >
   </ViewAttribute>
   <ViewAttribute
      Name="NExtAttr10"
      EntityAttrName="NExtAttr10"
      EntityUsage="ODEBillCustDocExecEO"
      AliasName="N_EXT_ATTR10"
      ColumnType="VARCHAR2" >
   </ViewAttribute>
   <ViewAttribute
      Name="NExtAttr11"
      EntityAttrName="NExtAttr11"
      EntityUsage="ODEBillCustDocExecEO"
      AliasName="N_EXT_ATTR11"
      ColumnType="VARCHAR2" >
   </ViewAttribute>
   <ViewAttribute
      Name="NExtAttr12"
      EntityAttrName="NExtAttr12"
      EntityUsage="ODEBillCustDocExecEO"
      AliasName="N_EXT_ATTR12"
      ColumnType="VARCHAR2" >
   </ViewAttribute>
   <ViewAttribute
      Name="NExtAttr13"
      EntityAttrName="NExtAttr13"
      EntityUsage="ODEBillCustDocExecEO"
      AliasName="N_EXT_ATTR13"
      ColumnType="VARCHAR2" >
   </ViewAttribute>
   <ViewAttribute
      Name="NExtAttr14"
      EntityAttrName="NExtAttr14"
      EntityUsage="ODEBillCustDocExecEO"
      AliasName="N_EXT_ATTR14"
      ColumnType="VARCHAR2" >
   </ViewAttribute>
   <ViewAttribute
      Name="NExtAttr15"
      EntityAttrName="NExtAttr15"
      EntityUsage="ODEBillCustDocExecEO"
      AliasName="N_EXT_ATTR15"
      ColumnType="VARCHAR2" >
   </ViewAttribute>
   <ViewAttribute
      Name="NExtAttr16"
      EntityAttrName="NExtAttr16"
      EntityUsage="ODEBillCustDocExecEO"
      AliasName="N_EXT_ATTR16"
      ColumnType="VARCHAR2" >
   </ViewAttribute>
   <ViewAttribute
      Name="NExtAttr17"
      EntityAttrName="NExtAttr17"
      EntityUsage="ODEBillCustDocExecEO"
      AliasName="N_EXT_ATTR17"
      ColumnType="VARCHAR2" >
   </ViewAttribute>
   <ViewAttribute
      Name="NExtAttr18"
      EntityAttrName="NExtAttr18"
      EntityUsage="ODEBillCustDocExecEO"
      AliasName="N_EXT_ATTR18"
      ColumnType="VARCHAR2" >
   </ViewAttribute>
   <ViewAttribute
      Name="NExtAttr19"
      EntityAttrName="NExtAttr19"
      EntityUsage="ODEBillCustDocExecEO"
      AliasName="N_EXT_ATTR19"
      ColumnType="VARCHAR2" >
   </ViewAttribute>
   <ViewAttribute
      Name="NExtAttr20"
      EntityAttrName="NExtAttr20"
      EntityUsage="ODEBillCustDocExecEO"
      AliasName="N_EXT_ATTR20"
      ColumnType="VARCHAR2" >
   </ViewAttribute>
   <ViewAttribute
      Name="DExtAttr1"
      EntityAttrName="DExtAttr1"
      EntityUsage="ODEBillCustDocExecEO"
      AliasName="D_EXT_ATTR1"
      ColumnType="VARCHAR2" >
   </ViewAttribute>
   <ViewAttribute
      Name="DExtAttr2"
      EntityAttrName="DExtAttr2"
      EntityUsage="ODEBillCustDocExecEO"
      AliasName="D_EXT_ATTR2"
      ColumnType="VARCHAR2" >
   </ViewAttribute>
   <ViewAttribute
      Name="DExtAttr3"
      EntityAttrName="DExtAttr3"
      EntityUsage="ODEBillCustDocExecEO"
      AliasName="D_EXT_ATTR3"
      ColumnType="VARCHAR2" >
   </ViewAttribute>
   <ViewAttribute
      Name="DExtAttr4"
      EntityAttrName="DExtAttr4"
      EntityUsage="ODEBillCustDocExecEO"
      AliasName="D_EXT_ATTR4"
      ColumnType="VARCHAR2" >
   </ViewAttribute>
   <ViewAttribute
      Name="DExtAttr5"
      EntityAttrName="DExtAttr5"
      EntityUsage="ODEBillCustDocExecEO"
      AliasName="D_EXT_ATTR5"
      ColumnType="VARCHAR2" >
   </ViewAttribute>
   <ViewAttribute
      Name="DExtAttr6"
      EntityAttrName="DExtAttr6"
      EntityUsage="ODEBillCustDocExecEO"
      AliasName="D_EXT_ATTR6"
      ColumnType="VARCHAR2" >
   </ViewAttribute>
   <ViewAttribute
      Name="DExtAttr7"
      EntityAttrName="DExtAttr7"
      EntityUsage="ODEBillCustDocExecEO"
      AliasName="D_EXT_ATTR7"
      ColumnType="VARCHAR2" >
   </ViewAttribute>
   <ViewAttribute
      Name="DExtAttr8"
      EntityAttrName="DExtAttr8"
      EntityUsage="ODEBillCustDocExecEO"
      AliasName="D_EXT_ATTR8"
      ColumnType="VARCHAR2" >
   </ViewAttribute>
   <ViewAttribute
      Name="DExtAttr9"
      EntityAttrName="DExtAttr9"
      EntityUsage="ODEBillCustDocExecEO"
      AliasName="D_EXT_ATTR9"
      ColumnType="VARCHAR2" >
   </ViewAttribute>
   <ViewAttribute
      Name="DExtAttr10"
      EntityAttrName="DExtAttr10"
      EntityUsage="ODEBillCustDocExecEO"
      AliasName="D_EXT_ATTR10"
      ColumnType="VARCHAR2" >
   </ViewAttribute>
   <ViewAttribute
      Name="RowID"
      IsUpdateable="false"
      EntityAttrName="RowID"
      EntityUsage="ODEBillCustDocExecEO"
      AliasName="ROWID"
      ColumnType="VARCHAR2" >
   </ViewAttribute>
   <ViewAttribute
      Name="CustAccountId"
      IsPersistent="false"
      Type="oracle.jbo.domain.Number"
      AliasName="CUST_ACCOUNT_ID"
      ColumnType="VARCHAR2"
      Expression="CUST_ACCOUNT_ID"
      SQLType="NUMERIC" >
      <DesignTime>
         <Attr Name="_DisplaySize" Value="22" />
      </DesignTime>
   </ViewAttribute>
   <ViewAttribute
      Name="FromSite"
      IsPersistent="false"
      Precision="240"
      Type="java.lang.String"
      AliasName="FROM_SITE"
      ColumnType="VARCHAR2"
      Expression="FROM_SITE"
      SQLType="VARCHAR" >
      <DesignTime>
         <Attr Name="_DisplaySize" Value="240" />
      </DesignTime>
   </ViewAttribute>
   <ViewAttribute
      Name="Readonlyflag"
      IsPersistent="false"
      Precision="255"
      Type="java.lang.Boolean"
      AliasName="READ_ONLY_FLAG"
      ColumnType="VARCHAR2"
      Expression="READONLYFLAG"
      SQLType="BIT" >
      <DesignTime>
         <Attr Name="_DisplaySize" Value="22" />
      </DesignTime>
   </ViewAttribute>
</ViewObject>
