<?xml version = '1.0' encoding = 'UTF-8'?>
<dimensions xmlns="http://xmlns.oracle.com/metadata" xml:lang="en-US">
   <dimension id="XXBI_OPP_ORG_NAMES_DIM" objectName="XXBI_OPP_ORG_NAMES_DIM" application="XXCRM" createdBy="539150" creationDate="2010-06-11T21:47:52" lastUpdatedBy="539150" lastUpdateDate="2010-06-11T21:47:52" lastUpdateLogin="12433788" enabled="true" obsolete="false" systemMaintained="false" isTimeDimension="false">
      <displayName id="XXBI_OPP_ORG_NAMES_DIMDisplayNameId">XXBI_OPP_ORG_NAMES_DIM</displayName>
      <description id="XXBI_OPP_ORG_NAMES_DIMDescriptionId">Opportunity Org Names</description>
      <dimensionLevels>
         <dimensionLevel id="XXBI_OPP_ORG_NAMES_DO" objectName="XXBI_OPP_ORG_NAMES_DO" application="XXCRM" createdBy="539150" creationDate="2010-06-11T21:47:52" lastUpdatedBy="539150" lastUpdateDate="2010-06-11T21:47:52" lastUpdateLogin="12433788" enabled="true" obsolete="false" systemMaintained="false" graphSortType="VALUE_DESC" allValueLabel="All" compValueLabel="Comparison">
            <displayName id="XXBI_OPP_ORG_NAMES_DODisplayNameId">XXBI_OPP_ORG_NAMES_DO</displayName>
            <description id="XXBI_OPP_ORG_NAMES_DODescriptionId">Opportunity Org Names</description>
            <valueSource>
               <dataSource>
                  <table>XXBI_OPP_ORG_NAMES_DIM_V</table>
               </dataSource>
               <column columnName="ID"/>
               <prototypeData>
                  <character id="XXBI_OPP_ORG_NAMES_DOPrototypeData" prefix="XXBI_OPP"/>
               </prototypeData>
            </valueSource>
            <idColumn columnName="ID"/>
            <nameColumn columnName="NAME"/>
            <sortColumn columnName="NAME"/>
            <dimensionLevelRelationships/>
         </dimensionLevel>
      </dimensionLevels>
   </dimension>
   <dimension id="XXBI_OPP_FRCST_AMT_RANG_DIM" objectName="XXBI_OPP_FRCST_AMT_RANG_DIM" application="XXCRM" createdBy="263403" creationDate="2010-09-30T17:26:06" lastUpdatedBy="263403" lastUpdateDate="2010-09-30T17:26:06" lastUpdateLogin="13214273" enabled="true" obsolete="false" systemMaintained="false" isTimeDimension="false">
      <displayName id="XXBI_OPP_FRCST_AMT_RANG_DIMDisplayNameId">XXBI_OPP_FRCST_AMT_RANG_DIM</displayName>
      <dimensionLevels>
         <dimensionLevel id="XXBI_OPP_FRCST_AMT_RANG_DO" objectName="XXBI_OPP_FRCST_AMT_RANG_DO" application="XXCRM" createdBy="263403" creationDate="2010-09-30T17:26:08" lastUpdatedBy="263403" lastUpdateDate="2010-09-30T17:26:09" lastUpdateLogin="13214273" enabled="true" obsolete="false" systemMaintained="false" graphSortType="VALUE_DESC" allValueLabel="All" compValueLabel="Comparison">
            <displayName id="XXBI_OPP_FRCST_AMT_RANG_DODisplayNameId">XXBI_OPP_FRCST_AMT_RANG_DO</displayName>
            <valueSource>
               <dataSource>
                  <table>XXBI_OPP_FRCST_AMT_RANG_DIM_V</table>
               </dataSource>
               <column columnName="ID"/>
               <prototypeData>
                  <character id="XXBI_OPP_FRCST_AMT_RANG_DOPrototypeData" prefix="XXBI_OPP"/>
               </prototypeData>
            </valueSource>
            <idColumn columnName="ID"/>
            <nameColumn columnName="NAME"/>
            <sortColumn columnName="NAME"/>
            <dimensionLevelRelationships/>
         </dimensionLevel>
      </dimensionLevels>
   </dimension>
   <dimension id="XXBI_OPPTY_STATUS_DIM" objectName="XXBI_OPPTY_STATUS_DIM" application="XXCRM" createdBy="996429" creationDate="2009-06-09T12:16:30" lastUpdatedBy="996429" lastUpdateDate="2009-06-09T12:16:30" lastUpdateLogin="5807056" enabled="true" obsolete="false" systemMaintained="false" isTimeDimension="false">
      <displayName id="XXBI_OPPTY_STATUS_DIMDisplayNameId">XXBI_OPPTY_STATUS_DIM</displayName>
      <description id="XXBI_OPPTY_STATUS_DIMDescriptionId">OD: Opportunity Status Dim</description>
      <dimensionLevels>
         <dimensionLevel id="XXBI_OPPTY_STATUS_DO" objectName="XXBI_OPPTY_STATUS_DO" application="XXCRM" createdBy="996429" creationDate="2009-06-09T12:16:30" lastUpdatedBy="263403" lastUpdateDate="2010-10-05T17:39:59" lastUpdateLogin="13225085" enabled="true" obsolete="false" systemMaintained="false" graphSortType="VALUE_DESC" allValueLabel="All" compValueLabel="Comparison">
            <displayName id="XXBI_OPPTY_STATUS_DODisplayNameId">XXBI_OPPTY_STATUS_DO</displayName>
            <description id="XXBI_OPPTY_STATUS_DODescriptionId">OD: Opportunity Status DO</description>
            <valueSource>
               <dataSource>
                  <table>XXBI_OPPTY_STATUS_DIM_V</table>
               </dataSource>
               <column columnName="ID"/>
               <prototypeData>
                  <character id="XXBI_OPPTY_STATUS_DOPrototypeData" prefix="XXBI_OPP"/>
               </prototypeData>
            </valueSource>
            <idColumn columnName="ID"/>
            <nameColumn columnName="NAME"/>
            <sortColumn columnName="NAME"/>
            <defaultValue>
               <literal>IN_PROGRESS</literal>
            </defaultValue>
            <dimensionLevelRelationships/>
         </dimensionLevel>
      </dimensionLevels>
   </dimension>
   <dimension id="XXBI_OPP_ORG_NUMBERS_DIM" objectName="XXBI_OPP_ORG_NUMBERS_DIM" application="XXCRM" createdBy="539150" creationDate="2010-06-11T21:47:52" lastUpdatedBy="539150" lastUpdateDate="2010-06-11T21:47:52" lastUpdateLogin="12433788" enabled="true" obsolete="false" systemMaintained="false" isTimeDimension="false">
      <displayName id="XXBI_OPP_ORG_NUMBERS_DIMDisplayNameId">XXBI_OPP_ORG_NUMBERS_DIM</displayName>
      <description id="XXBI_OPP_ORG_NUMBERS_DIMDescriptionId">Opportunity Org Numbers</description>
      <dimensionLevels>
         <dimensionLevel id="XXBI_OPP_ORG_NUMBERS_DO" objectName="XXBI_OPP_ORG_NUMBERS_DO" application="XXCRM" createdBy="539150" creationDate="2010-06-11T21:47:52" lastUpdatedBy="539150" lastUpdateDate="2010-06-11T21:47:52" lastUpdateLogin="12433788" enabled="true" obsolete="false" systemMaintained="false" graphSortType="VALUE_DESC" allValueLabel="All" compValueLabel="Comparison">
            <displayName id="XXBI_OPP_ORG_NUMBERS_DODisplayNameId">XXBI_OPP_ORG_NUMBERS_DO</displayName>
            <description id="XXBI_OPP_ORG_NUMBERS_DODescriptionId">Opportunity Org Numbers</description>
            <valueSource>
               <dataSource>
                  <table>XXBI_OPP_ORG_NUMBERS_DIM_V</table>
               </dataSource>
               <column columnName="ID"/>
               <prototypeData>
                  <character id="XXBI_OPP_ORG_NUMBERS_DOPrototypeData" prefix="XXBI_OPP"/>
               </prototypeData>
            </valueSource>
            <idColumn columnName="ID"/>
            <nameColumn columnName="NAME"/>
            <sortColumn columnName="NAME"/>
            <dimensionLevelRelationships/>
         </dimensionLevel>
      </dimensionLevels>
   </dimension>
   <dimension id="XXBI_OPP_SRM_RANG_DIM" objectName="XXBI_OPP_SRM_RANG_DIM" application="XXCRM" createdBy="263403" creationDate="2010-09-30T17:26:10" lastUpdatedBy="263403" lastUpdateDate="2010-09-30T17:26:10" lastUpdateLogin="13214273" enabled="true" obsolete="false" systemMaintained="false" isTimeDimension="false">
      <displayName id="XXBI_OPP_SRM_RANG_DIMDisplayNameId">XXBI_OPP_SRM_RANG_DIM</displayName>
      <description id="XXBI_OPP_SRM_RANG_DIMDescriptionId">Opportunity sales rep margin</description>
      <dimensionLevels>
         <dimensionLevel id="XXBI_OPP_SRM_RANG_DO" objectName="XXBI_OPP_SRM_RANG_DO" application="XXCRM" createdBy="263403" creationDate="2010-09-30T17:26:10" lastUpdatedBy="263403" lastUpdateDate="2010-09-30T17:26:10" lastUpdateLogin="13214273" enabled="true" obsolete="false" systemMaintained="false" graphSortType="VALUE_DESC" allValueLabel="All" compValueLabel="Comparison">
            <displayName id="XXBI_OPP_SRM_RANG_DODisplayNameId">XXBI_OPP_SRM_RANG_DO</displayName>
            <description id="XXBI_OPP_SRM_RANG_DODescriptionId">Opportunity sales rep margin</description>
            <valueSource>
               <dataSource>
                  <viewObjectName>XXBI_OPP_SRM_RANG_DIM_V</viewObjectName>
                  <table>XXBI_OPP_SRM_RANG_DIM_V</table>
               </dataSource>
               <column columnName="ID"/>
               <prototypeData>
                  <character id="XXBI_OPP_SRM_RANG_DOPrototypeData" prefix="XXBI_OPP"/>
               </prototypeData>
            </valueSource>
            <idColumn columnName="ID"/>
            <nameColumn columnName="NAME"/>
            <sortColumn columnName="NAME"/>
            <dimensionLevelRelationships/>
         </dimensionLevel>
      </dimensionLevels>
   </dimension>
   <dimension id="XXBI_OPPTY_AGE_BUCKETS_DIM" objectName="XXBI_OPPTY_AGE_BUCKETS_DIM" application="XXCRM" createdBy="996429" creationDate="2009-06-09T12:16:30" lastUpdatedBy="996429" lastUpdateDate="2009-06-09T12:16:30" lastUpdateLogin="5807056" enabled="true" obsolete="false" systemMaintained="false" isTimeDimension="false">
      <displayName id="XXBI_OPPTY_AGE_BUCKETS_DIMDisplayNameId">XXBI_OPPTY_AGE_BUCKETS_DIM</displayName>
      <description id="XXBI_OPPTY_AGE_BUCKETS_DIMDescriptionId">OD: Opportunity Age Buckets Dim</description>
      <dimensionLevels>
         <dimensionLevel id="XXBI_OPPTY_AGE_BUCKETS_DO" objectName="XXBI_OPPTY_AGE_BUCKETS_DO" application="XXCRM" createdBy="996429" creationDate="2009-06-09T12:16:30" lastUpdatedBy="996429" lastUpdateDate="2009-06-09T12:16:30" lastUpdateLogin="5807056" enabled="true" obsolete="false" systemMaintained="false" graphSortType="VALUE_DESC" allValueLabel="All" compValueLabel="Comparison">
            <displayName id="XXBI_OPPTY_AGE_BUCKETS_DODisplayNameId">XXBI_OPPTY_AGE_BUCKETS_DO</displayName>
            <description id="XXBI_OPPTY_AGE_BUCKETS_DODescriptionId">OD: Opportunity Age Buckets Dimension Object
</description>
            <valueSource>
               <dataSource>
                  <table>XXBI_OPPTY_AGE_BUCKETS_MV</table>
               </dataSource>
               <column columnName="ID"/>
               <prototypeData>
                  <character id="XXBI_OPPTY_AGE_BUCKETS_DOPrototypeData" prefix="XXBI_OPP"/>
               </prototypeData>
            </valueSource>
            <idColumn columnName="ID"/>
            <nameColumn columnName="NAME"/>
            <sortColumn columnName="NAME"/>
            <dimensionLevelRelationships/>
         </dimensionLevel>
      </dimensionLevels>
   </dimension>
   <dimension id="XXBI_CUST_CLASSIFICATION_DIM" objectName="XXBI_CUST_CLASSIFICATION_DIM" application="XXCRM" createdBy="539150" creationDate="2010-06-11T21:22:05" lastUpdatedBy="539150" lastUpdateDate="2010-06-11T21:22:05" lastUpdateLogin="12433788" enabled="true" obsolete="false" systemMaintained="false" isTimeDimension="false">
      <displayName id="XXBI_CUST_CLASSIFICATION_DIMDisplayNameId">XXBI_CUST_CLASSIFICATION_DIM</displayName>
      <description id="XXBI_CUST_CLASSIFICATION_DIMDescriptionId">Customer or Prospect</description>
      <dimensionLevels>
         <dimensionLevel id="XXBI_CUST_CLASSIFICATION_DO" objectName="XXBI_CUST_CLASSIFICATION_DO" application="XXCRM" createdBy="539150" creationDate="2010-06-11T21:22:05" lastUpdatedBy="539150" lastUpdateDate="2010-06-11T21:22:05" lastUpdateLogin="12433788" enabled="true" obsolete="false" systemMaintained="false" graphSortType="VALUE_DESC" allValueLabel="All" compValueLabel="Comparison">
            <displayName id="XXBI_CUST_CLASSIFICATION_DODisplayNameId">Customer/Prospect</displayName>
            <description id="XXBI_CUST_CLASSIFICATION_DODescriptionId">Customer or Prospect</description>
            <valueSource>
               <dataSource>
                  <table>XXBI_CUST_CLASSIFICATION_DIM_V</table>
               </dataSource>
               <column columnName="ID"/>
               <prototypeData>
                  <character id="XXBI_CUST_CLASSIFICATION_DOPrototypeData" prefix="XXBI_CUS"/>
               </prototypeData>
            </valueSource>
            <idColumn columnName="ID"/>
            <nameColumn columnName="NAME"/>
            <sortColumn columnName="NAME"/>
            <dimensionLevelRelationships/>
         </dimensionLevel>
      </dimensionLevels>
   </dimension>
   <dimension id="XXBI_SOURCE_PROMOTIONS_DIM" objectName="XXBI_SOURCE_PROMOTIONS_DIM" application="XXCRM" createdBy="996429" creationDate="2009-06-09T12:14:24" lastUpdatedBy="996429" lastUpdateDate="2009-06-09T12:14:24" lastUpdateLogin="5807056" enabled="true" obsolete="false" systemMaintained="false" isTimeDimension="false">
      <displayName id="XXBI_SOURCE_PROMOTIONS_DIMDisplayNameId">XXBI_SOURCE_PROMOTIONS_DIM</displayName>
      <dimensionLevels>
         <dimensionLevel id="XXBI_SOURCE_PROMOTIONS_DO" objectName="XXBI_SOURCE_PROMOTIONS_DO" application="XXCRM" createdBy="996429" creationDate="2009-06-09T12:14:24" lastUpdatedBy="996429" lastUpdateDate="2009-06-09T12:14:24" lastUpdateLogin="5807056" enabled="true" obsolete="false" systemMaintained="false" graphSortType="VALUE_DESC" allValueLabel="All" compValueLabel="Comparison">
            <displayName id="XXBI_SOURCE_PROMOTIONS_DODisplayNameId">XXBI_SOURCE_PROMOTIONS_DO</displayName>
            <description id="XXBI_SOURCE_PROMOTIONS_DODescriptionId">Source Promotion Dimension For Leads
</description>
            <valueSource>
               <dataSource>
                  <table>XXBI_SOURCE_PROMOTIONS_DIM_V</table>
               </dataSource>
               <column columnName="ID"/>
               <prototypeData>
                  <character id="XXBI_SOURCE_PROMOTIONS_DOPrototypeData" prefix="XXBI_SOU"/>
               </prototypeData>
            </valueSource>
            <idColumn columnName="ID"/>
            <nameColumn columnName="NAME"/>
            <sortColumn columnName="NAME"/>
            <dimensionLevelRelationships/>
         </dimensionLevel>
      </dimensionLevels>
   </dimension>
   <dimension id="XXBI_REP_DIM" objectName="XXBI_REP_DIM" application="XXCRM" createdBy="539150" creationDate="2010-06-11T21:22:06" lastUpdatedBy="539150" lastUpdateDate="2010-06-11T21:22:06" lastUpdateLogin="12433788" enabled="true" obsolete="false" systemMaintained="false" isTimeDimension="false">
      <displayName id="XXBI_REP_DIMDisplayNameId">XXBI_REP_DIM</displayName>
      <description id="XXBI_REP_DIMDescriptionId">Sales hierachy reps (member level  only)</description>
      <dimensionLevels>
         <dimensionLevel id="XXBI_REP_DO" objectName="XXBI_REP_DO" application="XXCRM" createdBy="539150" creationDate="2010-06-11T21:22:07" lastUpdatedBy="539150" lastUpdateDate="2010-06-11T21:22:07" lastUpdateLogin="12433788" enabled="true" obsolete="false" systemMaintained="false" graphSortType="VALUE_DESC" allValueLabel="All" compValueLabel="Comparison">
            <displayName id="XXBI_REP_DODisplayNameId">Sales Rep</displayName>
            <description id="XXBI_REP_DODescriptionId">Sales reps (member level only)</description>
            <valueSource>
               <dataSource>
                  <table>XXBI_REP_DIM_V</table>
               </dataSource>
               <column columnName="ID"/>
               <prototypeData>
                  <character id="XXBI_REP_DOPrototypeData" prefix="XXBI_REP"/>
               </prototypeData>
            </valueSource>
            <idColumn columnName="ID"/>
            <nameColumn columnName="NAME"/>
            <sortColumn columnName="NAME"/>
            <dimensionLevelRelationships/>
         </dimensionLevel>
      </dimensionLevels>
   </dimension>
   <dimension id="XXBI_OPP_NAMES_DIM" objectName="XXBI_OPP_NAMES_DIM" application="XXCRM" createdBy="539150" creationDate="2010-06-11T21:47:53" lastUpdatedBy="539150" lastUpdateDate="2010-06-11T21:47:53" lastUpdateLogin="12433788" enabled="true" obsolete="false" systemMaintained="false" isTimeDimension="false">
      <displayName id="XXBI_OPP_NAMES_DIMDisplayNameId">XXBI_OPP_NAMES_DIM</displayName>
      <description id="XXBI_OPP_NAMES_DIMDescriptionId">Opportunity Names</description>
      <dimensionLevels>
         <dimensionLevel id="XXBI_OPP_NAMES_DO" objectName="XXBI_OPP_NAMES_DO" application="XXCRM" createdBy="539150" creationDate="2010-06-11T21:47:53" lastUpdatedBy="539150" lastUpdateDate="2010-06-11T21:47:53" lastUpdateLogin="12433788" enabled="true" obsolete="false" systemMaintained="false" graphSortType="VALUE_DESC" allValueLabel="All" compValueLabel="Comparison">
            <displayName id="XXBI_OPP_NAMES_DODisplayNameId">XXBI_OPP_NAMES_DO</displayName>
            <description id="XXBI_OPP_NAMES_DODescriptionId">Opportunity Names</description>
            <valueSource>
               <dataSource>
                  <table>XXBI_OPP_NAMES_DIM_V</table>
               </dataSource>
               <column columnName="ID"/>
               <prototypeData>
                  <character id="XXBI_OPP_NAMES_DOPrototypeData" prefix="XXBI_OPP"/>
               </prototypeData>
            </valueSource>
            <idColumn columnName="ID"/>
            <nameColumn columnName="NAME"/>
            <sortColumn columnName="NAME"/>
            <dimensionLevelRelationships/>
         </dimensionLevel>
      </dimensionLevels>
   </dimension>
   <dimension id="XXBI_OPP_LINE_COMPTTR_DIM" objectName="XXBI_OPP_LINE_COMPTTR_DIM" application="XXCRM" createdBy="263403" creationDate="2010-09-30T17:26:11" lastUpdatedBy="263403" lastUpdateDate="2010-09-30T17:26:11" lastUpdateLogin="13214273" enabled="true" obsolete="false" systemMaintained="false" isTimeDimension="false">
      <displayName id="XXBI_OPP_LINE_COMPTTR_DIMDisplayNameId">XXBI_OPP_LINE_COMPTTR_DIM</displayName>
      <description id="XXBI_OPP_LINE_COMPTTR_DIMDescriptionId">Ppportunity product level competitor</description>
      <dimensionLevels>
         <dimensionLevel id="XXBI_OPP_LINE_COMPTTR_DO" objectName="XXBI_OPP_LINE_COMPTTR_DO" application="XXCRM" createdBy="263403" creationDate="2010-09-30T17:26:11" lastUpdatedBy="263403" lastUpdateDate="2010-09-30T17:26:11" lastUpdateLogin="13214273" enabled="true" obsolete="false" systemMaintained="false" graphSortType="VALUE_DESC" allValueLabel="All" compValueLabel="Comparison">
            <displayName id="XXBI_OPP_LINE_COMPTTR_DODisplayNameId">XXBI_OPP_LINE_COMPTTR_DO</displayName>
            <description id="XXBI_OPP_LINE_COMPTTR_DODescriptionId">Opportunity product level competitor</description>
            <valueSource>
               <dataSource>
                  <viewObjectName>XXBI_OPP_LINE_COMPTTR_DIM_V</viewObjectName>
                  <table>XXBI_OPP_LINE_COMPTTR_DIM_V</table>
               </dataSource>
               <column columnName="ID"/>
               <prototypeData>
                  <character id="XXBI_OPP_LINE_COMPTTR_DOPrototypeData" prefix="XXBI_OPP"/>
               </prototypeData>
            </valueSource>
            <idColumn columnName="ID"/>
            <nameColumn columnName="NAME"/>
            <sortColumn columnName="NAME"/>
            <dimensionLevelRelationships/>
         </dimensionLevel>
      </dimensionLevels>
   </dimension>
   <dimension id="XXBI_MNGR_LVL1_DIM" objectName="XXBI_MNGR_LVL1_DIM" application="XXCRM" createdBy="539150" creationDate="2010-06-11T21:22:06" lastUpdatedBy="539150" lastUpdateDate="2010-06-11T21:22:06" lastUpdateLogin="12433788" enabled="true" obsolete="false" systemMaintained="false" isTimeDimension="false">
      <displayName id="XXBI_MNGR_LVL1_DIMDisplayNameId">XXBI_MNGR_LVL1_DIM</displayName>
      <description id="XXBI_MNGR_LVL1_DIMDescriptionId">Sales hierarchy first level manager</description>
      <dimensionLevels>
         <dimensionLevel id="XXBI_MNGR_LVL1_DO" objectName="XXBI_MNGR_LVL1_DO" application="XXCRM" createdBy="539150" creationDate="2010-06-11T21:22:06" lastUpdatedBy="539150" lastUpdateDate="2010-06-11T21:22:06" lastUpdateLogin="12433788" enabled="true" obsolete="false" systemMaintained="false" graphSortType="VALUE_DESC" allValueLabel="All" compValueLabel="Comparison">
            <displayName id="XXBI_MNGR_LVL1_DODisplayNameId">MGR1</displayName>
            <description id="XXBI_MNGR_LVL1_DODescriptionId">Sales hierarchy first level manager</description>
            <valueSource>
               <dataSource>
                  <table>XXBI_MNGR_LVL1_DIM_V</table>
               </dataSource>
               <column columnName="ID"/>
               <prototypeData>
                  <character id="XXBI_MNGR_LVL1_DOPrototypeData" prefix="XXBI_MNG"/>
               </prototypeData>
            </valueSource>
            <idColumn columnName="ID"/>
            <nameColumn columnName="NAME"/>
            <sortColumn columnName="NAME"/>
            <dimensionLevelRelationships/>
         </dimensionLevel>
      </dimensionLevels>
   </dimension>
   <dimension id="XXBI_OPP_NUMBER_DIM" objectName="XXBI_OPP_NUMBER_DIM" application="XXCRM" createdBy="263403" creationDate="2010-09-30T17:26:11" lastUpdatedBy="263403" lastUpdateDate="2010-09-30T17:26:11" lastUpdateLogin="13214273" enabled="true" obsolete="false" systemMaintained="false" isTimeDimension="false">
      <displayName id="XXBI_OPP_NUMBER_DIMDisplayNameId">XXBI_OPP_NUMBER_DIM</displayName>
      <description id="XXBI_OPP_NUMBER_DIMDescriptionId">Opportunity Number</description>
      <dimensionLevels>
         <dimensionLevel id="XXBI_OPP_NUMBER_DO" objectName="XXBI_OPP_NUMBER_DO" application="XXCRM" createdBy="263403" creationDate="2010-09-30T17:26:11" lastUpdatedBy="263403" lastUpdateDate="2010-10-05T18:02:27" lastUpdateLogin="13225085" enabled="true" obsolete="false" systemMaintained="false" largeLOV="true" graphSortType="VALUE_DESC" allValueLabel="All" compValueLabel="Comparison">
            <displayName id="XXBI_OPP_NUMBER_DODisplayNameId">XXBI_OPP_NUMBER_DO</displayName>
            <description id="XXBI_OPP_NUMBER_DODescriptionId">Opporunity Number</description>
            <valueSource>
               <dataSource>
                  <viewObjectName>XXBI_OPP_NUMBER_DIM_V</viewObjectName>
                  <table>XXBI_OPP_NUMBER_DIM_V</table>
               </dataSource>
               <column columnName="ID"/>
               <prototypeData>
                  <character id="XXBI_OPP_NUMBER_DOPrototypeData" prefix="XXBI_OPP"/>
               </prototypeData>
            </valueSource>
            <idColumn columnName="ID"/>
            <nameColumn columnName="NAME"/>
            <sortColumn columnName="NAME"/>
            <dimensionLevelRelationships/>
         </dimensionLevel>
      </dimensionLevels>
   </dimension>
   <dimension id="XXBI_OPPTY_PROD_CAT_DIM" objectName="XXBI_OPPTY_PROD_CAT_DIM" application="XXCRM" createdBy="263403" creationDate="2010-09-30T17:26:11" lastUpdatedBy="263403" lastUpdateDate="2010-09-30T17:26:11" lastUpdateLogin="13214273" enabled="true" obsolete="false" systemMaintained="false" isTimeDimension="false">
      <displayName id="XXBI_OPPTY_PROD_CAT_DIMDisplayNameId">XXBI_OPPTY_PROD_CAT_DIM</displayName>
      <description id="XXBI_OPPTY_PROD_CAT_DIMDescriptionId">Opportunity product category</description>
      <dimensionLevels>
         <dimensionLevel id="XXBI_OPPTY_PROD_CAT_DO" objectName="XXBI_OPPTY_PROD_CAT_DO" application="XXCRM" createdBy="263403" creationDate="2010-09-30T17:26:11" lastUpdatedBy="263403" lastUpdateDate="2010-09-30T17:26:11" lastUpdateLogin="13214273" enabled="true" obsolete="false" systemMaintained="false" graphSortType="VALUE_DESC" allValueLabel="All" compValueLabel="Comparison">
            <displayName id="XXBI_OPPTY_PROD_CAT_DODisplayNameId">XXBI_OPPTY_PROD_CAT_DO</displayName>
            <description id="XXBI_OPPTY_PROD_CAT_DODescriptionId">Opportunity product category</description>
            <valueSource>
               <dataSource>
                  <viewObjectName>XXBI_OPPTY_PROD_CAT_DIM_V</viewObjectName>
                  <table>XXBI_OPPTY_PROD_CAT_DIM_V</table>
               </dataSource>
               <column columnName="ID"/>
               <prototypeData>
                  <character id="XXBI_OPPTY_PROD_CAT_DOPrototypeData" prefix="XXBI_OPP"/>
               </prototypeData>
            </valueSource>
            <idColumn columnName="ID"/>
            <nameColumn columnName="NAME"/>
            <sortColumn columnName="NAME"/>
            <dimensionLevelRelationships/>
         </dimensionLevel>
      </dimensionLevels>
   </dimension>
   <dimension id="XXBI_MNGR_LVL2_DIM" objectName="XXBI_MNGR_LVL2_DIM" application="XXCRM" createdBy="539150" creationDate="2010-06-11T21:22:05" lastUpdatedBy="539150" lastUpdateDate="2010-06-11T21:22:05" lastUpdateLogin="12433788" enabled="true" obsolete="false" systemMaintained="false" isTimeDimension="false">
      <displayName id="XXBI_MNGR_LVL2_DIMDisplayNameId">XXBI_MNGR_LVL2_DIM</displayName>
      <description id="XXBI_MNGR_LVL2_DIMDescriptionId">Sales hierarchy second level managers</description>
      <dimensionLevels>
         <dimensionLevel id="XXBI_MNGR_LVL2_DO" objectName="XXBI_MNGR_LVL2_DO" application="XXCRM" createdBy="539150" creationDate="2010-06-11T21:22:06" lastUpdatedBy="539150" lastUpdateDate="2010-06-11T21:22:06" lastUpdateLogin="12433788" enabled="true" obsolete="false" systemMaintained="false" graphSortType="VALUE_DESC" allValueLabel="All" compValueLabel="Comparison">
            <displayName id="XXBI_MNGR_LVL2_DODisplayNameId">MGR2</displayName>
            <description id="XXBI_MNGR_LVL2_DODescriptionId">Sales hierarchy second level manager</description>
            <valueSource>
               <dataSource>
                  <table>XXBI_MNGR_LVL2_DIM_V</table>
               </dataSource>
               <column columnName="ID"/>
               <prototypeData>
                  <character id="XXBI_MNGR_LVL2_DOPrototypeData" prefix="XXBI_MNG"/>
               </prototypeData>
            </valueSource>
            <idColumn columnName="ID"/>
            <nameColumn columnName="NAME"/>
            <sortColumn columnName="NAME"/>
            <dimensionLevelRelationships/>
         </dimensionLevel>
      </dimensionLevels>
   </dimension>
   <dimension id="XXBI_SALES_STAGES_DIM" objectName="XXBI_SALES_STAGES_DIM" application="XXCRM" createdBy="263403" creationDate="2010-09-30T17:26:11" lastUpdatedBy="263403" lastUpdateDate="2010-09-30T17:26:11" lastUpdateLogin="13214273" enabled="true" obsolete="false" systemMaintained="false" isTimeDimension="false">
      <displayName id="XXBI_SALES_STAGES_DIMDisplayNameId">XXBI_SALES_STAGES_DIM</displayName>
      <description id="XXBI_SALES_STAGES_DIMDescriptionId">Sales Stages</description>
      <dimensionLevels>
         <dimensionLevel id="XXBI_SALES_STAGES_DO" objectName="XXBI_SALES_STAGES_DO" application="XXCRM" createdBy="263403" creationDate="2010-09-30T17:26:11" lastUpdatedBy="263403" lastUpdateDate="2010-09-30T17:26:11" lastUpdateLogin="13214273" enabled="true" obsolete="false" systemMaintained="false" graphSortType="VALUE_DESC" allValueLabel="All" compValueLabel="Comparison">
            <displayName id="XXBI_SALES_STAGES_DODisplayNameId">XXBI_SALES_STAGES_DO</displayName>
            <description id="XXBI_SALES_STAGES_DODescriptionId">Sales Stages</description>
            <valueSource>
               <dataSource>
                  <viewObjectName>XXBI_SALES_STAGES_DIM_V</viewObjectName>
                  <table>XXBI_SALES_STAGES_DIM_V</table>
               </dataSource>
               <column columnName="ID"/>
               <prototypeData>
                  <character id="XXBI_SALES_STAGES_DOPrototypeData" prefix="XXBI_SAL"/>
               </prototypeData>
            </valueSource>
            <idColumn columnName="ID"/>
            <nameColumn columnName="NAME"/>
            <sortColumn columnName="NAME"/>
            <dimensionLevelRelationships/>
         </dimensionLevel>
      </dimensionLevels>
   </dimension>
   <dimension id="XXBI_OPP_CLOSE_DATE_RANG_DIM" objectName="XXBI_OPP_CLOSE_DATE_RANG_DIM" application="XXCRM" createdBy="263403" creationDate="2010-09-30T17:26:11" lastUpdatedBy="263403" lastUpdateDate="2010-09-30T17:26:11" lastUpdateLogin="13214273" enabled="true" obsolete="false" systemMaintained="false" isTimeDimension="false">
      <displayName id="XXBI_OPP_CLOSE_DATE_RANG_DIMDisplayNameId">XXBI_OPP_CLOSE_DATE_RANG_DIM</displayName>
      <dimensionLevels>
         <dimensionLevel id="XXBI_OPP_CLOSE_DATE_RANG_DO" objectName="XXBI_OPP_CLOSE_DATE_RANG_DO" application="XXCRM" createdBy="263403" creationDate="2010-09-30T17:26:11" lastUpdatedBy="263403" lastUpdateDate="2010-10-05T17:37:54" lastUpdateLogin="13225085" enabled="true" obsolete="false" systemMaintained="false" graphSortType="VALUE_DESC" allValueLabel="All" compValueLabel="Comparison">
            <displayName id="XXBI_OPP_CLOSE_DATE_RANG_DODisplayNameId">XXBI_OPP_CLOSE_DATE_RANG_DO</displayName>
            <description id="XXBI_OPP_CLOSE_DATE_RANG_DODescriptionId">XXBI_OPP_CLOSE_DATE_RANG_DO</description>
            <valueSource>
               <dataSource>
                  <table>XXBI_OPP_CLOSE_DATE_RANG_DIM_V</table>
               </dataSource>
               <column columnName="ID"/>
               <prototypeData>
                  <character id="XXBI_OPP_CLOSE_DATE_RANG_DOPrototypeData" prefix="XXBI_OPP"/>
               </prototypeData>
            </valueSource>
            <idColumn columnName="ID"/>
            <nameColumn columnName="NAME"/>
            <sortColumn columnName="NAME"/>
            <defaultValue>
               <literal>BUCKET1</literal>
            </defaultValue>
            <dimensionLevelRelationships/>
         </dimensionLevel>
      </dimensionLevels>
   </dimension>
   <dimension id="XXBI_MNGR_LVL3_DIM" objectName="XXBI_MNGR_LVL3_DIM" application="XXCRM" createdBy="539150" creationDate="2010-06-11T21:22:05" lastUpdatedBy="539150" lastUpdateDate="2010-06-11T21:22:05" lastUpdateLogin="12433788" enabled="true" obsolete="false" systemMaintained="false" isTimeDimension="false">
      <displayName id="XXBI_MNGR_LVL3_DIMDisplayNameId">XXBI_MNGR_LVL3_DIM</displayName>
      <description id="XXBI_MNGR_LVL3_DIMDescriptionId">Sales hierarchy third level managers</description>
      <dimensionLevels>
         <dimensionLevel id="XXBI_MNGR_LVL3_DO" objectName="XXBI_MNGR_LVL3_DO" application="XXCRM" createdBy="539150" creationDate="2010-06-11T21:22:05" lastUpdatedBy="539150" lastUpdateDate="2010-06-11T21:22:05" lastUpdateLogin="12433788" enabled="true" obsolete="false" systemMaintained="false" graphSortType="VALUE_DESC" allValueLabel="All" compValueLabel="Comparison">
            <displayName id="XXBI_MNGR_LVL3_DODisplayNameId">MGR3</displayName>
            <description id="XXBI_MNGR_LVL3_DODescriptionId">Sales hierarchy third level manager</description>
            <valueSource>
               <dataSource>
                  <table>XXBI_MNGR_LVL3_DIM_V</table>
               </dataSource>
               <column columnName="ID"/>
               <prototypeData>
                  <character id="XXBI_MNGR_LVL3_DOPrototypeData" prefix="XXBI_MNG"/>
               </prototypeData>
            </valueSource>
            <idColumn columnName="ID"/>
            <nameColumn columnName="NAME"/>
            <sortColumn columnName="NAME"/>
            <dimensionLevelRelationships/>
         </dimensionLevel>
      </dimensionLevels>
   </dimension>
   <dimension id="XXBI_OPPTY_WIN_PRBLT_DIM" objectName="XXBI_OPPTY_WIN_PRBLT_DIM" application="XXCRM" createdBy="539150" creationDate="2010-06-11T21:47:52" lastUpdatedBy="539150" lastUpdateDate="2010-06-11T21:47:52" lastUpdateLogin="12433788" enabled="true" obsolete="false" systemMaintained="false" isTimeDimension="false">
      <displayName id="XXBI_OPPTY_WIN_PRBLT_DIMDisplayNameId">XXBI_OPPTY_WIN_PRBLT_DIM</displayName>
      <description id="XXBI_OPPTY_WIN_PRBLT_DIMDescriptionId">Opportunity Win Probability</description>
      <dimensionLevels>
         <dimensionLevel id="XXBI_OPPTY_WIN_PRBLT_DO" objectName="XXBI_OPPTY_WIN_PRBLT_DO" application="XXCRM" createdBy="539150" creationDate="2010-06-11T21:47:52" lastUpdatedBy="539150" lastUpdateDate="2010-06-11T21:47:52" lastUpdateLogin="12433788" enabled="true" obsolete="false" systemMaintained="false" graphSortType="VALUE_DESC" allValueLabel="All" compValueLabel="Comparison">
            <displayName id="XXBI_OPPTY_WIN_PRBLT_DODisplayNameId">XXBI_OPPTY_WIN_PRBLT_DO</displayName>
            <description id="XXBI_OPPTY_WIN_PRBLT_DODescriptionId">Opportunity Win Probability</description>
            <valueSource>
               <dataSource>
                  <table>XXBI_OPPTY_WIN_PRBLT_V</table>
               </dataSource>
               <column columnName="ID"/>
               <prototypeData>
                  <character id="XXBI_OPPTY_WIN_PRBLT_DOPrototypeData" prefix="XXBI_OPP"/>
               </prototypeData>
            </valueSource>
            <idColumn columnName="ID"/>
            <nameColumn columnName="NAME"/>
            <sortColumn columnName="NAME"/>
            <dimensionLevelRelationships/>
         </dimensionLevel>
      </dimensionLevels>
   </dimension>
   <dimension id="XXBI_OPPTY_CLOSE_REASON_DIM" objectName="XXBI_OPPTY_CLOSE_REASON_DIM" application="XXCRM" createdBy="996429" creationDate="2009-06-09T12:16:30" lastUpdatedBy="996429" lastUpdateDate="2009-06-09T12:16:30" lastUpdateLogin="5807056" enabled="true" obsolete="false" systemMaintained="false" isTimeDimension="false">
      <displayName id="XXBI_OPPTY_CLOSE_REASON_DIMDisplayNameId">XXBI_OPPTY_CLOSE_REASON_DIM</displayName>
      <description id="XXBI_OPPTY_CLOSE_REASON_DIMDescriptionId">OD: Opportunity Close Reasons</description>
      <dimensionLevels>
         <dimensionLevel id="XXBI_OPPTY_CLOSE_REASON_DO" objectName="XXBI_OPPTY_CLOSE_REASON_DO" application="XXCRM" createdBy="996429" creationDate="2009-06-09T12:16:30" lastUpdatedBy="996429" lastUpdateDate="2009-06-09T12:16:30" lastUpdateLogin="5807056" enabled="true" obsolete="false" systemMaintained="false" graphSortType="VALUE_DESC" allValueLabel="All" compValueLabel="Comparison">
            <displayName id="XXBI_OPPTY_CLOSE_REASON_DODisplayNameId">XXBI_OPPTY_CLOSE_REASON_DO</displayName>
            <description id="XXBI_OPPTY_CLOSE_REASON_DODescriptionId">OD: Opportunity Close Reasons DO</description>
            <valueSource>
               <dataSource>
                  <table>XXBI_OPPTY_CLOSE_REASON_DIM_V</table>
               </dataSource>
               <column columnName="ID"/>
               <prototypeData>
                  <character id="XXBI_OPPTY_CLOSE_REASON_DOPrototypeData" prefix="XXBI_OPP"/>
               </prototypeData>
            </valueSource>
            <idColumn columnName="ID"/>
            <nameColumn columnName="NAME"/>
            <sortColumn columnName="NAME"/>
            <dimensionLevelRelationships/>
         </dimensionLevel>
      </dimensionLevels>
   </dimension>
   <dimension id="XXBI_MEMBER_ROLES_DIM" objectName="XXBI_MEMBER_ROLES_DIM" application="XXCRM" createdBy="539150" creationDate="2010-06-11T21:22:07" lastUpdatedBy="539150" lastUpdateDate="2010-06-11T21:22:07" lastUpdateLogin="12433788" enabled="true" obsolete="false" systemMaintained="false" isTimeDimension="false">
      <displayName id="XXBI_MEMBER_ROLES_DIMDisplayNameId">XXBI_MEMBER_ROLES_DIM</displayName>
      <description id="XXBI_MEMBER_ROLES_DIMDescriptionId">Sales Member Roles</description>
      <dimensionLevels>
         <dimensionLevel id="XXBI_MEMBER_ROLES_DO" objectName="XXBI_MEMBER_ROLES_DO" application="XXCRM" createdBy="539150" creationDate="2010-06-11T21:22:07" lastUpdatedBy="539150" lastUpdateDate="2010-06-11T21:22:07" lastUpdateLogin="12433788" enabled="true" obsolete="false" systemMaintained="false" graphSortType="VALUE_DESC" allValueLabel="All" compValueLabel="Comparison">
            <displayName id="XXBI_MEMBER_ROLES_DODisplayNameId">Role Name</displayName>
            <description id="XXBI_MEMBER_ROLES_DODescriptionId">Sales Member Roles</description>
            <valueSource>
               <dataSource>
                  <table>XXBI_MEMBER_ROLES_DIM_V</table>
               </dataSource>
               <column columnName="ID"/>
               <prototypeData>
                  <character id="XXBI_MEMBER_ROLES_DOPrototypeData" prefix="XXBI_MEM"/>
               </prototypeData>
            </valueSource>
            <idColumn columnName="ID"/>
            <nameColumn columnName="NAME"/>
            <sortColumn columnName="NAME"/>
            <dimensionLevelRelationships/>
         </dimensionLevel>
      </dimensionLevels>
   </dimension>
   <dimension id="XXBI_OPPTY_AMT_RANGES_DIM" objectName="XXBI_OPPTY_AMT_RANGES_DIM" application="XXCRM" createdBy="539150" creationDate="2010-06-11T21:47:52" lastUpdatedBy="539150" lastUpdateDate="2010-06-11T21:47:52" lastUpdateLogin="12433788" enabled="true" obsolete="false" systemMaintained="false" isTimeDimension="false">
      <displayName id="XXBI_OPPTY_AMT_RANGES_DIMDisplayNameId">XXBI_OPPTY_AMT_RANGES_DIM</displayName>
      <description id="XXBI_OPPTY_AMT_RANGES_DIMDescriptionId">Opportunity Amount Ranges</description>
      <dimensionLevels>
         <dimensionLevel id="XXBI_OPPTY_AMT_RANGES_DO" objectName="XXBI_OPPTY_AMT_RANGES_DO" application="XXCRM" createdBy="539150" creationDate="2010-06-11T21:47:52" lastUpdatedBy="539150" lastUpdateDate="2010-06-11T21:47:52" lastUpdateLogin="12433788" enabled="true" obsolete="false" systemMaintained="false" graphSortType="VALUE_ASC" allValueLabel="All" compValueLabel="Comparison">
            <displayName id="XXBI_OPPTY_AMT_RANGES_DODisplayNameId">XXBI_OPPTY_AMT_RANGES_DO</displayName>
            <description id="XXBI_OPPTY_AMT_RANGES_DODescriptionId">Opportunity Amount Ranges</description>
            <valueSource>
               <dataSource>
                  <table>XXBI_OPPTY_AMT_RANGES_DIM_V</table>
               </dataSource>
               <column columnName="ID"/>
               <prototypeData>
                  <character id="XXBI_OPPTY_AMT_RANGES_DOPrototypeData" prefix="XXBI_OPP"/>
               </prototypeData>
            </valueSource>
            <idColumn columnName="ID"/>
            <nameColumn columnName="NAME"/>
            <sortColumn columnName="NAME"/>
            <dimensionLevelRelationships/>
         </dimensionLevel>
      </dimensionLevels>
   </dimension>
   <dimension id="XXBI_OPP_CREATED_BY_DIM" objectName="XXBI_OPP_CREATED_BY_DIM" application="XXCRM" createdBy="263403" creationDate="2010-09-30T17:26:12" lastUpdatedBy="263403" lastUpdateDate="2010-09-30T17:26:12" lastUpdateLogin="13214273" enabled="true" obsolete="false" systemMaintained="false" isTimeDimension="false">
      <displayName id="XXBI_OPP_CREATED_BY_DIMDisplayNameId">XXBI_OPP_CREATED_BY_DIM</displayName>
      <description id="XXBI_OPP_CREATED_BY_DIMDescriptionId">Opportunity created by</description>
      <dimensionLevels>
         <dimensionLevel id="XXBI_OPP_CREATED_BY_DO" objectName="XXBI_OPP_CREATED_BY_DO" application="XXCRM" createdBy="263403" creationDate="2010-09-30T17:26:12" lastUpdatedBy="263403" lastUpdateDate="2010-09-30T17:26:12" lastUpdateLogin="13214273" enabled="true" obsolete="false" systemMaintained="false" largeLOV="true" graphSortType="VALUE_DESC" allValueLabel="All" compValueLabel="Comparison">
            <displayName id="XXBI_OPP_CREATED_BY_DODisplayNameId">XXBI_OPP_CREATED_BY_DO</displayName>
            <description id="XXBI_OPP_CREATED_BY_DODescriptionId">Oportunity created by</description>
            <valueSource>
               <dataSource>
                  <table>XXBI_OPP_CREATED_BY_DIM_V</table>
               </dataSource>
               <column columnName="ID"/>
               <prototypeData>
                  <character id="XXBI_OPP_CREATED_BY_DOPrototypeData" prefix="XXBI_OPP"/>
               </prototypeData>
            </valueSource>
            <idColumn columnName="ID"/>
            <nameColumn columnName="NAME"/>
            <sortColumn columnName="NAME"/>
            <dimensionLevelRelationships/>
         </dimensionLevel>
      </dimensionLevels>
   </dimension>
   <parameterGroups>
      <parameterGroup id="XXBI_OPP_ORG_NAMES_DIM" objectName="XXBI_OPP_ORG_NAMES_DIM" enabled="true" obsolete="false">
         <displayName id="XXBI_OPP_ORG_NAMES_DIMDisplayNameId">XXBI_OPP_ORG_NAMES_DIM</displayName>
         <description id="XXBI_OPP_ORG_NAMES_DIMDescriptionId">Opportunity Org Names</description>
         <parameters>
            <parameter dimensionName="XXBI_OPP_ORG_NAMES_DIM" dimensionLevelName="XXBI_OPP_ORG_NAMES_DO" allEnabled="true" viewByEnabled="true" displayTypeWhenAllValuesInParent="DISPLAY" displayTypeWhenNoValuesAvailable="DISPLAY" whereClause="">
               <defaultValue>
                  <literal>ALL</literal>
               </defaultValue>
            </parameter>
         </parameters>
      </parameterGroup>
      <parameterGroup id="XXBI_OPP_FRCST_AMT_RANG_DIM" objectName="XXBI_OPP_FRCST_AMT_RANG_DIM" enabled="true" obsolete="false">
         <displayName id="XXBI_OPP_FRCST_AMT_RANG_DIMDisplayNameId">XXBI_OPP_FRCST_AMT_RANG_DIM</displayName>
         <description id="XXBI_OPP_FRCST_AMT_RANG_DIMDescriptionId"/>
         <parameters>
            <parameter dimensionName="XXBI_OPP_FRCST_AMT_RANG_DIM" dimensionLevelName="XXBI_OPP_FRCST_AMT_RANG_DO" allEnabled="true" viewByEnabled="true" displayTypeWhenAllValuesInParent="DISPLAY" displayTypeWhenNoValuesAvailable="DISPLAY" whereClause="">
               <defaultValue>
                  <literal>ALL</literal>
               </defaultValue>
            </parameter>
         </parameters>
      </parameterGroup>
      <parameterGroup id="XXBI_OPPTY_STATUS_DIM" objectName="XXBI_OPPTY_STATUS_DIM" enabled="true" obsolete="false">
         <displayName id="XXBI_OPPTY_STATUS_DIMDisplayNameId">XXBI_OPPTY_STATUS_DIM</displayName>
         <description id="XXBI_OPPTY_STATUS_DIMDescriptionId">OD: Opportunity Status Dim</description>
         <parameters>
            <parameter dimensionName="XXBI_OPPTY_STATUS_DIM" dimensionLevelName="XXBI_OPPTY_STATUS_DO" allEnabled="true" viewByEnabled="true" displayTypeWhenAllValuesInParent="DISPLAY" displayTypeWhenNoValuesAvailable="DISPLAY" whereClause="">
               <defaultValue>
                  <literal>ALL</literal>
               </defaultValue>
            </parameter>
         </parameters>
      </parameterGroup>
      <parameterGroup id="XXBI_OPP_ORG_NUMBERS_DIM" objectName="XXBI_OPP_ORG_NUMBERS_DIM" enabled="true" obsolete="false">
         <displayName id="XXBI_OPP_ORG_NUMBERS_DIMDisplayNameId">XXBI_OPP_ORG_NUMBERS_DIM</displayName>
         <description id="XXBI_OPP_ORG_NUMBERS_DIMDescriptionId">Opportunity Org Numbers</description>
         <parameters>
            <parameter dimensionName="XXBI_OPP_ORG_NUMBERS_DIM" dimensionLevelName="XXBI_OPP_ORG_NUMBERS_DO" allEnabled="true" viewByEnabled="true" displayTypeWhenAllValuesInParent="DISPLAY" displayTypeWhenNoValuesAvailable="DISPLAY" whereClause="">
               <defaultValue>
                  <literal>ALL</literal>
               </defaultValue>
            </parameter>
         </parameters>
      </parameterGroup>
      <parameterGroup id="XXBI_OPP_SRM_RANG_DIM" objectName="XXBI_OPP_SRM_RANG_DIM" enabled="true" obsolete="false">
         <displayName id="XXBI_OPP_SRM_RANG_DIMDisplayNameId">XXBI_OPP_SRM_RANG_DIM</displayName>
         <description id="XXBI_OPP_SRM_RANG_DIMDescriptionId">Opportunity sales rep margin</description>
         <parameters>
            <parameter dimensionName="XXBI_OPP_SRM_RANG_DIM" dimensionLevelName="XXBI_OPP_SRM_RANG_DO" allEnabled="true" viewByEnabled="true" displayTypeWhenAllValuesInParent="DISPLAY" displayTypeWhenNoValuesAvailable="DISPLAY" whereClause="">
               <defaultValue>
                  <literal>ALL</literal>
               </defaultValue>
            </parameter>
         </parameters>
      </parameterGroup>
      <parameterGroup id="XXBI_OPPTY_AGE_BUCKETS_DIM" objectName="XXBI_OPPTY_AGE_BUCKETS_DIM" enabled="true" obsolete="false">
         <displayName id="XXBI_OPPTY_AGE_BUCKETS_DIMDisplayNameId">XXBI_OPPTY_AGE_BUCKETS_DIM</displayName>
         <description id="XXBI_OPPTY_AGE_BUCKETS_DIMDescriptionId">OD: Opportunity Age Buckets Dim</description>
         <parameters>
            <parameter dimensionName="XXBI_OPPTY_AGE_BUCKETS_DIM" dimensionLevelName="XXBI_OPPTY_AGE_BUCKETS_DO" allEnabled="true" viewByEnabled="true" displayTypeWhenAllValuesInParent="DISPLAY" displayTypeWhenNoValuesAvailable="DISPLAY" whereClause="">
               <defaultValue>
                  <literal>ALL</literal>
               </defaultValue>
            </parameter>
         </parameters>
      </parameterGroup>
      <parameterGroup id="XXBI_CUST_CLASSIFICATION_DIM" objectName="XXBI_CUST_CLASSIFICATION_DIM" enabled="true" obsolete="false">
         <displayName id="XXBI_CUST_CLASSIFICATION_DIMDisplayNameId">XXBI_CUST_CLASSIFICATION_DIM</displayName>
         <description id="XXBI_CUST_CLASSIFICATION_DIMDescriptionId">Customer or Prospect</description>
         <parameters>
            <parameter dimensionName="XXBI_CUST_CLASSIFICATION_DIM" dimensionLevelName="XXBI_CUST_CLASSIFICATION_DO" allEnabled="true" viewByEnabled="true" displayTypeWhenAllValuesInParent="DISPLAY" displayTypeWhenNoValuesAvailable="DISPLAY" whereClause="">
               <defaultValue>
                  <literal>ALL</literal>
               </defaultValue>
            </parameter>
         </parameters>
      </parameterGroup>
      <parameterGroup id="XXBI_SOURCE_PROMOTIONS_DIM" objectName="XXBI_SOURCE_PROMOTIONS_DIM" enabled="true" obsolete="false">
         <displayName id="XXBI_SOURCE_PROMOTIONS_DIMDisplayNameId">XXBI_SOURCE_PROMOTIONS_DIM</displayName>
         <description id="XXBI_SOURCE_PROMOTIONS_DIMDescriptionId"/>
         <parameters>
            <parameter dimensionName="XXBI_SOURCE_PROMOTIONS_DIM" dimensionLevelName="XXBI_SOURCE_PROMOTIONS_DO" allEnabled="true" viewByEnabled="true" displayTypeWhenAllValuesInParent="DISPLAY" displayTypeWhenNoValuesAvailable="DISPLAY" whereClause="">
               <defaultValue>
                  <literal>ALL</literal>
               </defaultValue>
            </parameter>
         </parameters>
      </parameterGroup>
      <parameterGroup id="XXBI_REP_DIM" objectName="XXBI_REP_DIM" enabled="true" obsolete="false">
         <displayName id="XXBI_REP_DIMDisplayNameId">XXBI_REP_DIM</displayName>
         <description id="XXBI_REP_DIMDescriptionId">Sales hierachy reps (member level  only)</description>
         <parameters>
            <parameter dimensionName="XXBI_REP_DIM" dimensionLevelName="XXBI_REP_DO" allEnabled="true" viewByEnabled="true" displayTypeWhenAllValuesInParent="DISPLAY" displayTypeWhenNoValuesAvailable="DISPLAY" whereClause="">
               <defaultValue>
                  <literal>ALL</literal>
               </defaultValue>
            </parameter>
         </parameters>
      </parameterGroup>
      <parameterGroup id="XXBI_OPP_NAMES_DIM" objectName="XXBI_OPP_NAMES_DIM" enabled="true" obsolete="false">
         <displayName id="XXBI_OPP_NAMES_DIMDisplayNameId">XXBI_OPP_NAMES_DIM</displayName>
         <description id="XXBI_OPP_NAMES_DIMDescriptionId">Opportunity Names</description>
         <parameters>
            <parameter dimensionName="XXBI_OPP_NAMES_DIM" dimensionLevelName="XXBI_OPP_NAMES_DO" allEnabled="true" viewByEnabled="true" displayTypeWhenAllValuesInParent="DISPLAY" displayTypeWhenNoValuesAvailable="DISPLAY" whereClause="">
               <defaultValue>
                  <literal>ALL</literal>
               </defaultValue>
            </parameter>
         </parameters>
      </parameterGroup>
      <parameterGroup id="XXBI_OPP_LINE_COMPTTR_DIM" objectName="XXBI_OPP_LINE_COMPTTR_DIM" enabled="true" obsolete="false">
         <displayName id="XXBI_OPP_LINE_COMPTTR_DIMDisplayNameId">XXBI_OPP_LINE_COMPTTR_DIM</displayName>
         <description id="XXBI_OPP_LINE_COMPTTR_DIMDescriptionId">Ppportunity product level competitor</description>
         <parameters>
            <parameter dimensionName="XXBI_OPP_LINE_COMPTTR_DIM" dimensionLevelName="XXBI_OPP_LINE_COMPTTR_DO" allEnabled="true" viewByEnabled="true" displayTypeWhenAllValuesInParent="DISPLAY" displayTypeWhenNoValuesAvailable="DISPLAY" whereClause="">
               <defaultValue>
                  <literal>ALL</literal>
               </defaultValue>
            </parameter>
         </parameters>
      </parameterGroup>
      <parameterGroup id="XXBI_MNGR_LVL1_DIM" objectName="XXBI_MNGR_LVL1_DIM" enabled="true" obsolete="false">
         <displayName id="XXBI_MNGR_LVL1_DIMDisplayNameId">XXBI_MNGR_LVL1_DIM</displayName>
         <description id="XXBI_MNGR_LVL1_DIMDescriptionId">Sales hierarchy first level manager</description>
         <parameters>
            <parameter dimensionName="XXBI_MNGR_LVL1_DIM" dimensionLevelName="XXBI_MNGR_LVL1_DO" allEnabled="true" viewByEnabled="true" displayTypeWhenAllValuesInParent="DISPLAY" displayTypeWhenNoValuesAvailable="DISPLAY" whereClause="">
               <defaultValue>
                  <literal>ALL</literal>
               </defaultValue>
            </parameter>
         </parameters>
      </parameterGroup>
      <parameterGroup id="XXBI_OPP_NUMBER_DIM" objectName="XXBI_OPP_NUMBER_DIM" enabled="true" obsolete="false">
         <displayName id="XXBI_OPP_NUMBER_DIMDisplayNameId">XXBI_OPP_NUMBER_DIM</displayName>
         <description id="XXBI_OPP_NUMBER_DIMDescriptionId">Opportunity Number</description>
         <parameters>
            <parameter dimensionName="XXBI_OPP_NUMBER_DIM" dimensionLevelName="XXBI_OPP_NUMBER_DO" allEnabled="true" viewByEnabled="true" displayTypeWhenAllValuesInParent="DISPLAY" displayTypeWhenNoValuesAvailable="DISPLAY" whereClause="">
               <defaultValue>
                  <literal>ALL</literal>
               </defaultValue>
            </parameter>
         </parameters>
      </parameterGroup>
      <parameterGroup id="XXBI_OPPTY_PROD_CAT_DIM" objectName="XXBI_OPPTY_PROD_CAT_DIM" enabled="true" obsolete="false">
         <displayName id="XXBI_OPPTY_PROD_CAT_DIMDisplayNameId">XXBI_OPPTY_PROD_CAT_DIM</displayName>
         <description id="XXBI_OPPTY_PROD_CAT_DIMDescriptionId">Opportunity product category</description>
         <parameters>
            <parameter dimensionName="XXBI_OPPTY_PROD_CAT_DIM" dimensionLevelName="XXBI_OPPTY_PROD_CAT_DO" allEnabled="true" viewByEnabled="true" displayTypeWhenAllValuesInParent="DISPLAY" displayTypeWhenNoValuesAvailable="DISPLAY" whereClause="">
               <defaultValue>
                  <literal>ALL</literal>
               </defaultValue>
            </parameter>
         </parameters>
      </parameterGroup>
      <parameterGroup id="XXBI_MNGR_LVL2_DIM" objectName="XXBI_MNGR_LVL2_DIM" enabled="true" obsolete="false">
         <displayName id="XXBI_MNGR_LVL2_DIMDisplayNameId">XXBI_MNGR_LVL2_DIM</displayName>
         <description id="XXBI_MNGR_LVL2_DIMDescriptionId">Sales hierarchy second level managers</description>
         <parameters>
            <parameter dimensionName="XXBI_MNGR_LVL2_DIM" dimensionLevelName="XXBI_MNGR_LVL2_DO" allEnabled="true" viewByEnabled="true" displayTypeWhenAllValuesInParent="DISPLAY" displayTypeWhenNoValuesAvailable="DISPLAY" whereClause="">
               <defaultValue>
                  <literal>ALL</literal>
               </defaultValue>
            </parameter>
         </parameters>
      </parameterGroup>
      <parameterGroup id="XXBI_SALES_STAGES_DIM" objectName="XXBI_SALES_STAGES_DIM" enabled="true" obsolete="false">
         <displayName id="XXBI_SALES_STAGES_DIMDisplayNameId">XXBI_SALES_STAGES_DIM</displayName>
         <description id="XXBI_SALES_STAGES_DIMDescriptionId">Sales Stages</description>
         <parameters>
            <parameter dimensionName="XXBI_SALES_STAGES_DIM" dimensionLevelName="XXBI_SALES_STAGES_DO" allEnabled="true" viewByEnabled="true" displayTypeWhenAllValuesInParent="DISPLAY" displayTypeWhenNoValuesAvailable="DISPLAY" whereClause="">
               <defaultValue>
                  <literal>ALL</literal>
               </defaultValue>
            </parameter>
         </parameters>
      </parameterGroup>
      <parameterGroup id="XXBI_OPP_CLOSE_DATE_RANG_DIM" objectName="XXBI_OPP_CLOSE_DATE_RANG_DIM" enabled="true" obsolete="false">
         <displayName id="XXBI_OPP_CLOSE_DATE_RANG_DIMDisplayNameId">XXBI_OPP_CLOSE_DATE_RANG_DIM</displayName>
         <description id="XXBI_OPP_CLOSE_DATE_RANG_DIMDescriptionId"/>
         <parameters>
            <parameter dimensionName="XXBI_OPP_CLOSE_DATE_RANG_DIM" dimensionLevelName="XXBI_OPP_CLOSE_DATE_RANG_DO" allEnabled="true" viewByEnabled="true" displayTypeWhenAllValuesInParent="DISPLAY" displayTypeWhenNoValuesAvailable="DISPLAY" whereClause="">
               <defaultValue>
                  <literal>ALL</literal>
               </defaultValue>
            </parameter>
         </parameters>
      </parameterGroup>
      <parameterGroup id="XXBI_MNGR_LVL3_DIM" objectName="XXBI_MNGR_LVL3_DIM" enabled="true" obsolete="false">
         <displayName id="XXBI_MNGR_LVL3_DIMDisplayNameId">XXBI_MNGR_LVL3_DIM</displayName>
         <description id="XXBI_MNGR_LVL3_DIMDescriptionId">Sales hierarchy third level managers</description>
         <parameters>
            <parameter dimensionName="XXBI_MNGR_LVL3_DIM" dimensionLevelName="XXBI_MNGR_LVL3_DO" allEnabled="true" viewByEnabled="true" displayTypeWhenAllValuesInParent="DISPLAY" displayTypeWhenNoValuesAvailable="DISPLAY" whereClause="">
               <defaultValue>
                  <literal>ALL</literal>
               </defaultValue>
            </parameter>
         </parameters>
      </parameterGroup>
      <parameterGroup id="XXBI_OPPTY_WIN_PRBLT_DIM" objectName="XXBI_OPPTY_WIN_PRBLT_DIM" enabled="true" obsolete="false">
         <displayName id="XXBI_OPPTY_WIN_PRBLT_DIMDisplayNameId">XXBI_OPPTY_WIN_PRBLT_DIM</displayName>
         <description id="XXBI_OPPTY_WIN_PRBLT_DIMDescriptionId">Opportunity Win Probability</description>
         <parameters>
            <parameter dimensionName="XXBI_OPPTY_WIN_PRBLT_DIM" dimensionLevelName="XXBI_OPPTY_WIN_PRBLT_DO" allEnabled="true" viewByEnabled="true" displayTypeWhenAllValuesInParent="DISPLAY" displayTypeWhenNoValuesAvailable="DISPLAY" whereClause="">
               <defaultValue>
                  <literal>ALL</literal>
               </defaultValue>
            </parameter>
         </parameters>
      </parameterGroup>
      <parameterGroup id="XXBI_OPPTY_CLOSE_REASON_DIM" objectName="XXBI_OPPTY_CLOSE_REASON_DIM" enabled="true" obsolete="false">
         <displayName id="XXBI_OPPTY_CLOSE_REASON_DIMDisplayNameId">XXBI_OPPTY_CLOSE_REASON_DIM</displayName>
         <description id="XXBI_OPPTY_CLOSE_REASON_DIMDescriptionId">OD: Opportunity Close Reasons</description>
         <parameters>
            <parameter dimensionName="XXBI_OPPTY_CLOSE_REASON_DIM" dimensionLevelName="XXBI_OPPTY_CLOSE_REASON_DO" allEnabled="true" viewByEnabled="true" displayTypeWhenAllValuesInParent="DISPLAY" displayTypeWhenNoValuesAvailable="DISPLAY" whereClause="">
               <defaultValue>
                  <literal>ALL</literal>
               </defaultValue>
            </parameter>
         </parameters>
      </parameterGroup>
      <parameterGroup id="XXBI_MEMBER_ROLES_DIM" objectName="XXBI_MEMBER_ROLES_DIM" enabled="true" obsolete="false">
         <displayName id="XXBI_MEMBER_ROLES_DIMDisplayNameId">XXBI_MEMBER_ROLES_DIM</displayName>
         <description id="XXBI_MEMBER_ROLES_DIMDescriptionId">Sales Member Roles</description>
         <parameters>
            <parameter dimensionName="XXBI_MEMBER_ROLES_DIM" dimensionLevelName="XXBI_MEMBER_ROLES_DO" allEnabled="true" viewByEnabled="true" displayTypeWhenAllValuesInParent="DISPLAY" displayTypeWhenNoValuesAvailable="DISPLAY" whereClause="">
               <defaultValue>
                  <literal>ALL</literal>
               </defaultValue>
            </parameter>
         </parameters>
      </parameterGroup>
      <parameterGroup id="XXBI_OPPTY_AMT_RANGES_DIM" objectName="XXBI_OPPTY_AMT_RANGES_DIM" enabled="true" obsolete="false">
         <displayName id="XXBI_OPPTY_AMT_RANGES_DIMDisplayNameId">XXBI_OPPTY_AMT_RANGES_DIM</displayName>
         <description id="XXBI_OPPTY_AMT_RANGES_DIMDescriptionId">Opportunity Amount Ranges</description>
         <parameters>
            <parameter dimensionName="XXBI_OPPTY_AMT_RANGES_DIM" dimensionLevelName="XXBI_OPPTY_AMT_RANGES_DO" allEnabled="true" viewByEnabled="true" displayTypeWhenAllValuesInParent="DISPLAY" displayTypeWhenNoValuesAvailable="DISPLAY" whereClause="">
               <defaultValue>
                  <literal>ALL</literal>
               </defaultValue>
            </parameter>
         </parameters>
      </parameterGroup>
      <parameterGroup id="XXBI_OPP_CREATED_BY_DIM" objectName="XXBI_OPP_CREATED_BY_DIM" enabled="true" obsolete="false">
         <displayName id="XXBI_OPP_CREATED_BY_DIMDisplayNameId">XXBI_OPP_CREATED_BY_DIM</displayName>
         <description id="XXBI_OPP_CREATED_BY_DIMDescriptionId">Opportunity created by</description>
         <parameters>
            <parameter dimensionName="XXBI_OPP_CREATED_BY_DIM" dimensionLevelName="XXBI_OPP_CREATED_BY_DO" allEnabled="true" viewByEnabled="true" displayTypeWhenAllValuesInParent="DISPLAY" displayTypeWhenNoValuesAvailable="DISPLAY" whereClause="">
               <defaultValue>
                  <literal>ALL</literal>
               </defaultValue>
            </parameter>
         </parameters>
      </parameterGroup>
      <parameterGroup id="XXBI_OPPTY_RPRT_DTL_MGR" objectName="XXBI_OPPTY_RPRT_DTL_MGR" enabled="true" obsolete="false">
         <displayName id="XXBI_OPPTY_RPRT_DTL_MGRDisplayNameId">Opportunities Detail</displayName>
         <description id="XXBI_OPPTY_RPRT_DTL_MGRDescriptionId"/>
         <parameters>
            <parameter dimensionName="XXBI_OPP_ORG_NAMES_DIM" dimensionLevelName="XXBI_OPP_ORG_NAMES_DO" allEnabled="true" viewByEnabled="true" displayTypeWhenAllValuesInParent="DISPLAY" displayTypeWhenNoValuesAvailable="DISPLAY" whereClause="">
               <defaultValue>
                  <literal>ALL</literal>
               </defaultValue>
            </parameter>
            <parameter dimensionName="XXBI_OPP_FRCST_AMT_RANG_DIM" dimensionLevelName="XXBI_OPP_FRCST_AMT_RANG_DO" allEnabled="true" viewByEnabled="true" displayTypeWhenAllValuesInParent="DISPLAY" displayTypeWhenNoValuesAvailable="DISPLAY" whereClause="">
               <defaultValue>
                  <literal>ALL</literal>
               </defaultValue>
            </parameter>
            <parameter dimensionName="XXBI_OPPTY_STATUS_DIM" dimensionLevelName="XXBI_OPPTY_STATUS_DO" allEnabled="true" viewByEnabled="true" displayTypeWhenAllValuesInParent="DISPLAY" displayTypeWhenNoValuesAvailable="DISPLAY" whereClause="">
               <defaultValue>
                  <literal>ALL</literal>
               </defaultValue>
            </parameter>
            <parameter dimensionName="XXBI_OPP_ORG_NUMBERS_DIM" dimensionLevelName="XXBI_OPP_ORG_NUMBERS_DO" allEnabled="true" viewByEnabled="true" displayTypeWhenAllValuesInParent="DISPLAY" displayTypeWhenNoValuesAvailable="DISPLAY" whereClause="">
               <defaultValue>
                  <literal>ALL</literal>
               </defaultValue>
            </parameter>
            <parameter dimensionName="XXBI_OPP_SRM_RANG_DIM" dimensionLevelName="XXBI_OPP_SRM_RANG_DO" allEnabled="true" viewByEnabled="true" displayTypeWhenAllValuesInParent="DISPLAY" displayTypeWhenNoValuesAvailable="DISPLAY" whereClause="">
               <defaultValue>
                  <literal>ALL</literal>
               </defaultValue>
            </parameter>
            <parameter dimensionName="XXBI_OPPTY_AGE_BUCKETS_DIM" dimensionLevelName="XXBI_OPPTY_AGE_BUCKETS_DO" allEnabled="true" viewByEnabled="true" displayTypeWhenAllValuesInParent="DISPLAY" displayTypeWhenNoValuesAvailable="DISPLAY" whereClause="">
               <defaultValue>
                  <literal>ALL</literal>
               </defaultValue>
            </parameter>
            <parameter dimensionName="XXBI_CUST_CLASSIFICATION_DIM" dimensionLevelName="XXBI_CUST_CLASSIFICATION_DO" allEnabled="true" viewByEnabled="true" displayTypeWhenAllValuesInParent="DISPLAY" displayTypeWhenNoValuesAvailable="DISPLAY" whereClause="">
               <defaultValue>
                  <literal>ALL</literal>
               </defaultValue>
            </parameter>
            <parameter dimensionName="XXBI_SOURCE_PROMOTIONS_DIM" dimensionLevelName="XXBI_SOURCE_PROMOTIONS_DO" allEnabled="true" viewByEnabled="true" displayTypeWhenAllValuesInParent="DISPLAY" displayTypeWhenNoValuesAvailable="DISPLAY" whereClause="">
               <defaultValue>
                  <literal>ALL</literal>
               </defaultValue>
            </parameter>
            <parameter dimensionName="XXBI_REP_DIM" dimensionLevelName="XXBI_REP_DO" allEnabled="true" viewByEnabled="true" displayTypeWhenAllValuesInParent="DISPLAY" displayTypeWhenNoValuesAvailable="DISPLAY" whereClause="">
               <defaultValue>
                  <literal>ALL</literal>
               </defaultValue>
            </parameter>
            <parameter dimensionName="XXBI_OPP_NAMES_DIM" dimensionLevelName="XXBI_OPP_NAMES_DO" allEnabled="true" viewByEnabled="true" displayTypeWhenAllValuesInParent="DISPLAY" displayTypeWhenNoValuesAvailable="DISPLAY" whereClause="">
               <defaultValue>
                  <literal>ALL</literal>
               </defaultValue>
            </parameter>
            <parameter dimensionName="XXBI_OPP_LINE_COMPTTR_DIM" dimensionLevelName="XXBI_OPP_LINE_COMPTTR_DO" allEnabled="true" viewByEnabled="true" displayTypeWhenAllValuesInParent="DISPLAY" displayTypeWhenNoValuesAvailable="DISPLAY" whereClause="">
               <defaultValue>
                  <literal>ALL</literal>
               </defaultValue>
            </parameter>
            <parameter dimensionName="XXBI_MNGR_LVL1_DIM" dimensionLevelName="XXBI_MNGR_LVL1_DO" allEnabled="true" viewByEnabled="true" displayTypeWhenAllValuesInParent="DISPLAY" displayTypeWhenNoValuesAvailable="DISPLAY" whereClause="">
               <defaultValue>
                  <literal>ALL</literal>
               </defaultValue>
            </parameter>
            <parameter dimensionName="XXBI_OPP_NUMBER_DIM" dimensionLevelName="XXBI_OPP_NUMBER_DO" allEnabled="true" viewByEnabled="true" displayTypeWhenAllValuesInParent="DISPLAY" displayTypeWhenNoValuesAvailable="DISPLAY" whereClause="">
               <defaultValue>
                  <literal>ALL</literal>
               </defaultValue>
            </parameter>
            <parameter dimensionName="XXBI_OPPTY_PROD_CAT_DIM" dimensionLevelName="XXBI_OPPTY_PROD_CAT_DO" allEnabled="true" viewByEnabled="true" displayTypeWhenAllValuesInParent="DISPLAY" displayTypeWhenNoValuesAvailable="DISPLAY" whereClause="">
               <defaultValue>
                  <literal>ALL</literal>
               </defaultValue>
            </parameter>
            <parameter dimensionName="XXBI_MNGR_LVL2_DIM" dimensionLevelName="XXBI_MNGR_LVL2_DO" allEnabled="true" viewByEnabled="true" displayTypeWhenAllValuesInParent="DISPLAY" displayTypeWhenNoValuesAvailable="DISPLAY" whereClause="">
               <defaultValue>
                  <literal>ALL</literal>
               </defaultValue>
            </parameter>
            <parameter dimensionName="XXBI_SALES_STAGES_DIM" dimensionLevelName="XXBI_SALES_STAGES_DO" allEnabled="true" viewByEnabled="true" displayTypeWhenAllValuesInParent="DISPLAY" displayTypeWhenNoValuesAvailable="DISPLAY" whereClause="">
               <defaultValue>
                  <literal>ALL</literal>
               </defaultValue>
            </parameter>
            <parameter dimensionName="XXBI_OPP_CLOSE_DATE_RANG_DIM" dimensionLevelName="XXBI_OPP_CLOSE_DATE_RANG_DO" allEnabled="true" viewByEnabled="true" displayTypeWhenAllValuesInParent="DISPLAY" displayTypeWhenNoValuesAvailable="DISPLAY" whereClause="">
               <defaultValue>
                  <literal>ALL</literal>
               </defaultValue>
            </parameter>
            <parameter dimensionName="XXBI_MNGR_LVL3_DIM" dimensionLevelName="XXBI_MNGR_LVL3_DO" allEnabled="true" viewByEnabled="true" displayTypeWhenAllValuesInParent="DISPLAY" displayTypeWhenNoValuesAvailable="DISPLAY" whereClause="">
               <defaultValue>
                  <literal>ALL</literal>
               </defaultValue>
            </parameter>
            <parameter dimensionName="XXBI_OPPTY_WIN_PRBLT_DIM" dimensionLevelName="XXBI_OPPTY_WIN_PRBLT_DO" allEnabled="true" viewByEnabled="true" displayTypeWhenAllValuesInParent="DISPLAY" displayTypeWhenNoValuesAvailable="DISPLAY" whereClause="">
               <defaultValue>
                  <literal>ALL</literal>
               </defaultValue>
            </parameter>
            <parameter dimensionName="XXBI_OPPTY_CLOSE_REASON_DIM" dimensionLevelName="XXBI_OPPTY_CLOSE_REASON_DO" allEnabled="true" viewByEnabled="true" displayTypeWhenAllValuesInParent="DISPLAY" displayTypeWhenNoValuesAvailable="DISPLAY" whereClause="">
               <defaultValue>
                  <literal>ALL</literal>
               </defaultValue>
            </parameter>
            <parameter dimensionName="XXBI_MEMBER_ROLES_DIM" dimensionLevelName="XXBI_MEMBER_ROLES_DO" allEnabled="true" viewByEnabled="true" displayTypeWhenAllValuesInParent="DISPLAY" displayTypeWhenNoValuesAvailable="DISPLAY" whereClause="">
               <defaultValue>
                  <literal>ALL</literal>
               </defaultValue>
            </parameter>
            <parameter dimensionName="XXBI_OPPTY_AMT_RANGES_DIM" dimensionLevelName="XXBI_OPPTY_AMT_RANGES_DO" allEnabled="true" viewByEnabled="true" displayTypeWhenAllValuesInParent="DISPLAY" displayTypeWhenNoValuesAvailable="DISPLAY" whereClause="">
               <defaultValue>
                  <literal>ALL</literal>
               </defaultValue>
            </parameter>
            <parameter dimensionName="XXBI_OPP_CREATED_BY_DIM" dimensionLevelName="XXBI_OPP_CREATED_BY_DO" allEnabled="true" viewByEnabled="true" displayTypeWhenAllValuesInParent="DISPLAY" displayTypeWhenNoValuesAvailable="DISPLAY" whereClause="">
               <defaultValue>
                  <literal>ALL</literal>
               </defaultValue>
            </parameter>
         </parameters>
      </parameterGroup>
   </parameterGroups>
</dimensions>
