<?xml version = '1.0' encoding = 'UTF-8'?>
<BPELSuitcase>
   <BPELProcess id="I0227_JDAPOS_EBS_In" src="I0227_JDAPOS_EBS_In.bpel">
      <partnerLinkBindings>
         <partnerLinkBinding name="client">
            <property name="wsdlLocation">I0227_JDAPOS_EBS_In.wsdl</property>
         </partnerLinkBinding>
         <partnerLinkBinding name="plDbRead">
            <property name="wsdlLocation">svcJDAPOSRead.wsdl</property>
         </partnerLinkBinding>
      </partnerLinkBindings>
   </BPELProcess>
</BPELSuitcase>
